"mokupuni","moku","ahupuaa","biome_unit","polygon_count"
"Hawaiʻi","Hilo","Alakahi","Agriculture",17
"Hawaiʻi","Hilo","Alakahi","Developed",61
"Hawaiʻi","Hilo","Alakahi","Not Vegetated",3
"Hawaiʻi","Hilo","Alakahi","Wet Forest",91
"Hawaiʻi","Hilo","Alakahi","Wet Grassland",31
"Hawaiʻi","Hilo","Alakahi","Wet Shrubland",46
"Hawaiʻi","Hilo","Aleamai","Agriculture",24
"Hawaiʻi","Hilo","Aleamai","Developed",72
"Hawaiʻi","Hilo","Aleamai","N/A Forest",1
"Hawaiʻi","Hilo","Aleamai","Not Vegetated",1
"Hawaiʻi","Hilo","Aleamai","Wet Forest",58
"Hawaiʻi","Hilo","Aleamai","Wet Grassland",59
"Hawaiʻi","Hilo","Hakalau","Agriculture",55
"Hawaiʻi","Hilo","Hakalau","Developed",329
"Hawaiʻi","Hilo","Hakalau","Mesic Forest",74
"Hawaiʻi","Hilo","Hakalau","Mesic Grassland",1
"Hawaiʻi","Hilo","Hakalau","N/A Forest",2
"Hawaiʻi","Hilo","Hakalau","Not Vegetated",74
"Hawaiʻi","Hilo","Hakalau","Wet Forest",1408
"Hawaiʻi","Hilo","Hakalau","Wet Grassland",87
"Hawaiʻi","Hilo","Hakalau","Wet Shrubland",364
"Hawaiʻi","Hilo","Hakalau","Wetland",1
"Hawaiʻi","Hilo","Haʻikū","Agriculture",5
"Hawaiʻi","Hilo","Haʻikū","Developed",14
"Hawaiʻi","Hilo","Haʻikū","Dry Forest",2
"Hawaiʻi","Hilo","Haʻikū","Not Vegetated",2
"Hawaiʻi","Hilo","Haʻikū","Wet Forest",26
"Hawaiʻi","Hilo","Haʻikū","Wet Grassland",40
"Hawaiʻi","Hilo","Haʻikū","Wet Shrubland",6
"Hawaiʻi","Hilo","Honohina","Agriculture",17
"Hawaiʻi","Hilo","Honohina","Developed",111
"Hawaiʻi","Hilo","Honohina","Mesic Forest",24
"Hawaiʻi","Hilo","Honohina","Mesic Grassland",8
"Hawaiʻi","Hilo","Honohina","Not Vegetated",54
"Hawaiʻi","Hilo","Honohina","Wet Forest",643
"Hawaiʻi","Hilo","Honohina","Wet Grassland",62
"Hawaiʻi","Hilo","Honohina","Wet Shrubland",154
"Hawaiʻi","Hilo","Honohina","Wetland",1
"Hawaiʻi","Hilo","Honomainoa","Agriculture",10
"Hawaiʻi","Hilo","Honomainoa","Developed",20
"Hawaiʻi","Hilo","Honomainoa","Dry Forest",4
"Hawaiʻi","Hilo","Honomainoa","N/A Forest",1
"Hawaiʻi","Hilo","Honomainoa","Not Vegetated",2
"Hawaiʻi","Hilo","Honomainoa","Wet Forest",19
"Hawaiʻi","Hilo","Honomainoa","Wet Grassland",27
"Hawaiʻi","Hilo","Honomainoa","Wet Shrubland",2
"Hawaiʻi","Hilo","Honomū, Kuhua","Agriculture",88
"Hawaiʻi","Hilo","Honomū, Kuhua","Developed",485
"Hawaiʻi","Hilo","Honomū, Kuhua","N/A Forest",9
"Hawaiʻi","Hilo","Honomū, Kuhua","Not Vegetated",82
"Hawaiʻi","Hilo","Honomū, Kuhua","Wet Forest",465
"Hawaiʻi","Hilo","Honomū, Kuhua","Wet Grassland",254
"Hawaiʻi","Hilo","Honomū, Kuhua","Wet Shrubland",115
"Hawaiʻi","Hilo","Humuʻula","Agriculture",87
"Hawaiʻi","Hilo","Humuʻula","Developed",572
"Hawaiʻi","Hilo","Humuʻula","Dry Forest",1272
"Hawaiʻi","Hilo","Humuʻula","Dry Grassland",392
"Hawaiʻi","Hilo","Humuʻula","Dry Shrubland",862
"Hawaiʻi","Hilo","Humuʻula","Mesic Forest",862
"Hawaiʻi","Hilo","Humuʻula","Mesic Grassland",344
"Hawaiʻi","Hilo","Humuʻula","Mesic Shrubland",1306
"Hawaiʻi","Hilo","Humuʻula","N/A Forest",1
"Hawaiʻi","Hilo","Humuʻula","Not Vegetated",1145
"Hawaiʻi","Hilo","Humuʻula","Wet Forest",180
"Hawaiʻi","Hilo","Humuʻula","Wet Grassland",34
"Hawaiʻi","Hilo","Humuʻula","Wet Shrubland",80
"Hawaiʻi","Hilo","Humuʻula","Wetland",2
"Hawaiʻi","Hilo","Kahaliʻi","Agriculture",9
"Hawaiʻi","Hilo","Kahaliʻi","Developed",33
"Hawaiʻi","Hilo","Kahaliʻi","Not Vegetated",5
"Hawaiʻi","Hilo","Kahaliʻi","Wet Forest",5
"Hawaiʻi","Hilo","Kahaliʻi","Wet Grassland",15
"Hawaiʻi","Hilo","Kahoahuna, Paʻana","Agriculture",76
"Hawaiʻi","Hilo","Kahoahuna, Paʻana","Developed",125
"Hawaiʻi","Hilo","Kahoahuna, Paʻana","Dry Forest",7
"Hawaiʻi","Hilo","Kahoahuna, Paʻana","N/A Forest",10
"Hawaiʻi","Hilo","Kahoahuna, Paʻana","Not Vegetated",16
"Hawaiʻi","Hilo","Kahoahuna, Paʻana","Wet Forest",206
"Hawaiʻi","Hilo","Kahoahuna, Paʻana","Wet Grassland",130
"Hawaiʻi","Hilo","Kahoahuna, Paʻana","Wet Shrubland",15
"Hawaiʻi","Hilo","Kahua","Agriculture",17
"Hawaiʻi","Hilo","Kahua","Developed",85
"Hawaiʻi","Hilo","Kahua","Not Vegetated",12
"Hawaiʻi","Hilo","Kahua","Wet Forest",18
"Hawaiʻi","Hilo","Kahua","Wet Grassland",50
"Hawaiʻi","Hilo","Kahua","Wet Shrubland",3
"Hawaiʻi","Hilo","Kaiaʻakea","Agriculture",17
"Hawaiʻi","Hilo","Kaiaʻakea","Developed",19
"Hawaiʻi","Hilo","Kaiaʻakea","Dry Forest",1
"Hawaiʻi","Hilo","Kaiaʻakea","N/A Forest",2
"Hawaiʻi","Hilo","Kaiaʻakea","Not Vegetated",1
"Hawaiʻi","Hilo","Kaiaʻakea","Wet Forest",15
"Hawaiʻi","Hilo","Kaiaʻakea","Wet Grassland",17
"Hawaiʻi","Hilo","Kaiaʻakea","Wet Shrubland",9
"Hawaiʻi","Hilo","Kaihuiki","Agriculture",3
"Hawaiʻi","Hilo","Kaihuiki","Developed",15
"Hawaiʻi","Hilo","Kaihuiki","Not Vegetated",9
"Hawaiʻi","Hilo","Kaihuiki","Wet Forest",10
"Hawaiʻi","Hilo","Kaihuiki","Wet Grassland",14
"Hawaiʻi","Hilo","Kaihuiki","Wet Shrubland",3
"Hawaiʻi","Hilo","Kaiwiki, Maumau","Agriculture",40
"Hawaiʻi","Hilo","Kaiwiki, Maumau","Developed",254
"Hawaiʻi","Hilo","Kaiwiki, Maumau","N/A Forest",1
"Hawaiʻi","Hilo","Kaiwiki, Maumau","Not Vegetated",14
"Hawaiʻi","Hilo","Kaiwiki, Maumau","Wet Forest",209
"Hawaiʻi","Hilo","Kaiwiki, Maumau","Wet Grassland",150
"Hawaiʻi","Hilo","Kaiwiki, Maumau","Wet Shrubland",37
"Hawaiʻi","Hilo","Kaiwikinui","Agriculture",27
"Hawaiʻi","Hilo","Kaiwikinui","Developed",132
"Hawaiʻi","Hilo","Kaiwikinui","N/A Forest",1
"Hawaiʻi","Hilo","Kaiwikinui","Not Vegetated",27
"Hawaiʻi","Hilo","Kaiwikinui","Wet Forest",734
"Hawaiʻi","Hilo","Kaiwikinui","Wet Grassland",98
"Hawaiʻi","Hilo","Kaiwikinui","Wet Shrubland",227
"Hawaiʻi","Hilo","Kalalau","Agriculture",29
"Hawaiʻi","Hilo","Kalalau","Developed",54
"Hawaiʻi","Hilo","Kalalau","N/A Forest",2
"Hawaiʻi","Hilo","Kalalau","Not Vegetated",17
"Hawaiʻi","Hilo","Kalalau","Wet Forest",113
"Hawaiʻi","Hilo","Kalalau","Wet Grassland",89
"Hawaiʻi","Hilo","Kalalau","Wet Shrubland",8
"Hawaiʻi","Hilo","Kalaoa","Agriculture",18
"Hawaiʻi","Hilo","Kalaoa","Developed",78
"Hawaiʻi","Hilo","Kalaoa","N/A Forest",1
"Hawaiʻi","Hilo","Kalaoa","Not Vegetated",8
"Hawaiʻi","Hilo","Kalaoa","Wet Forest",35
"Hawaiʻi","Hilo","Kalaoa","Wet Grassland",34
"Hawaiʻi","Hilo","Kalaoa","Wet Shrubland",5
"Hawaiʻi","Hilo","Kamaʻeʻe","Agriculture",37
"Hawaiʻi","Hilo","Kamaʻeʻe","Developed",78
"Hawaiʻi","Hilo","Kamaʻeʻe","N/A Forest",2
"Hawaiʻi","Hilo","Kamaʻeʻe","Not Vegetated",42
"Hawaiʻi","Hilo","Kamaʻeʻe","Wet Forest",271
"Hawaiʻi","Hilo","Kamaʻeʻe","Wet Grassland",136
"Hawaiʻi","Hilo","Kamaʻeʻe","Wet Shrubland",124
"Hawaiʻi","Hilo","Kauhiula","Agriculture",4
"Hawaiʻi","Hilo","Kauhiula","Developed",25
"Hawaiʻi","Hilo","Kauhiula","Not Vegetated",3
"Hawaiʻi","Hilo","Kauhiula","Wet Forest",3
"Hawaiʻi","Hilo","Kauhiula","Wet Grassland",6
"Hawaiʻi","Hilo","Kauhiula","Wet Shrubland",1
"Hawaiʻi","Hilo","Kaupakuea, Makea","Agriculture",16
"Hawaiʻi","Hilo","Kaupakuea, Makea","Developed",174
"Hawaiʻi","Hilo","Kaupakuea, Makea","N/A Forest",1
"Hawaiʻi","Hilo","Kaupakuea, Makea","Not Vegetated",16
"Hawaiʻi","Hilo","Kaupakuea, Makea","Wet Forest",44
"Hawaiʻi","Hilo","Kaupakuea, Makea","Wet Grassland",88
"Hawaiʻi","Hilo","Kaupakuea, Makea","Wet Shrubland",12
"Hawaiʻi","Hilo","Kawainui","Agriculture",16
"Hawaiʻi","Hilo","Kawainui","Developed",94
"Hawaiʻi","Hilo","Kawainui","N/A Forest",1
"Hawaiʻi","Hilo","Kawainui","Not Vegetated",13
"Hawaiʻi","Hilo","Kawainui","Wet Forest",101
"Hawaiʻi","Hilo","Kawainui","Wet Grassland",41
"Hawaiʻi","Hilo","Kawainui","Wet Shrubland",22
"Hawaiʻi","Hilo","Kaūmana","Agriculture",48
"Hawaiʻi","Hilo","Kaūmana","Developed",317
"Hawaiʻi","Hilo","Kaūmana","Dry Forest",11
"Hawaiʻi","Hilo","Kaūmana","Not Vegetated",42
"Hawaiʻi","Hilo","Kaūmana","Wet Forest",434
"Hawaiʻi","Hilo","Kaūmana","Wet Grassland",127
"Hawaiʻi","Hilo","Kaūmana","Wet Shrubland",114
"Hawaiʻi","Hilo","Kaʻakepa","Agriculture",2
"Hawaiʻi","Hilo","Kaʻakepa","Developed",3
"Hawaiʻi","Hilo","Kaʻakepa","N/A Forest",7
"Hawaiʻi","Hilo","Kaʻakepa","Not Vegetated",10
"Hawaiʻi","Hilo","Kaʻakepa","Wet Forest",4
"Hawaiʻi","Hilo","Kaʻakepa","Wet Grassland",52
"Hawaiʻi","Hilo","Kaʻakepa","Wet Shrubland",1
"Hawaiʻi","Hilo","Kaʻapoko","Agriculture",5
"Hawaiʻi","Hilo","Kaʻapoko","Developed",74
"Hawaiʻi","Hilo","Kaʻapoko","Not Vegetated",3
"Hawaiʻi","Hilo","Kaʻapoko","Wet Forest",7
"Hawaiʻi","Hilo","Kaʻapoko","Wet Grassland",19
"Hawaiʻi","Hilo","Kaʻieʻie","Agriculture",35
"Hawaiʻi","Hilo","Kaʻieʻie","Developed",148
"Hawaiʻi","Hilo","Kaʻieʻie","N/A Forest",1
"Hawaiʻi","Hilo","Kaʻieʻie","Not Vegetated",15
"Hawaiʻi","Hilo","Kaʻieʻie","Wet Forest",52
"Hawaiʻi","Hilo","Kaʻieʻie","Wet Grassland",66
"Hawaiʻi","Hilo","Kaʻieʻie","Wet Shrubland",2
"Hawaiʻi","Hilo","Kukuikea","Agriculture",3
"Hawaiʻi","Hilo","Kukuikea","Developed",23
"Hawaiʻi","Hilo","Kukuikea","Not Vegetated",1
"Hawaiʻi","Hilo","Kukuikea","Wet Forest",11
"Hawaiʻi","Hilo","Kukuikea","Wet Grassland",11
"Hawaiʻi","Hilo","Kulanakiʻi, Kahīnano","Agriculture",59
"Hawaiʻi","Hilo","Kulanakiʻi, Kahīnano","Developed",35
"Hawaiʻi","Hilo","Kulanakiʻi, Kahīnano","Dry Forest",10
"Hawaiʻi","Hilo","Kulanakiʻi, Kahīnano","N/A Forest",20
"Hawaiʻi","Hilo","Kulanakiʻi, Kahīnano","Not Vegetated",9
"Hawaiʻi","Hilo","Kulanakiʻi, Kahīnano","Wet Forest",440
"Hawaiʻi","Hilo","Kulanakiʻi, Kahīnano","Wet Grassland",178
"Hawaiʻi","Hilo","Kulanakiʻi, Kahīnano","Wet Shrubland",40
"Hawaiʻi","Hilo","Kulaʻikahonu","Agriculture",4
"Hawaiʻi","Hilo","Kulaʻikahonu","Developed",5
"Hawaiʻi","Hilo","Kulaʻikahonu","N/A Forest",10
"Hawaiʻi","Hilo","Kulaʻikahonu","Not Vegetated",6
"Hawaiʻi","Hilo","Kulaʻikahonu","Wet Forest",13
"Hawaiʻi","Hilo","Kulaʻikahonu","Wet Grassland",49
"Hawaiʻi","Hilo","Kulaʻimano","Agriculture",10
"Hawaiʻi","Hilo","Kulaʻimano","Developed",81
"Hawaiʻi","Hilo","Kulaʻimano","Not Vegetated",6
"Hawaiʻi","Hilo","Kulaʻimano","Wet Forest",26
"Hawaiʻi","Hilo","Kulaʻimano","Wet Grassland",30
"Hawaiʻi","Hilo","Kulaʻimano","Wet Shrubland",3
"Hawaiʻi","Hilo","Kīkala","Agriculture",56
"Hawaiʻi","Hilo","Kīkala","Developed",10
"Hawaiʻi","Hilo","Kīkala","N/A Forest",3
"Hawaiʻi","Hilo","Kīkala","Not Vegetated",19
"Hawaiʻi","Hilo","Kīkala","Wet Forest",97
"Hawaiʻi","Hilo","Kīkala","Wet Grassland",35
"Hawaiʻi","Hilo","Kīkala","Wet Shrubland",9
"Hawaiʻi","Hilo","Kūkūau 1","Agriculture",65
"Hawaiʻi","Hilo","Kūkūau 1","Developed",436
"Hawaiʻi","Hilo","Kūkūau 1","Dry Forest",3
"Hawaiʻi","Hilo","Kūkūau 1","Not Vegetated",27
"Hawaiʻi","Hilo","Kūkūau 1","Wet Forest",691
"Hawaiʻi","Hilo","Kūkūau 1","Wet Grassland",77
"Hawaiʻi","Hilo","Kūkūau 1","Wet Shrubland",173
"Hawaiʻi","Hilo","Kūkūau 2","Agriculture",83
"Hawaiʻi","Hilo","Kūkūau 2","Developed",548
"Hawaiʻi","Hilo","Kūkūau 2","Dry Forest",16
"Hawaiʻi","Hilo","Kūkūau 2","Not Vegetated",22
"Hawaiʻi","Hilo","Kūkūau 2","Wet Forest",577
"Hawaiʻi","Hilo","Kūkūau 2","Wet Grassland",115
"Hawaiʻi","Hilo","Kūkūau 2","Wet Shrubland",106
"Hawaiʻi","Hilo","Laimi","Agriculture",6
"Hawaiʻi","Hilo","Laimi","Developed",40
"Hawaiʻi","Hilo","Laimi","N/A Forest",4
"Hawaiʻi","Hilo","Laimi","Not Vegetated",11
"Hawaiʻi","Hilo","Laimi","Wet Forest",31
"Hawaiʻi","Hilo","Laimi","Wet Grassland",63
"Hawaiʻi","Hilo","Laupāhoehoe, Welokā","Agriculture",396
"Hawaiʻi","Hilo","Laupāhoehoe, Welokā","Developed",830
"Hawaiʻi","Hilo","Laupāhoehoe, Welokā","Dry Forest",27
"Hawaiʻi","Hilo","Laupāhoehoe, Welokā","Mesic Forest",152
"Hawaiʻi","Hilo","Laupāhoehoe, Welokā","Mesic Grassland",3
"Hawaiʻi","Hilo","Laupāhoehoe, Welokā","N/A Forest",16
"Hawaiʻi","Hilo","Laupāhoehoe, Welokā","Not Vegetated",132
"Hawaiʻi","Hilo","Laupāhoehoe, Welokā","Wet Forest",1142
"Hawaiʻi","Hilo","Laupāhoehoe, Welokā","Wet Grassland",564
"Hawaiʻi","Hilo","Laupāhoehoe, Welokā","Wet Shrubland",261
"Hawaiʻi","Hilo","Laupāhoehoe, Welokā","Wetland",1
"Hawaiʻi","Hilo","Lepoloa, Kaluakailio","Agriculture",11
"Hawaiʻi","Hilo","Lepoloa, Kaluakailio","Developed",87
"Hawaiʻi","Hilo","Lepoloa, Kaluakailio","N/A Forest",1
"Hawaiʻi","Hilo","Lepoloa, Kaluakailio","Not Vegetated",3
"Hawaiʻi","Hilo","Lepoloa, Kaluakailio","Wet Forest",2
"Hawaiʻi","Hilo","Lepoloa, Kaluakailio","Wet Grassland",15
"Hawaiʻi","Hilo","Lepoloa, Kaluakailio","Wet Shrubland",8
"Hawaiʻi","Hilo","Makahanaloa, Pepeʻekeo","Agriculture",63
"Hawaiʻi","Hilo","Makahanaloa, Pepeʻekeo","Developed",507
"Hawaiʻi","Hilo","Makahanaloa, Pepeʻekeo","Mesic Forest",143
"Hawaiʻi","Hilo","Makahanaloa, Pepeʻekeo","Mesic Grassland",1
"Hawaiʻi","Hilo","Makahanaloa, Pepeʻekeo","Mesic Shrubland",1
"Hawaiʻi","Hilo","Makahanaloa, Pepeʻekeo","N/A Forest",8
"Hawaiʻi","Hilo","Makahanaloa, Pepeʻekeo","Not Vegetated",30
"Hawaiʻi","Hilo","Makahanaloa, Pepeʻekeo","Wet Forest",638
"Hawaiʻi","Hilo","Makahanaloa, Pepeʻekeo","Wet Grassland",84
"Hawaiʻi","Hilo","Makahanaloa, Pepeʻekeo","Wet Shrubland",138
"Hawaiʻi","Hilo","Makahanaloa, Pepeʻekeo","Wetland",1
"Hawaiʻi","Hilo","Manoloa","Agriculture",14
"Hawaiʻi","Hilo","Manoloa","Developed",3
"Hawaiʻi","Hilo","Manoloa","Dry Forest",1
"Hawaiʻi","Hilo","Manoloa","N/A Forest",1
"Hawaiʻi","Hilo","Manoloa","Not Vegetated",2
"Hawaiʻi","Hilo","Manoloa","Wet Forest",94
"Hawaiʻi","Hilo","Manoloa","Wet Grassland",46
"Hawaiʻi","Hilo","Manoloa","Wet Shrubland",18
"Hawaiʻi","Hilo","Mauluaiki","Agriculture",2
"Hawaiʻi","Hilo","Mauluaiki","Not Vegetated",2
"Hawaiʻi","Hilo","Mauluaiki","Wet Forest",37
"Hawaiʻi","Hilo","Mauluaiki","Wet Grassland",1
"Hawaiʻi","Hilo","Mauluaiki","Wet Shrubland",2
"Hawaiʻi","Hilo","Mauluanui","Agriculture",72
"Hawaiʻi","Hilo","Mauluanui","Developed",40
"Hawaiʻi","Hilo","Mauluanui","Dry Forest",3
"Hawaiʻi","Hilo","Mauluanui","Mesic Forest",160
"Hawaiʻi","Hilo","Mauluanui","Mesic Grassland",5
"Hawaiʻi","Hilo","Mauluanui","N/A Forest",4
"Hawaiʻi","Hilo","Mauluanui","Not Vegetated",21
"Hawaiʻi","Hilo","Mauluanui","Wet Forest",633
"Hawaiʻi","Hilo","Mauluanui","Wet Grassland",131
"Hawaiʻi","Hilo","Mauluanui","Wet Shrubland",104
"Hawaiʻi","Hilo","Mauluanui","Wetland",1
"Hawaiʻi","Hilo","Maʻulili","Agriculture",1
"Hawaiʻi","Hilo","Maʻulili","Developed",4
"Hawaiʻi","Hilo","Maʻulili","Wet Forest",5
"Hawaiʻi","Hilo","Maʻulili","Wet Grassland",7
"Hawaiʻi","Hilo","Mokuhonua, Halepuna","Agriculture",11
"Hawaiʻi","Hilo","Mokuhonua, Halepuna","Developed",114
"Hawaiʻi","Hilo","Mokuhonua, Halepuna","Not Vegetated",8
"Hawaiʻi","Hilo","Mokuhonua, Halepuna","Wet Forest",12
"Hawaiʻi","Hilo","Mokuhonua, Halepuna","Wet Grassland",21
"Hawaiʻi","Hilo","Mokuhonua, Halepuna","Wet Shrubland",3
"Hawaiʻi","Hilo","Mokuoniki","Agriculture",9
"Hawaiʻi","Hilo","Mokuoniki","Developed",32
"Hawaiʻi","Hilo","Mokuoniki","Not Vegetated",1
"Hawaiʻi","Hilo","Mokuoniki","Wet Forest",34
"Hawaiʻi","Hilo","Mokuoniki","Wet Grassland",20
"Hawaiʻi","Hilo","Mokuoniki","Wet Shrubland",4
"Hawaiʻi","Hilo","Mālamalamaiki","Agriculture",5
"Hawaiʻi","Hilo","Mālamalamaiki","Developed",11
"Hawaiʻi","Hilo","Mālamalamaiki","N/A Forest",1
"Hawaiʻi","Hilo","Mālamalamaiki","Not Vegetated",4
"Hawaiʻi","Hilo","Mālamalamaiki","Wet Forest",59
"Hawaiʻi","Hilo","Mālamalamaiki","Wet Grassland",41
"Hawaiʻi","Hilo","Mālamalamaiki","Wet Shrubland",8
"Hawaiʻi","Hilo","Nanue","Agriculture",17
"Hawaiʻi","Hilo","Nanue","Developed",6
"Hawaiʻi","Hilo","Nanue","Dry Forest",3
"Hawaiʻi","Hilo","Nanue","Not Vegetated",17
"Hawaiʻi","Hilo","Nanue","Wet Forest",102
"Hawaiʻi","Hilo","Nanue","Wet Grassland",28
"Hawaiʻi","Hilo","Nanue","Wet Shrubland",1
"Hawaiʻi","Hilo","Onomea","Agriculture",25
"Hawaiʻi","Hilo","Onomea","Developed",144
"Hawaiʻi","Hilo","Onomea","N/A Forest",1
"Hawaiʻi","Hilo","Onomea","Not Vegetated",22
"Hawaiʻi","Hilo","Onomea","Wet Forest",221
"Hawaiʻi","Hilo","Onomea","Wet Grassland",60
"Hawaiʻi","Hilo","Onomea","Wet Shrubland",94
"Hawaiʻi","Hilo","Opea, Peleau, ʻAwa","Agriculture",22
"Hawaiʻi","Hilo","Opea, Peleau, ʻAwa","Developed",209
"Hawaiʻi","Hilo","Opea, Peleau, ʻAwa","N/A Forest",2
"Hawaiʻi","Hilo","Opea, Peleau, ʻAwa","Not Vegetated",30
"Hawaiʻi","Hilo","Opea, Peleau, ʻAwa","Wet Forest",111
"Hawaiʻi","Hilo","Opea, Peleau, ʻAwa","Wet Grassland",91
"Hawaiʻi","Hilo","Opea, Peleau, ʻAwa","Wet Shrubland",13
"Hawaiʻi","Hilo","Paihaʻaloa","Agriculture",13
"Hawaiʻi","Hilo","Paihaʻaloa","Developed",66
"Hawaiʻi","Hilo","Paihaʻaloa","Not Vegetated",2
"Hawaiʻi","Hilo","Paihaʻaloa","Wet Forest",22
"Hawaiʻi","Hilo","Paihaʻaloa","Wet Grassland",19
"Hawaiʻi","Hilo","Paukaʻa","Agriculture",48
"Hawaiʻi","Hilo","Paukaʻa","Developed",197
"Hawaiʻi","Hilo","Paukaʻa","Mesic Forest",72
"Hawaiʻi","Hilo","Paukaʻa","Mesic Grassland",2
"Hawaiʻi","Hilo","Paukaʻa","Mesic Shrubland",2
"Hawaiʻi","Hilo","Paukaʻa","Not Vegetated",42
"Hawaiʻi","Hilo","Paukaʻa","Wet Forest",698
"Hawaiʻi","Hilo","Paukaʻa","Wet Grassland",65
"Hawaiʻi","Hilo","Paukaʻa","Wet Shrubland",309
"Hawaiʻi","Hilo","Pihā, Kahuku","Agriculture",25
"Hawaiʻi","Hilo","Pihā, Kahuku","Developed",72
"Hawaiʻi","Hilo","Pihā, Kahuku","Dry Forest",6
"Hawaiʻi","Hilo","Pihā, Kahuku","Mesic Forest",146
"Hawaiʻi","Hilo","Pihā, Kahuku","Mesic Grassland",4
"Hawaiʻi","Hilo","Pihā, Kahuku","Not Vegetated",20
"Hawaiʻi","Hilo","Pihā, Kahuku","Wet Forest",268
"Hawaiʻi","Hilo","Pihā, Kahuku","Wet Grassland",84
"Hawaiʻi","Hilo","Pihā, Kahuku","Wet Shrubland",37
"Hawaiʻi","Hilo","Piʻihonua","Agriculture",303
"Hawaiʻi","Hilo","Piʻihonua","Developed",856
"Hawaiʻi","Hilo","Piʻihonua","Dry Forest",116
"Hawaiʻi","Hilo","Piʻihonua","Mesic Forest",336
"Hawaiʻi","Hilo","Piʻihonua","Mesic Grassland",69
"Hawaiʻi","Hilo","Piʻihonua","Mesic Shrubland",102
"Hawaiʻi","Hilo","Piʻihonua","N/A Forest",13
"Hawaiʻi","Hilo","Piʻihonua","Not Vegetated",215
"Hawaiʻi","Hilo","Piʻihonua","Wet Forest",4177
"Hawaiʻi","Hilo","Piʻihonua","Wet Grassland",288
"Hawaiʻi","Hilo","Piʻihonua","Wet Shrubland",1096
"Hawaiʻi","Hilo","Piʻihonua","Wetland",8
"Hawaiʻi","Hilo","Ponahawai","Agriculture",98
"Hawaiʻi","Hilo","Ponahawai","Developed",1215
"Hawaiʻi","Hilo","Ponahawai","N/A Forest",1
"Hawaiʻi","Hilo","Ponahawai","Not Vegetated",53
"Hawaiʻi","Hilo","Ponahawai","Wet Forest",420
"Hawaiʻi","Hilo","Ponahawai","Wet Grassland",127
"Hawaiʻi","Hilo","Ponahawai","Wet Shrubland",120
"Hawaiʻi","Hilo","Puaʻakuloa, Kapena","Agriculture",46
"Hawaiʻi","Hilo","Puaʻakuloa, Kapena","Developed",98
"Hawaiʻi","Hilo","Puaʻakuloa, Kapena","Dry Forest",12
"Hawaiʻi","Hilo","Puaʻakuloa, Kapena","Not Vegetated",23
"Hawaiʻi","Hilo","Puaʻakuloa, Kapena","Wet Forest",305
"Hawaiʻi","Hilo","Puaʻakuloa, Kapena","Wet Grassland",150
"Hawaiʻi","Hilo","Puaʻakuloa, Kapena","Wet Shrubland",62
"Hawaiʻi","Hilo","Pueopaku","Agriculture",21
"Hawaiʻi","Hilo","Pueopaku","Developed",58
"Hawaiʻi","Hilo","Pueopaku","Not Vegetated",5
"Hawaiʻi","Hilo","Pueopaku","Wet Forest",44
"Hawaiʻi","Hilo","Pueopaku","Wet Grassland",33
"Hawaiʻi","Hilo","Punahoa 1","Agriculture",32
"Hawaiʻi","Hilo","Punahoa 1","Developed",297
"Hawaiʻi","Hilo","Punahoa 1","N/A Forest",2
"Hawaiʻi","Hilo","Punahoa 1","Not Vegetated",1
"Hawaiʻi","Hilo","Punahoa 1","Wet Forest",87
"Hawaiʻi","Hilo","Punahoa 1","Wet Grassland",30
"Hawaiʻi","Hilo","Punahoa 1","Wet Shrubland",13
"Hawaiʻi","Hilo","Punahoa 2","Agriculture",83
"Hawaiʻi","Hilo","Punahoa 2","Developed",467
"Hawaiʻi","Hilo","Punahoa 2","Dry Forest",17
"Hawaiʻi","Hilo","Punahoa 2","N/A Forest",6
"Hawaiʻi","Hilo","Punahoa 2","Not Vegetated",10
"Hawaiʻi","Hilo","Punahoa 2","Wet Forest",711
"Hawaiʻi","Hilo","Punahoa 2","Wet Grassland",94
"Hawaiʻi","Hilo","Punahoa 2","Wet Shrubland",193
"Hawaiʻi","Hilo","Puumoi","Agriculture",14
"Hawaiʻi","Hilo","Puumoi","Developed",47
"Hawaiʻi","Hilo","Puumoi","N/A Forest",1
"Hawaiʻi","Hilo","Puumoi","Not Vegetated",9
"Hawaiʻi","Hilo","Puumoi","Wet Forest",76
"Hawaiʻi","Hilo","Puumoi","Wet Grassland",30
"Hawaiʻi","Hilo","Puumoi","Wet Shrubland",20
"Hawaiʻi","Hilo","Puʻuʻeo","Agriculture",19
"Hawaiʻi","Hilo","Puʻuʻeo","Developed",231
"Hawaiʻi","Hilo","Puʻuʻeo","N/A Forest",3
"Hawaiʻi","Hilo","Puʻuʻeo","Not Vegetated",72
"Hawaiʻi","Hilo","Puʻuʻeo","Wet Forest",188
"Hawaiʻi","Hilo","Puʻuʻeo","Wet Grassland",154
"Hawaiʻi","Hilo","Puʻuʻeo","Wet Shrubland",22
"Hawaiʻi","Hilo","Pāhoehoe","Agriculture",65
"Hawaiʻi","Hilo","Pāhoehoe","Developed",32
"Hawaiʻi","Hilo","Pāhoehoe","N/A Forest",2
"Hawaiʻi","Hilo","Pāhoehoe","Not Vegetated",6
"Hawaiʻi","Hilo","Pāhoehoe","Wet Forest",201
"Hawaiʻi","Hilo","Pāhoehoe","Wet Grassland",48
"Hawaiʻi","Hilo","Pāhoehoe","Wet Shrubland",10
"Hawaiʻi","Hilo","Pāpaʻa","Agriculture",3
"Hawaiʻi","Hilo","Pāpaʻa","Developed",26
"Hawaiʻi","Hilo","Pāpaʻa","Not Vegetated",5
"Hawaiʻi","Hilo","Pāpaʻa","Wet Forest",1
"Hawaiʻi","Hilo","Pāpaʻa","Wet Grassland",1
"Hawaiʻi","Hilo","Pāpaʻikou","Agriculture",85
"Hawaiʻi","Hilo","Pāpaʻikou","Developed",276
"Hawaiʻi","Hilo","Pāpaʻikou","Mesic Forest",72
"Hawaiʻi","Hilo","Pāpaʻikou","Mesic Grassland",1
"Hawaiʻi","Hilo","Pāpaʻikou","Mesic Shrubland",4
"Hawaiʻi","Hilo","Pāpaʻikou","N/A Forest",2
"Hawaiʻi","Hilo","Pāpaʻikou","Not Vegetated",18
"Hawaiʻi","Hilo","Pāpaʻikou","Wet Forest",1377
"Hawaiʻi","Hilo","Pāpaʻikou","Wet Grassland",96
"Hawaiʻi","Hilo","Pāpaʻikou","Wet Shrubland",627
"Hawaiʻi","Hilo","Umauma","Agriculture",61
"Hawaiʻi","Hilo","Umauma","Developed",54
"Hawaiʻi","Hilo","Umauma","N/A Forest",9
"Hawaiʻi","Hilo","Umauma","Not Vegetated",16
"Hawaiʻi","Hilo","Umauma","Wet Forest",210
"Hawaiʻi","Hilo","Umauma","Wet Grassland",31
"Hawaiʻi","Hilo","Umauma","Wet Shrubland",108
"Hawaiʻi","Hilo","Waikaumalo","Wet Forest",14
"Hawaiʻi","Hilo","Waikaumalo","Wet Shrubland",1
"Hawaiʻi","Hilo","Wailea","Agriculture",11
"Hawaiʻi","Hilo","Wailea","Developed",79
"Hawaiʻi","Hilo","Wailea","Not Vegetated",10
"Hawaiʻi","Hilo","Wailea","Wet Forest",23
"Hawaiʻi","Hilo","Wailea","Wet Grassland",28
"Hawaiʻi","Hilo","Wailea","Wet Shrubland",1
"Hawaiʻi","Hilo","Wailua","Agriculture",16
"Hawaiʻi","Hilo","Wailua","Developed",76
"Hawaiʻi","Hilo","Wailua","Not Vegetated",16
"Hawaiʻi","Hilo","Wailua","Wet Forest",19
"Hawaiʻi","Hilo","Wailua","Wet Grassland",36
"Hawaiʻi","Hilo","Wailua","Wet Shrubland",9
"Hawaiʻi","Hilo","Wainaku","Agriculture",32
"Hawaiʻi","Hilo","Wainaku","Developed",221
"Hawaiʻi","Hilo","Wainaku","N/A Forest",1
"Hawaiʻi","Hilo","Wainaku","Not Vegetated",16
"Hawaiʻi","Hilo","Wainaku","Wet Forest",32
"Hawaiʻi","Hilo","Wainaku","Wet Grassland",35
"Hawaiʻi","Hilo","Wainaku","Wet Shrubland",2
"Hawaiʻi","Hilo","Waipunalei","Agriculture",58
"Hawaiʻi","Hilo","Waipunalei","Developed",44
"Hawaiʻi","Hilo","Waipunalei","Dry Forest",3
"Hawaiʻi","Hilo","Waipunalei","Mesic Forest",9
"Hawaiʻi","Hilo","Waipunalei","Mesic Grassland",2
"Hawaiʻi","Hilo","Waipunalei","N/A Forest",5
"Hawaiʻi","Hilo","Waipunalei","Not Vegetated",5
"Hawaiʻi","Hilo","Waipunalei","Wet Forest",298
"Hawaiʻi","Hilo","Waipunalei","Wet Grassland",76
"Hawaiʻi","Hilo","Waipunalei","Wet Shrubland",45
"Hawaiʻi","Hilo","Waiākea","Agriculture",1344
"Hawaiʻi","Hilo","Waiākea","Developed",9169
"Hawaiʻi","Hilo","Waiākea","Dry Forest",213
"Hawaiʻi","Hilo","Waiākea","Mesic Forest",519
"Hawaiʻi","Hilo","Waiākea","Mesic Grassland",29
"Hawaiʻi","Hilo","Waiākea","Mesic Shrubland",91
"Hawaiʻi","Hilo","Waiākea","N/A Forest",14
"Hawaiʻi","Hilo","Waiākea","Not Vegetated",851
"Hawaiʻi","Hilo","Waiākea","Wet Forest",12979
"Hawaiʻi","Hilo","Waiākea","Wet Grassland",1576
"Hawaiʻi","Hilo","Waiākea","Wet Shrubland",2062
"Hawaiʻi","Hilo","Waiākea","Wetland",10
"Hawaiʻi","Hilo","ʻAlae","Agriculture",15
"Hawaiʻi","Hilo","ʻAlae","Developed",65
"Hawaiʻi","Hilo","ʻAlae","N/A Forest",1
"Hawaiʻi","Hilo","ʻAlae","Not Vegetated",12
"Hawaiʻi","Hilo","ʻAlae","Wet Forest",102
"Hawaiʻi","Hilo","ʻAlae","Wet Grassland",35
"Hawaiʻi","Hilo","ʻAlae","Wet Shrubland",8
"Hawaiʻi","Hilo","ʻOʻōkala","Agriculture",54
"Hawaiʻi","Hilo","ʻOʻōkala","Developed",254
"Hawaiʻi","Hilo","ʻOʻōkala","Dry Forest",9
"Hawaiʻi","Hilo","ʻOʻōkala","Mesic Forest",13
"Hawaiʻi","Hilo","ʻOʻōkala","Mesic Grassland",31
"Hawaiʻi","Hilo","ʻOʻōkala","Not Vegetated",26
"Hawaiʻi","Hilo","ʻOʻōkala","Wet Forest",39
"Hawaiʻi","Hilo","ʻOʻōkala","Wet Grassland",59
"Hawaiʻi","Hilo","ʻOʻōkala","Wet Shrubland",4
"Hawaiʻi","Hāmākua","Alaeakila, Kaapahu","Agriculture",39
"Hawaiʻi","Hāmākua","Alaeakila, Kaapahu","Developed",587
"Hawaiʻi","Hāmākua","Alaeakila, Kaapahu","Dry Forest",7
"Hawaiʻi","Hāmākua","Alaeakila, Kaapahu","Mesic Forest",598
"Hawaiʻi","Hāmākua","Alaeakila, Kaapahu","Mesic Grassland",197
"Hawaiʻi","Hāmākua","Alaeakila, Kaapahu","Mesic Shrubland",2
"Hawaiʻi","Hāmākua","Alaeakila, Kaapahu","N/A Forest",1
"Hawaiʻi","Hāmākua","Alaeakila, Kaapahu","Not Vegetated",32
"Hawaiʻi","Hāmākua","Au 1-2, Āhualoa","Agriculture",1
"Hawaiʻi","Hāmākua","Au 1-2, Āhualoa","Developed",90
"Hawaiʻi","Hāmākua","Au 1-2, Āhualoa","Dry Forest",2
"Hawaiʻi","Hāmākua","Au 1-2, Āhualoa","Mesic Forest",244
"Hawaiʻi","Hāmākua","Au 1-2, Āhualoa","Mesic Grassland",36
"Hawaiʻi","Hāmākua","Au 1-2, Āhualoa","N/A Forest",17
"Hawaiʻi","Hāmākua","Au 1-2, Āhualoa","Not Vegetated",7
"Hawaiʻi","Hāmākua","Haina","Agriculture",19
"Hawaiʻi","Hāmākua","Haina","Developed",148
"Hawaiʻi","Hāmākua","Haina","Dry Forest",2
"Hawaiʻi","Hāmākua","Haina","Mesic Forest",64
"Hawaiʻi","Hāmākua","Haina","Mesic Grassland",38
"Hawaiʻi","Hāmākua","Haina","N/A Forest",1
"Hawaiʻi","Hāmākua","Haina","Not Vegetated",12
"Hawaiʻi","Hāmākua","Hanapai, Niupuka","Developed",21
"Hawaiʻi","Hāmākua","Hanapai, Niupuka","Dry Forest",5
"Hawaiʻi","Hāmākua","Hanapai, Niupuka","Mesic Forest",123
"Hawaiʻi","Hāmākua","Hanapai, Niupuka","Mesic Grassland",40
"Hawaiʻi","Hāmākua","Hanapai, Niupuka","N/A Forest",12
"Hawaiʻi","Hāmākua","Hanapai, Niupuka","Not Vegetated",7
"Hawaiʻi","Hāmākua","Hauola","Agriculture",9
"Hawaiʻi","Hāmākua","Hauola","Developed",123
"Hawaiʻi","Hāmākua","Hauola","Dry Forest",10
"Hawaiʻi","Hāmākua","Hauola","Mesic Forest",103
"Hawaiʻi","Hāmākua","Hauola","Mesic Grassland",22
"Hawaiʻi","Hāmākua","Hauola","Mesic Shrubland",4
"Hawaiʻi","Hāmākua","Hauola","N/A Forest",1
"Hawaiʻi","Hāmākua","Hauola","Not Vegetated",11
"Hawaiʻi","Hāmākua","Honokaia","Agriculture",12
"Hawaiʻi","Hāmākua","Honokaia","Developed",120
"Hawaiʻi","Hāmākua","Honokaia","Dry Forest",2
"Hawaiʻi","Hāmākua","Honokaia","Mesic Forest",173
"Hawaiʻi","Hāmākua","Honokaia","Mesic Grassland",30
"Hawaiʻi","Hāmākua","Honokaia","Mesic Shrubland",2
"Hawaiʻi","Hāmākua","Honokaia","N/A Forest",3
"Hawaiʻi","Hāmākua","Honokaia","Not Vegetated",12
"Hawaiʻi","Hāmākua","Honopue","Developed",2
"Hawaiʻi","Hāmākua","Honopue","Dry Forest",1
"Hawaiʻi","Hāmākua","Honopue","Mesic Forest",54
"Hawaiʻi","Hāmākua","Honopue","Mesic Grassland",4
"Hawaiʻi","Hāmākua","Honopue","Mesic Shrubland",9
"Hawaiʻi","Hāmākua","Honopue","Not Vegetated",9
"Hawaiʻi","Hāmākua","Honopue","Wet Forest",223
"Hawaiʻi","Hāmākua","Honopue","Wet Grassland",9
"Hawaiʻi","Hāmākua","Honopue","Wet Shrubland",39
"Hawaiʻi","Hāmākua","Hōʻea, Manowaikohau","Agriculture",29
"Hawaiʻi","Hāmākua","Hōʻea, Manowaikohau","Developed",31
"Hawaiʻi","Hāmākua","Hōʻea, Manowaikohau","Dry Forest",1
"Hawaiʻi","Hāmākua","Hōʻea, Manowaikohau","Mesic Forest",232
"Hawaiʻi","Hāmākua","Hōʻea, Manowaikohau","Mesic Grassland",54
"Hawaiʻi","Hāmākua","Hōʻea, Manowaikohau","Mesic Shrubland",1
"Hawaiʻi","Hāmākua","Hōʻea, Manowaikohau","N/A Forest",34
"Hawaiʻi","Hāmākua","Hōʻea, Manowaikohau","Not Vegetated",25
"Hawaiʻi","Hāmākua","Hōʻea, Manowaikohau","Wet Forest",481
"Hawaiʻi","Hāmākua","Hōʻea, Manowaikohau","Wet Grassland",78
"Hawaiʻi","Hāmākua","Hōʻea, Manowaikohau","Wet Shrubland",37
"Hawaiʻi","Hāmākua","Kainehe","Agriculture",4
"Hawaiʻi","Hāmākua","Kainehe","Developed",27
"Hawaiʻi","Hāmākua","Kainehe","Mesic Forest",72
"Hawaiʻi","Hāmākua","Kainehe","Mesic Grassland",21
"Hawaiʻi","Hāmākua","Kainehe","N/A Forest",3
"Hawaiʻi","Hāmākua","Kainehe","Not Vegetated",2
"Hawaiʻi","Hāmākua","Kainehe","Wet Forest",72
"Hawaiʻi","Hāmākua","Kainehe","Wet Grassland",10
"Hawaiʻi","Hāmākua","Kainehe","Wet Shrubland",11
"Hawaiʻi","Hāmākua","Kaiwiki","Agriculture",20
"Hawaiʻi","Hāmākua","Kaiwiki","Developed",37
"Hawaiʻi","Hāmākua","Kaiwiki","Dry Forest",1
"Hawaiʻi","Hāmākua","Kaiwiki","Mesic Forest",40
"Hawaiʻi","Hāmākua","Kaiwiki","Mesic Grassland",11
"Hawaiʻi","Hāmākua","Kaiwiki","N/A Forest",23
"Hawaiʻi","Hāmākua","Kaiwiki","Not Vegetated",4
"Hawaiʻi","Hāmākua","Kaiwiki","Wet Forest",247
"Hawaiʻi","Hāmākua","Kaiwiki","Wet Grassland",51
"Hawaiʻi","Hāmākua","Kaiwiki","Wet Shrubland",30
"Hawaiʻi","Hāmākua","Kalakalaula","Developed",19
"Hawaiʻi","Hāmākua","Kalakalaula","Mesic Forest",29
"Hawaiʻi","Hāmākua","Kalakalaula","Mesic Grassland",19
"Hawaiʻi","Hāmākua","Kalakalaula","Mesic Shrubland",1
"Hawaiʻi","Hāmākua","Kalakalaula","N/A Forest",4
"Hawaiʻi","Hāmākua","Kalakalaula","Not Vegetated",13
"Hawaiʻi","Hāmākua","Kalakalaula","Wet Shrubland",7
"Hawaiʻi","Hāmākua","Kalopā","Agriculture",31
"Hawaiʻi","Hāmākua","Kalopā","Developed",469
"Hawaiʻi","Hāmākua","Kalopā","Dry Forest",27
"Hawaiʻi","Hāmākua","Kalopā","Dry Grassland",13
"Hawaiʻi","Hāmākua","Kalopā","Dry Shrubland",98
"Hawaiʻi","Hāmākua","Kalopā","Mesic Forest",242
"Hawaiʻi","Hāmākua","Kalopā","Mesic Grassland",98
"Hawaiʻi","Hāmākua","Kalopā","Mesic Shrubland",2
"Hawaiʻi","Hāmākua","Kalopā","N/A Forest",9
"Hawaiʻi","Hāmākua","Kalopā","Not Vegetated",42
"Hawaiʻi","Hāmākua","Kalopā","Wetland",3
"Hawaiʻi","Hāmākua","Kalua, Pakiloa, ʻŌuhi, Kaao","Agriculture",6
"Hawaiʻi","Hāmākua","Kalua, Pakiloa, ʻŌuhi, Kaao","Developed",412
"Hawaiʻi","Hāmākua","Kalua, Pakiloa, ʻŌuhi, Kaao","Dry Forest",12
"Hawaiʻi","Hāmākua","Kalua, Pakiloa, ʻŌuhi, Kaao","Mesic Forest",205
"Hawaiʻi","Hāmākua","Kalua, Pakiloa, ʻŌuhi, Kaao","Mesic Grassland",85
"Hawaiʻi","Hāmākua","Kalua, Pakiloa, ʻŌuhi, Kaao","Mesic Shrubland",11
"Hawaiʻi","Hāmākua","Kalua, Pakiloa, ʻŌuhi, Kaao","N/A Forest",1
"Hawaiʻi","Hāmākua","Kalua, Pakiloa, ʻŌuhi, Kaao","Not Vegetated",32
"Hawaiʻi","Hāmākua","Kamaui","Developed",64
"Hawaiʻi","Hāmākua","Kamaui","Dry Forest",4
"Hawaiʻi","Hāmākua","Kamaui","Mesic Forest",78
"Hawaiʻi","Hāmākua","Kamaui","Mesic Grassland",19
"Hawaiʻi","Hāmākua","Kamaui","Mesic Shrubland",5
"Hawaiʻi","Hāmākua","Kamaui","N/A Forest",6
"Hawaiʻi","Hāmākua","Kamaui","Not Vegetated",3
"Hawaiʻi","Hāmākua","Kamaui","Wetland",3
"Hawaiʻi","Hāmākua","Kamoauau","Developed",29
"Hawaiʻi","Hāmākua","Kamoauau","Dry Forest",1
"Hawaiʻi","Hāmākua","Kamoauau","Mesic Forest",50
"Hawaiʻi","Hāmākua","Kamoauau","Mesic Grassland",13
"Hawaiʻi","Hāmākua","Kamoauau","Mesic Shrubland",2
"Hawaiʻi","Hāmākua","Kamoauau","N/A Forest",8
"Hawaiʻi","Hāmākua","Kamoauau","Not Vegetated",1
"Hawaiʻi","Hāmākua","Kamoku","Developed",156
"Hawaiʻi","Hāmākua","Kamoku","Dry Forest",12
"Hawaiʻi","Hāmākua","Kamoku","Dry Grassland",2
"Hawaiʻi","Hāmākua","Kamoku","Dry Shrubland",2
"Hawaiʻi","Hāmākua","Kamoku","Mesic Forest",97
"Hawaiʻi","Hāmākua","Kamoku","Mesic Grassland",21
"Hawaiʻi","Hāmākua","Kamoku","N/A Forest",6
"Hawaiʻi","Hāmākua","Kamoku","Not Vegetated",10
"Hawaiʻi","Hāmākua","Kamoku","Wet Shrubland",2
"Hawaiʻi","Hāmākua","Kanahonua","Developed",42
"Hawaiʻi","Hāmākua","Kanahonua","Mesic Forest",75
"Hawaiʻi","Hāmākua","Kanahonua","Mesic Grassland",24
"Hawaiʻi","Hāmākua","Kanahonua","Mesic Shrubland",5
"Hawaiʻi","Hāmākua","Kanahonua","N/A Forest",9
"Hawaiʻi","Hāmākua","Kanahonua","Not Vegetated",5
"Hawaiʻi","Hāmākua","Kanahonua","Wet Shrubland",20
"Hawaiʻi","Hāmākua","Kapoaula","Agriculture",10
"Hawaiʻi","Hāmākua","Kapoaula","Developed",66
"Hawaiʻi","Hāmākua","Kapoaula","Mesic Forest",150
"Hawaiʻi","Hāmākua","Kapoaula","Mesic Grassland",34
"Hawaiʻi","Hāmākua","Kapoaula","N/A Forest",3
"Hawaiʻi","Hāmākua","Kapoaula","Not Vegetated",6
"Hawaiʻi","Hāmākua","Kapulena","Agriculture",1
"Hawaiʻi","Hāmākua","Kapulena","Developed",115
"Hawaiʻi","Hāmākua","Kapulena","Dry Forest",2
"Hawaiʻi","Hāmākua","Kapulena","Mesic Forest",259
"Hawaiʻi","Hāmākua","Kapulena","Mesic Grassland",30
"Hawaiʻi","Hāmākua","Kapulena","N/A Forest",7
"Hawaiʻi","Hāmākua","Kapulena","Not Vegetated",3
"Hawaiʻi","Hāmākua","Kapulena","Wetland",1
"Hawaiʻi","Hāmākua","Kapulena, Haukoʻi, K","Agriculture",8
"Hawaiʻi","Hāmākua","Kapulena, Haukoʻi, K","Developed",69
"Hawaiʻi","Hāmākua","Kapulena, Haukoʻi, K","Dry Forest",1
"Hawaiʻi","Hāmākua","Kapulena, Haukoʻi, K","Mesic Forest",146
"Hawaiʻi","Hāmākua","Kapulena, Haukoʻi, K","Mesic Grassland",36
"Hawaiʻi","Hāmākua","Kapulena, Haukoʻi, K","Not Vegetated",5
"Hawaiʻi","Hāmākua","Kawela","Agriculture",3
"Hawaiʻi","Hāmākua","Kawela","Developed",68
"Hawaiʻi","Hāmākua","Kawela","Dry Forest",3
"Hawaiʻi","Hāmākua","Kawela","Mesic Forest",216
"Hawaiʻi","Hāmākua","Kawela","Mesic Grassland",45
"Hawaiʻi","Hāmākua","Kawela","N/A Forest",11
"Hawaiʻi","Hāmākua","Kawela","Not Vegetated",2
"Hawaiʻi","Hāmākua","Kaʻala","Agriculture",9
"Hawaiʻi","Hāmākua","Kaʻala","Developed",16
"Hawaiʻi","Hāmākua","Kaʻala","Dry Forest",7
"Hawaiʻi","Hāmākua","Kaʻala","Mesic Forest",73
"Hawaiʻi","Hāmākua","Kaʻala","Mesic Grassland",16
"Hawaiʻi","Hāmākua","Kaʻala","N/A Forest",13
"Hawaiʻi","Hāmākua","Kaʻala","Not Vegetated",9
"Hawaiʻi","Hāmākua","Kaʻala","Wet Forest",256
"Hawaiʻi","Hāmākua","Kaʻala","Wet Grassland",49
"Hawaiʻi","Hāmākua","Kaʻala","Wet Shrubland",19
"Hawaiʻi","Hāmākua","Kaʻauhuhu","Agriculture",8
"Hawaiʻi","Hāmākua","Kaʻauhuhu","Developed",29
"Hawaiʻi","Hāmākua","Kaʻauhuhu","Dry Forest",2
"Hawaiʻi","Hāmākua","Kaʻauhuhu","Mesic Forest",79
"Hawaiʻi","Hāmākua","Kaʻauhuhu","Mesic Grassland",10
"Hawaiʻi","Hāmākua","Kaʻauhuhu","N/A Forest",1
"Hawaiʻi","Hāmākua","Kaʻauhuhu","Not Vegetated",1
"Hawaiʻi","Hāmākua","Kaʻohe","Agriculture",10
"Hawaiʻi","Hāmākua","Kaʻohe","Developed",221
"Hawaiʻi","Hāmākua","Kaʻohe","Dry Forest",255
"Hawaiʻi","Hāmākua","Kaʻohe","Dry Grassland",55
"Hawaiʻi","Hāmākua","Kaʻohe","Dry Shrubland",284
"Hawaiʻi","Hāmākua","Kaʻohe","Mesic Forest",1067
"Hawaiʻi","Hāmākua","Kaʻohe","Mesic Grassland",147
"Hawaiʻi","Hāmākua","Kaʻohe","Mesic Shrubland",17
"Hawaiʻi","Hāmākua","Kaʻohe","N/A Forest",25
"Hawaiʻi","Hāmākua","Kaʻohe","Not Vegetated",42
"Hawaiʻi","Hāmākua","Kaʻohe","Wet Shrubland",1
"Hawaiʻi","Hāmākua","Kaʻohe","Wetland",1
"Hawaiʻi","Hāmākua","Kaʻohe Mauka","Developed",2325
"Hawaiʻi","Hāmākua","Kaʻohe Mauka","Dry Forest",4546
"Hawaiʻi","Hāmākua","Kaʻohe Mauka","Dry Grassland",1310
"Hawaiʻi","Hāmākua","Kaʻohe Mauka","Dry Shrubland",7241
"Hawaiʻi","Hāmākua","Kaʻohe Mauka","Mesic Forest",2
"Hawaiʻi","Hāmākua","Kaʻohe Mauka","Mesic Grassland",1
"Hawaiʻi","Hāmākua","Kaʻohe Mauka","Not Vegetated",5178
"Hawaiʻi","Hāmākua","Kaʻohe Mauka","Wetland",1
"Hawaiʻi","Hāmākua","Keaʻā","Developed",56
"Hawaiʻi","Hāmākua","Keaʻā","Dry Forest",2
"Hawaiʻi","Hāmākua","Keaʻā","Mesic Forest",74
"Hawaiʻi","Hāmākua","Keaʻā","Mesic Grassland",23
"Hawaiʻi","Hāmākua","Keaʻā","Mesic Shrubland",8
"Hawaiʻi","Hāmākua","Keaʻā","N/A Forest",11
"Hawaiʻi","Hāmākua","Keaʻā","Not Vegetated",20
"Hawaiʻi","Hāmākua","Keaʻā","Wet Shrubland",12
"Hawaiʻi","Hāmākua","Kemau","Agriculture",3
"Hawaiʻi","Hāmākua","Kemau","Developed",63
"Hawaiʻi","Hāmākua","Kemau","Dry Forest",4
"Hawaiʻi","Hāmākua","Kemau","Mesic Forest",71
"Hawaiʻi","Hāmākua","Kemau","Mesic Grassland",17
"Hawaiʻi","Hāmākua","Kemau","Mesic Shrubland",6
"Hawaiʻi","Hāmākua","Kemau","N/A Forest",3
"Hawaiʻi","Hāmākua","Kemau","Not Vegetated",6
"Hawaiʻi","Hāmākua","Koholālele","Agriculture",32
"Hawaiʻi","Hāmākua","Koholālele","Developed",89
"Hawaiʻi","Hāmākua","Koholālele","Dry Forest",99
"Hawaiʻi","Hāmākua","Koholālele","Dry Grassland",66
"Hawaiʻi","Hāmākua","Koholālele","Dry Shrubland",100
"Hawaiʻi","Hāmākua","Koholālele","Mesic Forest",543
"Hawaiʻi","Hāmākua","Koholālele","Mesic Grassland",131
"Hawaiʻi","Hāmākua","Koholālele","Mesic Shrubland",30
"Hawaiʻi","Hāmākua","Koholālele","N/A Forest",15
"Hawaiʻi","Hāmākua","Koholālele","Not Vegetated",72
"Hawaiʻi","Hāmākua","Koholālele","Wet Forest",137
"Hawaiʻi","Hāmākua","Koholālele","Wet Grassland",15
"Hawaiʻi","Hāmākua","Koholālele","Wet Shrubland",25
"Hawaiʻi","Hāmākua","Koloaha, Kulihaʻi","Agriculture",4
"Hawaiʻi","Hāmākua","Koloaha, Kulihaʻi","Developed",71
"Hawaiʻi","Hāmākua","Koloaha, Kulihaʻi","Dry Forest",4
"Hawaiʻi","Hāmākua","Koloaha, Kulihaʻi","Mesic Forest",145
"Hawaiʻi","Hāmākua","Koloaha, Kulihaʻi","Mesic Grassland",67
"Hawaiʻi","Hāmākua","Koloaha, Kulihaʻi","Mesic Shrubland",6
"Hawaiʻi","Hāmākua","Koloaha, Kulihaʻi","N/A Forest",11
"Hawaiʻi","Hāmākua","Koloaha, Kulihaʻi","Not Vegetated",8
"Hawaiʻi","Hāmākua","Kuilei 1-2","Developed",32
"Hawaiʻi","Hāmākua","Kuilei 1-2","Mesic Forest",80
"Hawaiʻi","Hāmākua","Kuilei 1-2","Mesic Grassland",24
"Hawaiʻi","Hāmākua","Kuilei 1-2","N/A Forest",7
"Hawaiʻi","Hāmākua","Kuilei 1-2","Not Vegetated",9
"Hawaiʻi","Hāmākua","Kukuihaele","Agriculture",7
"Hawaiʻi","Hāmākua","Kukuihaele","Developed",53
"Hawaiʻi","Hāmākua","Kukuihaele","Mesic Forest",105
"Hawaiʻi","Hāmākua","Kukuihaele","Mesic Grassland",61
"Hawaiʻi","Hāmākua","Kukuihaele","Mesic Shrubland",24
"Hawaiʻi","Hāmākua","Kukuihaele","N/A Forest",6
"Hawaiʻi","Hāmākua","Kukuihaele","Not Vegetated",17
"Hawaiʻi","Hāmākua","Kukuihaele","Wet Shrubland",18
"Hawaiʻi","Hāmākua","Kukuihaele","Wetland",1
"Hawaiʻi","Hāmākua","Kūkaʻiau","Agriculture",9
"Hawaiʻi","Hāmākua","Kūkaʻiau","Developed",107
"Hawaiʻi","Hāmākua","Kūkaʻiau","Dry Forest",41
"Hawaiʻi","Hāmākua","Kūkaʻiau","Dry Grassland",21
"Hawaiʻi","Hāmākua","Kūkaʻiau","Dry Shrubland",65
"Hawaiʻi","Hāmākua","Kūkaʻiau","Mesic Forest",248
"Hawaiʻi","Hāmākua","Kūkaʻiau","Mesic Grassland",60
"Hawaiʻi","Hāmākua","Kūkaʻiau","Mesic Shrubland",6
"Hawaiʻi","Hāmākua","Kūkaʻiau","N/A Forest",22
"Hawaiʻi","Hāmākua","Kūkaʻiau","Not Vegetated",51
"Hawaiʻi","Hāmākua","Kūkaʻiau","Wet Forest",315
"Hawaiʻi","Hāmākua","Kūkaʻiau","Wet Grassland",41
"Hawaiʻi","Hāmākua","Kūkaʻiau","Wet Shrubland",40
"Hawaiʻi","Hāmākua","Laupāhoehoe 1","Dry Forest",2
"Hawaiʻi","Hāmākua","Laupāhoehoe 1","Mesic Forest",42
"Hawaiʻi","Hāmākua","Laupāhoehoe 1","Mesic Grassland",2
"Hawaiʻi","Hāmākua","Laupāhoehoe 1","Mesic Shrubland",3
"Hawaiʻi","Hāmākua","Laupāhoehoe 1","Not Vegetated",86
"Hawaiʻi","Hāmākua","Laupāhoehoe 1","Wet Forest",339
"Hawaiʻi","Hāmākua","Laupāhoehoe 1","Wet Grassland",133
"Hawaiʻi","Hāmākua","Laupāhoehoe 1","Wet Shrubland",126
"Hawaiʻi","Hāmākua","Malanahae","Agriculture",14
"Hawaiʻi","Hāmākua","Malanahae","Developed",47
"Hawaiʻi","Hāmākua","Malanahae","Dry Forest",2
"Hawaiʻi","Hāmākua","Malanahae","Mesic Forest",123
"Hawaiʻi","Hāmākua","Malanahae","Mesic Grassland",31
"Hawaiʻi","Hāmākua","Malanahae","N/A Forest",1
"Hawaiʻi","Hāmākua","Malanahae","Not Vegetated",4
"Hawaiʻi","Hāmākua","Manowaialeʻe","Agriculture",15
"Hawaiʻi","Hāmākua","Manowaialeʻe","Developed",13
"Hawaiʻi","Hāmākua","Manowaialeʻe","Mesic Forest",4
"Hawaiʻi","Hāmākua","Manowaialeʻe","Mesic Grassland",2
"Hawaiʻi","Hāmākua","Manowaialeʻe","N/A Forest",5
"Hawaiʻi","Hāmākua","Manowaialeʻe","Not Vegetated",10
"Hawaiʻi","Hāmākua","Manowaialeʻe","Wet Forest",71
"Hawaiʻi","Hāmākua","Manowaialeʻe","Wet Grassland",2
"Hawaiʻi","Hāmākua","Manowaialeʻe","Wet Shrubland",5
"Hawaiʻi","Hāmākua","Moʻoiki","Developed",27
"Hawaiʻi","Hāmākua","Moʻoiki","Mesic Forest",56
"Hawaiʻi","Hāmākua","Moʻoiki","Mesic Grassland",31
"Hawaiʻi","Hāmākua","Moʻoiki","N/A Forest",5
"Hawaiʻi","Hāmākua","Moʻoiki","Not Vegetated",32
"Hawaiʻi","Hāmākua","Moʻoiki","Wet Shrubland",17
"Hawaiʻi","Hāmākua","Mānienie","Developed",47
"Hawaiʻi","Hāmākua","Mānienie","Mesic Forest",138
"Hawaiʻi","Hāmākua","Mānienie","Mesic Grassland",20
"Hawaiʻi","Hāmākua","Mānienie","N/A Forest",10
"Hawaiʻi","Hāmākua","Mānienie","Not Vegetated",1
"Hawaiʻi","Hāmākua","Nakoʻoka, Laupāhoeho","Dry Forest",5
"Hawaiʻi","Hāmākua","Nakoʻoka, Laupāhoeho","Mesic Forest",126
"Hawaiʻi","Hāmākua","Nakoʻoka, Laupāhoeho","Mesic Grassland",15
"Hawaiʻi","Hāmākua","Nakoʻoka, Laupāhoeho","Mesic Shrubland",27
"Hawaiʻi","Hāmākua","Nakoʻoka, Laupāhoeho","Not Vegetated",41
"Hawaiʻi","Hāmākua","Nakoʻoka, Laupāhoeho","Wet Forest",317
"Hawaiʻi","Hāmākua","Nakoʻoka, Laupāhoeho","Wet Grassland",71
"Hawaiʻi","Hāmākua","Nakoʻoka, Laupāhoeho","Wet Shrubland",57
"Hawaiʻi","Hāmākua","Namoku, Papuaʻa","Agriculture",6
"Hawaiʻi","Hāmākua","Namoku, Papuaʻa","Developed",129
"Hawaiʻi","Hāmākua","Namoku, Papuaʻa","Dry Forest",1
"Hawaiʻi","Hāmākua","Namoku, Papuaʻa","Mesic Forest",71
"Hawaiʻi","Hāmākua","Namoku, Papuaʻa","Mesic Grassland",40
"Hawaiʻi","Hāmākua","Namoku, Papuaʻa","N/A Forest",3
"Hawaiʻi","Hāmākua","Namoku, Papuaʻa","Not Vegetated",14
"Hawaiʻi","Hāmākua","Nienie","Agriculture",25
"Hawaiʻi","Hāmākua","Nienie","Developed",595
"Hawaiʻi","Hāmākua","Nienie","Dry Forest",7
"Hawaiʻi","Hāmākua","Nienie","Dry Grassland",3
"Hawaiʻi","Hāmākua","Nienie","Mesic Forest",691
"Hawaiʻi","Hāmākua","Nienie","Mesic Grassland",185
"Hawaiʻi","Hāmākua","Nienie","Mesic Shrubland",1
"Hawaiʻi","Hāmākua","Nienie","N/A Forest",17
"Hawaiʻi","Hāmākua","Nienie","Not Vegetated",25
"Hawaiʻi","Hāmākua","Nienie","Wetland",1
"Hawaiʻi","Hāmākua","Niupea, Kealakaha","Agriculture",40
"Hawaiʻi","Hāmākua","Niupea, Kealakaha","Developed",133
"Hawaiʻi","Hāmākua","Niupea, Kealakaha","Dry Forest",6
"Hawaiʻi","Hāmākua","Niupea, Kealakaha","Mesic Forest",91
"Hawaiʻi","Hāmākua","Niupea, Kealakaha","Mesic Grassland",20
"Hawaiʻi","Hāmākua","Niupea, Kealakaha","N/A Forest",30
"Hawaiʻi","Hāmākua","Niupea, Kealakaha","Not Vegetated",20
"Hawaiʻi","Hāmākua","Niupea, Kealakaha","Wet Forest",433
"Hawaiʻi","Hāmākua","Niupea, Kealakaha","Wet Grassland",101
"Hawaiʻi","Hāmākua","Niupea, Kealakaha","Wet Shrubland",75
"Hawaiʻi","Hāmākua","Opihilala","Developed",55
"Hawaiʻi","Hāmākua","Opihilala","Dry Forest",3
"Hawaiʻi","Hāmākua","Opihilala","Mesic Forest",73
"Hawaiʻi","Hāmākua","Opihilala","Mesic Grassland",20
"Hawaiʻi","Hāmākua","Opihilala","N/A Forest",3
"Hawaiʻi","Hāmākua","Opihilala","Not Vegetated",2
"Hawaiʻi","Hāmākua","Papaki","Developed",7
"Hawaiʻi","Hāmākua","Papaki","Dry Forest",1
"Hawaiʻi","Hāmākua","Papaki","Mesic Forest",15
"Hawaiʻi","Hāmākua","Papaki","Mesic Grassland",3
"Hawaiʻi","Hāmākua","Papaki","Not Vegetated",3
"Hawaiʻi","Hāmākua","Papalele","Agriculture",4
"Hawaiʻi","Hāmākua","Papalele","Developed",36
"Hawaiʻi","Hāmākua","Papalele","Dry Forest",1
"Hawaiʻi","Hāmākua","Papalele","Mesic Forest",65
"Hawaiʻi","Hāmākua","Papalele","Mesic Grassland",16
"Hawaiʻi","Hāmākua","Papalele","Not Vegetated",5
"Hawaiʻi","Hāmākua","Papaʻanui","Agriculture",23
"Hawaiʻi","Hāmākua","Papaʻanui","Developed",122
"Hawaiʻi","Hāmākua","Papaʻanui","Dry Forest",3
"Hawaiʻi","Hāmākua","Papaʻanui","Mesic Forest",75
"Hawaiʻi","Hāmākua","Papaʻanui","Mesic Grassland",34
"Hawaiʻi","Hāmākua","Papaʻanui","N/A Forest",2
"Hawaiʻi","Hāmākua","Papaʻanui","Not Vegetated",6
"Hawaiʻi","Hāmākua","Paʻalaea","Agriculture",2
"Hawaiʻi","Hāmākua","Paʻalaea","Developed",65
"Hawaiʻi","Hāmākua","Paʻalaea","Mesic Forest",21
"Hawaiʻi","Hāmākua","Paʻalaea","Mesic Grassland",13
"Hawaiʻi","Hāmākua","Paʻalaea","N/A Forest",1
"Hawaiʻi","Hāmākua","Paʻalaea","Not Vegetated",1
"Hawaiʻi","Hāmākua","Paʻauilo","Agriculture",2
"Hawaiʻi","Hāmākua","Paʻauilo","Developed",202
"Hawaiʻi","Hāmākua","Paʻauilo","Dry Forest",3
"Hawaiʻi","Hāmākua","Paʻauilo","Mesic Forest",177
"Hawaiʻi","Hāmākua","Paʻauilo","Mesic Grassland",52
"Hawaiʻi","Hāmākua","Paʻauilo","N/A Forest",4
"Hawaiʻi","Hāmākua","Paʻauilo","Not Vegetated",14
"Hawaiʻi","Hāmākua","Pohakuhaku","Agriculture",2
"Hawaiʻi","Hāmākua","Pohakuhaku","Developed",113
"Hawaiʻi","Hāmākua","Pohakuhaku","Dry Forest",7
"Hawaiʻi","Hāmākua","Pohakuhaku","Mesic Forest",121
"Hawaiʻi","Hāmākua","Pohakuhaku","Mesic Grassland",24
"Hawaiʻi","Hāmākua","Pohakuhaku","Mesic Shrubland",3
"Hawaiʻi","Hāmākua","Pohakuhaku","N/A Forest",9
"Hawaiʻi","Hāmākua","Pohakuhaku","Not Vegetated",14
"Hawaiʻi","Hāmākua","Pāʻauhau","Agriculture",6
"Hawaiʻi","Hāmākua","Pāʻauhau","Developed",245
"Hawaiʻi","Hāmākua","Pāʻauhau","Dry Forest",7
"Hawaiʻi","Hāmākua","Pāʻauhau","Dry Grassland",45
"Hawaiʻi","Hāmākua","Pāʻauhau","Mesic Forest",441
"Hawaiʻi","Hāmākua","Pāʻauhau","Mesic Grassland",718
"Hawaiʻi","Hāmākua","Pāʻauhau","Mesic Shrubland",31
"Hawaiʻi","Hāmākua","Pāʻauhau","N/A Forest",57
"Hawaiʻi","Hāmākua","Pāʻauhau","Not Vegetated",35
"Hawaiʻi","Hāmākua","Pāʻauhau-mauka","Developed",181
"Hawaiʻi","Hāmākua","Pāʻauhau-mauka","Dry Forest",366
"Hawaiʻi","Hāmākua","Pāʻauhau-mauka","Dry Grassland",119
"Hawaiʻi","Hāmākua","Pāʻauhau-mauka","Dry Shrubland",967
"Hawaiʻi","Hāmākua","Pāʻauhau-mauka","Mesic Grassland",2
"Hawaiʻi","Hāmākua","Pāʻauhau-mauka","N/A Forest",7
"Hawaiʻi","Hāmākua","Pāʻauhau-mauka","Not Vegetated",197
"Hawaiʻi","Hāmākua","Pāʻauhau-mauka","Wetland",7
"Hawaiʻi","Hāmākua","Waikapu","Dry Forest",1
"Hawaiʻi","Hāmākua","Waikapu","Mesic Forest",67
"Hawaiʻi","Hāmākua","Waikapu","Mesic Grassland",4
"Hawaiʻi","Hāmākua","Waikapu","Mesic Shrubland",5
"Hawaiʻi","Hāmākua","Waikapu","Not Vegetated",12
"Hawaiʻi","Hāmākua","Waikapu","Wet Forest",191
"Hawaiʻi","Hāmākua","Waikapu","Wet Grassland",13
"Hawaiʻi","Hāmākua","Waikapu","Wet Shrubland",51
"Hawaiʻi","Hāmākua","Waikaʻalulu","Agriculture",1
"Hawaiʻi","Hāmākua","Waikaʻalulu","Developed",44
"Hawaiʻi","Hāmākua","Waikaʻalulu","Dry Forest",2
"Hawaiʻi","Hāmākua","Waikaʻalulu","Mesic Forest",40
"Hawaiʻi","Hāmākua","Waikaʻalulu","Mesic Grassland",8
"Hawaiʻi","Hāmākua","Waikaʻalulu","Not Vegetated",4
"Hawaiʻi","Hāmākua","Waikoekoe","Agriculture",3
"Hawaiʻi","Hāmākua","Waikoekoe","Developed",307
"Hawaiʻi","Hāmākua","Waikoekoe","Mesic Forest",353
"Hawaiʻi","Hāmākua","Waikoekoe","Mesic Grassland",176
"Hawaiʻi","Hāmākua","Waikoekoe","Mesic Shrubland",58
"Hawaiʻi","Hāmākua","Waikoekoe","N/A Forest",17
"Hawaiʻi","Hāmākua","Waikoekoe","Not Vegetated",37
"Hawaiʻi","Hāmākua","Waikoekoe","Wet Shrubland",34
"Hawaiʻi","Hāmākua","Waikoekoe","Wetland",4
"Hawaiʻi","Hāmākua","Waikoloa","Developed",58
"Hawaiʻi","Hāmākua","Waikoloa","Mesic Forest",159
"Hawaiʻi","Hāmākua","Waikoloa","Mesic Grassland",19
"Hawaiʻi","Hāmākua","Waikoloa","N/A Forest",3
"Hawaiʻi","Hāmākua","Waikoloa","Not Vegetated",1
"Hawaiʻi","Hāmākua","Waimanu","Dry Forest",5
"Hawaiʻi","Hāmākua","Waimanu","Mesic Forest",83
"Hawaiʻi","Hāmākua","Waimanu","Mesic Grassland",35
"Hawaiʻi","Hāmākua","Waimanu","Mesic Shrubland",33
"Hawaiʻi","Hāmākua","Waimanu","Not Vegetated",27
"Hawaiʻi","Hāmākua","Waimanu","Wet Forest",92
"Hawaiʻi","Hāmākua","Waimanu","Wet Grassland",28
"Hawaiʻi","Hāmākua","Waimanu","Wet Shrubland",30
"Hawaiʻi","Hāmākua","Waimanu","Wetland",6
"Hawaiʻi","Hāmākua","Waipiʻo","Agriculture",11
"Hawaiʻi","Hāmākua","Waipiʻo","Developed",135
"Hawaiʻi","Hāmākua","Waipiʻo","Dry Forest",2
"Hawaiʻi","Hāmākua","Waipiʻo","Mesic Forest",603
"Hawaiʻi","Hāmākua","Waipiʻo","Mesic Grassland",199
"Hawaiʻi","Hāmākua","Waipiʻo","Mesic Shrubland",221
"Hawaiʻi","Hāmākua","Waipiʻo","N/A Forest",10
"Hawaiʻi","Hāmākua","Waipiʻo","Not Vegetated",107
"Hawaiʻi","Hāmākua","Waipiʻo","Wet Forest",300
"Hawaiʻi","Hāmākua","Waipiʻo","Wet Grassland",88
"Hawaiʻi","Hāmākua","Waipiʻo","Wet Shrubland",155
"Hawaiʻi","Hāmākua","Waipiʻo","Wetland",6
"Hawaiʻi","Hāmākua","Waiʻaleʻale 1-2","Developed",41
"Hawaiʻi","Hāmākua","Waiʻaleʻale 1-2","Dry Forest",4
"Hawaiʻi","Hāmākua","Waiʻaleʻale 1-2","Mesic Forest",122
"Hawaiʻi","Hāmākua","Waiʻaleʻale 1-2","Mesic Grassland",18
"Hawaiʻi","Hāmākua","Waiʻaleʻale 1-2","N/A Forest",4
"Hawaiʻi","Hāmākua","Waiʻaleʻale 1-2","Not Vegetated",3
"Hawaiʻi","Hāmākua","Weha, Mahakuolo","Agriculture",2
"Hawaiʻi","Hāmākua","Weha, Mahakuolo","Developed",201
"Hawaiʻi","Hāmākua","Weha, Mahakuolo","Dry Forest",2
"Hawaiʻi","Hāmākua","Weha, Mahakuolo","Mesic Forest",233
"Hawaiʻi","Hāmākua","Weha, Mahakuolo","Mesic Grassland",50
"Hawaiʻi","Hāmākua","Weha, Mahakuolo","Mesic Shrubland",25
"Hawaiʻi","Hāmākua","Weha, Mahakuolo","N/A Forest",3
"Hawaiʻi","Hāmākua","Weha, Mahakuolo","Not Vegetated",17
"Hawaiʻi","Hāmākua","Weha, Mahakuolo","Wetland",1
"Hawaiʻi","Hāmākua","ʻĀpua","Mesic Forest",42
"Hawaiʻi","Hāmākua","ʻĀpua","Mesic Grassland",1
"Hawaiʻi","Hāmākua","ʻĀpua","Mesic Shrubland",7
"Hawaiʻi","Hāmākua","ʻĀpua","Not Vegetated",11
"Hawaiʻi","Hāmākua","ʻĀpua","Wet Forest",210
"Hawaiʻi","Hāmākua","ʻĀpua","Wet Grassland",31
"Hawaiʻi","Hāmākua","ʻĀpua","Wet Shrubland",71
"Hawaiʻi","Hāmākua","ʻĀʻāmanu","Agriculture",1
"Hawaiʻi","Hāmākua","ʻĀʻāmanu","Developed",34
"Hawaiʻi","Hāmākua","ʻĀʻāmanu","Dry Forest",1
"Hawaiʻi","Hāmākua","ʻĀʻāmanu","Mesic Forest",152
"Hawaiʻi","Hāmākua","ʻĀʻāmanu","Mesic Grassland",13
"Hawaiʻi","Hāmākua","ʻĀʻāmanu","N/A Forest",7
"Hawaiʻi","Hāmākua","ʻĀʻāmanu","Not Vegetated",2
"Hawaiʻi","Kaʻū","Halelua, Wailoa, Kumu","Agriculture",182
"Hawaiʻi","Kaʻū","Halelua, Wailoa, Kumu","Developed",99
"Hawaiʻi","Kaʻū","Halelua, Wailoa, Kumu","Dry Forest",30
"Hawaiʻi","Kaʻū","Halelua, Wailoa, Kumu","Dry Grassland",60
"Hawaiʻi","Kaʻū","Halelua, Wailoa, Kumu","Dry Shrubland",254
"Hawaiʻi","Kaʻū","Halelua, Wailoa, Kumu","Mesic Forest",73
"Hawaiʻi","Kaʻū","Halelua, Wailoa, Kumu","Mesic Grassland",102
"Hawaiʻi","Kaʻū","Halelua, Wailoa, Kumu","Mesic Shrubland",41
"Hawaiʻi","Kaʻū","Halelua, Wailoa, Kumu","N/A Forest",3
"Hawaiʻi","Kaʻū","Halelua, Wailoa, Kumu","Not Vegetated",142
"Hawaiʻi","Kaʻū","Halelua, Wailoa, Kumu","Wet Forest",44
"Hawaiʻi","Kaʻū","Halelua, Wailoa, Kumu","Wet Grassland",21
"Hawaiʻi","Kaʻū","Halelua, Wailoa, Kumu","Wet Shrubland",24
"Hawaiʻi","Kaʻū","Halelua, Wailoa, Kumu","Wetland",1
"Hawaiʻi","Kaʻū","Hionamoa","Agriculture",89
"Hawaiʻi","Kaʻū","Hionamoa","Developed",46
"Hawaiʻi","Kaʻū","Hionamoa","Dry Forest",44
"Hawaiʻi","Kaʻū","Hionamoa","Dry Grassland",62
"Hawaiʻi","Kaʻū","Hionamoa","Dry Shrubland",133
"Hawaiʻi","Kaʻū","Hionamoa","Mesic Forest",34
"Hawaiʻi","Kaʻū","Hionamoa","Mesic Grassland",19
"Hawaiʻi","Kaʻū","Hionamoa","Mesic Shrubland",7
"Hawaiʻi","Kaʻū","Hionamoa","N/A Forest",1
"Hawaiʻi","Kaʻū","Hionamoa","Not Vegetated",24
"Hawaiʻi","Kaʻū","Hionamoa","Wet Forest",4
"Hawaiʻi","Kaʻū","Hionamoa","Wet Grassland",3
"Hawaiʻi","Kaʻū","Hionamoa","Wet Shrubland",1
"Hawaiʻi","Kaʻū","Honuʻapo","Agriculture",73
"Hawaiʻi","Kaʻū","Honuʻapo","Developed",63
"Hawaiʻi","Kaʻū","Honuʻapo","Dry Forest",61
"Hawaiʻi","Kaʻū","Honuʻapo","Dry Grassland",29
"Hawaiʻi","Kaʻū","Honuʻapo","Dry Shrubland",45
"Hawaiʻi","Kaʻū","Honuʻapo","Mesic Forest",90
"Hawaiʻi","Kaʻū","Honuʻapo","Mesic Grassland",106
"Hawaiʻi","Kaʻū","Honuʻapo","Mesic Shrubland",8
"Hawaiʻi","Kaʻū","Honuʻapo","N/A Forest",2
"Hawaiʻi","Kaʻū","Honuʻapo","Not Vegetated",5
"Hawaiʻi","Kaʻū","Honuʻapo","Wet Forest",20
"Hawaiʻi","Kaʻū","Honuʻapo","Wet Grassland",10
"Hawaiʻi","Kaʻū","Honuʻapo","Wetland",1
"Hawaiʻi","Kaʻū","Hīleaiki","Agriculture",111
"Hawaiʻi","Kaʻū","Hīleaiki","Developed",42
"Hawaiʻi","Kaʻū","Hīleaiki","Dry Forest",42
"Hawaiʻi","Kaʻū","Hīleaiki","Dry Grassland",11
"Hawaiʻi","Kaʻū","Hīleaiki","Dry Shrubland",62
"Hawaiʻi","Kaʻū","Hīleaiki","Mesic Forest",39
"Hawaiʻi","Kaʻū","Hīleaiki","Mesic Grassland",72
"Hawaiʻi","Kaʻū","Hīleaiki","Mesic Shrubland",94
"Hawaiʻi","Kaʻū","Hīleaiki","Not Vegetated",30
"Hawaiʻi","Kaʻū","Hīleaiki","Wet Forest",76
"Hawaiʻi","Kaʻū","Hīleaiki","Wet Grassland",28
"Hawaiʻi","Kaʻū","Hīleaiki","Wet Shrubland",13
"Hawaiʻi","Kaʻū","Hīleanui","Agriculture",102
"Hawaiʻi","Kaʻū","Hīleanui","Developed",55
"Hawaiʻi","Kaʻū","Hīleanui","Dry Forest",4
"Hawaiʻi","Kaʻū","Hīleanui","Dry Grassland",93
"Hawaiʻi","Kaʻū","Hīleanui","Dry Shrubland",79
"Hawaiʻi","Kaʻū","Hīleanui","Mesic Forest",37
"Hawaiʻi","Kaʻū","Hīleanui","Mesic Grassland",68
"Hawaiʻi","Kaʻū","Hīleanui","Mesic Shrubland",83
"Hawaiʻi","Kaʻū","Hīleanui","Not Vegetated",23
"Hawaiʻi","Kaʻū","Hīleanui","Wet Forest",465
"Hawaiʻi","Kaʻū","Hīleanui","Wet Grassland",49
"Hawaiʻi","Kaʻū","Hīleanui","Wet Shrubland",70
"Hawaiʻi","Kaʻū","Kahilipaliiki, Kah","Agriculture",14
"Hawaiʻi","Kaʻū","Kahilipaliiki, Kah","Developed",22
"Hawaiʻi","Kaʻū","Kahilipaliiki, Kah","Dry Forest",145
"Hawaiʻi","Kaʻū","Kahilipaliiki, Kah","Dry Grassland",54
"Hawaiʻi","Kaʻū","Kahilipaliiki, Kah","Dry Shrubland",99
"Hawaiʻi","Kaʻū","Kahilipaliiki, Kah","Mesic Forest",31
"Hawaiʻi","Kaʻū","Kahilipaliiki, Kah","Mesic Grassland",39
"Hawaiʻi","Kaʻū","Kahilipaliiki, Kah","Mesic Shrubland",28
"Hawaiʻi","Kaʻū","Kahilipaliiki, Kah","Not Vegetated",32
"Hawaiʻi","Kaʻū","Kahilipalinui","Agriculture",80
"Hawaiʻi","Kaʻū","Kahilipalinui","Developed",22
"Hawaiʻi","Kaʻū","Kahilipalinui","Dry Forest",112
"Hawaiʻi","Kaʻū","Kahilipalinui","Dry Grassland",93
"Hawaiʻi","Kaʻū","Kahilipalinui","Dry Shrubland",105
"Hawaiʻi","Kaʻū","Kahilipalinui","Mesic Forest",55
"Hawaiʻi","Kaʻū","Kahilipalinui","Mesic Grassland",48
"Hawaiʻi","Kaʻū","Kahilipalinui","Mesic Shrubland",30
"Hawaiʻi","Kaʻū","Kahilipalinui","Not Vegetated",7
"Hawaiʻi","Kaʻū","Kahilipalinui","Wet Forest",61
"Hawaiʻi","Kaʻū","Kahilipalinui","Wet Grassland",30
"Hawaiʻi","Kaʻū","Kahilipalinui","Wet Shrubland",39
"Hawaiʻi","Kaʻū","Kahuku","Agriculture",67
"Hawaiʻi","Kaʻū","Kahuku","Developed",5624
"Hawaiʻi","Kaʻū","Kahuku","Dry Forest",2128
"Hawaiʻi","Kaʻū","Kahuku","Dry Grassland",101
"Hawaiʻi","Kaʻū","Kahuku","Dry Shrubland",2014
"Hawaiʻi","Kaʻū","Kahuku","Mesic Forest",3534
"Hawaiʻi","Kaʻū","Kahuku","Mesic Grassland",560
"Hawaiʻi","Kaʻū","Kahuku","Mesic Shrubland",3617
"Hawaiʻi","Kaʻū","Kahuku","Not Vegetated",3104
"Hawaiʻi","Kaʻū","Kahuku","Wet Forest",299
"Hawaiʻi","Kaʻū","Kahuku","Wet Grassland",26
"Hawaiʻi","Kaʻū","Kahuku","Wet Shrubland",95
"Hawaiʻi","Kaʻū","Kahuku","Wetland",3
"Hawaiʻi","Kaʻū","Kamāʻoa, Puʻuʻeo, Ke","Agriculture",3
"Hawaiʻi","Kaʻū","Kamāʻoa, Puʻuʻeo, Ke","Developed",194
"Hawaiʻi","Kaʻū","Kamāʻoa, Puʻuʻeo, Ke","Dry Forest",309
"Hawaiʻi","Kaʻū","Kamāʻoa, Puʻuʻeo, Ke","Dry Grassland",131
"Hawaiʻi","Kaʻū","Kamāʻoa, Puʻuʻeo, Ke","Dry Shrubland",377
"Hawaiʻi","Kaʻū","Kamāʻoa, Puʻuʻeo, Ke","Mesic Forest",39
"Hawaiʻi","Kaʻū","Kamāʻoa, Puʻuʻeo, Ke","Mesic Grassland",26
"Hawaiʻi","Kaʻū","Kamāʻoa, Puʻuʻeo, Ke","Mesic Shrubland",39
"Hawaiʻi","Kaʻū","Kamāʻoa, Puʻuʻeo, Ke","Not Vegetated",63
"Hawaiʻi","Kaʻū","Kapāpala","Agriculture",681
"Hawaiʻi","Kaʻū","Kapāpala","Developed",821
"Hawaiʻi","Kaʻū","Kapāpala","Dry Forest",2217
"Hawaiʻi","Kaʻū","Kapāpala","Dry Grassland",1068
"Hawaiʻi","Kaʻū","Kapāpala","Dry Shrubland",1926
"Hawaiʻi","Kaʻū","Kapāpala","Mesic Forest",5421
"Hawaiʻi","Kaʻū","Kapāpala","Mesic Grassland",949
"Hawaiʻi","Kaʻū","Kapāpala","Mesic Shrubland",3016
"Hawaiʻi","Kaʻū","Kapāpala","N/A Forest",5
"Hawaiʻi","Kaʻū","Kapāpala","Not Vegetated",1987
"Hawaiʻi","Kaʻū","Kapāpala","Wet Forest",657
"Hawaiʻi","Kaʻū","Kapāpala","Wet Grassland",58
"Hawaiʻi","Kaʻū","Kapāpala","Wet Shrubland",80
"Hawaiʻi","Kaʻū","Kaunāmano, Napauku","Agriculture",138
"Hawaiʻi","Kaʻū","Kaunāmano, Napauku","Developed",121
"Hawaiʻi","Kaʻū","Kaunāmano, Napauku","Dry Forest",162
"Hawaiʻi","Kaʻū","Kaunāmano, Napauku","Dry Grassland",99
"Hawaiʻi","Kaʻū","Kaunāmano, Napauku","Dry Shrubland",89
"Hawaiʻi","Kaʻū","Kaunāmano, Napauku","Mesic Forest",125
"Hawaiʻi","Kaʻū","Kaunāmano, Napauku","Mesic Grassland",176
"Hawaiʻi","Kaʻū","Kaunāmano, Napauku","Mesic Shrubland",84
"Hawaiʻi","Kaʻū","Kaunāmano, Napauku","N/A Forest",1
"Hawaiʻi","Kaʻū","Kaunāmano, Napauku","Not Vegetated",22
"Hawaiʻi","Kaʻū","Kaunāmano, Napauku","Wet Forest",82
"Hawaiʻi","Kaʻū","Kaunāmano, Napauku","Wet Grassland",21
"Hawaiʻi","Kaʻū","Kaunāmano, Napauku","Wet Shrubland",49
"Hawaiʻi","Kaʻū","Kawela","Agriculture",1
"Hawaiʻi","Kaʻū","Kawela","Developed",29
"Hawaiʻi","Kaʻū","Kawela","Dry Forest",187
"Hawaiʻi","Kaʻū","Kawela","Dry Grassland",102
"Hawaiʻi","Kaʻū","Kawela","Dry Shrubland",212
"Hawaiʻi","Kaʻū","Kawela","Mesic Forest",44
"Hawaiʻi","Kaʻū","Kawela","Mesic Grassland",41
"Hawaiʻi","Kaʻū","Kawela","Mesic Shrubland",50
"Hawaiʻi","Kaʻū","Kawela","Not Vegetated",15
"Hawaiʻi","Kaʻū","Kaʻalaʻala, Kanaio","Agriculture",312
"Hawaiʻi","Kaʻū","Kaʻalaʻala, Kanaio","Developed",158
"Hawaiʻi","Kaʻū","Kaʻalaʻala, Kanaio","Dry Grassland",27
"Hawaiʻi","Kaʻū","Kaʻalaʻala, Kanaio","Dry Shrubland",213
"Hawaiʻi","Kaʻū","Kaʻalaʻala, Kanaio","Mesic Forest",318
"Hawaiʻi","Kaʻū","Kaʻalaʻala, Kanaio","Mesic Grassland",170
"Hawaiʻi","Kaʻū","Kaʻalaʻala, Kanaio","Mesic Shrubland",251
"Hawaiʻi","Kaʻū","Kaʻalaʻala, Kanaio","N/A Forest",8
"Hawaiʻi","Kaʻū","Kaʻalaʻala, Kanaio","Not Vegetated",199
"Hawaiʻi","Kaʻū","Kaʻalaʻala, Kanaio","Wet Forest",370
"Hawaiʻi","Kaʻū","Kaʻalaʻala, Kanaio","Wet Grassland",125
"Hawaiʻi","Kaʻū","Kaʻalaʻala, Kanaio","Wet Shrubland",30
"Hawaiʻi","Kaʻū","Kaʻalāiki, Hiʻonaʻā","Agriculture",222
"Hawaiʻi","Kaʻū","Kaʻalāiki, Hiʻonaʻā","Developed",140
"Hawaiʻi","Kaʻū","Kaʻalāiki, Hiʻonaʻā","Dry Forest",113
"Hawaiʻi","Kaʻū","Kaʻalāiki, Hiʻonaʻā","Dry Grassland",120
"Hawaiʻi","Kaʻū","Kaʻalāiki, Hiʻonaʻā","Dry Shrubland",122
"Hawaiʻi","Kaʻū","Kaʻalāiki, Hiʻonaʻā","Mesic Forest",140
"Hawaiʻi","Kaʻū","Kaʻalāiki, Hiʻonaʻā","Mesic Grassland",214
"Hawaiʻi","Kaʻū","Kaʻalāiki, Hiʻonaʻā","Mesic Shrubland",148
"Hawaiʻi","Kaʻū","Kaʻalāiki, Hiʻonaʻā","N/A Forest",2
"Hawaiʻi","Kaʻū","Kaʻalāiki, Hiʻonaʻā","Not Vegetated",104
"Hawaiʻi","Kaʻū","Kaʻalāiki, Hiʻonaʻā","Wet Forest",1328
"Hawaiʻi","Kaʻū","Kaʻalāiki, Hiʻonaʻā","Wet Grassland",83
"Hawaiʻi","Kaʻū","Kaʻalāiki, Hiʻonaʻā","Wet Shrubland",175
"Hawaiʻi","Kaʻū","Kaʻalāiki, Hiʻonaʻā","Wetland",2
"Hawaiʻi","Kaʻū","Keauhou","Agriculture",367
"Hawaiʻi","Kaʻū","Keauhou","Developed",801
"Hawaiʻi","Kaʻū","Keauhou","Dry Forest",498
"Hawaiʻi","Kaʻū","Keauhou","Dry Grassland",231
"Hawaiʻi","Kaʻū","Keauhou","Dry Shrubland",361
"Hawaiʻi","Kaʻū","Keauhou","Mesic Forest",3229
"Hawaiʻi","Kaʻū","Keauhou","Mesic Grassland",409
"Hawaiʻi","Kaʻū","Keauhou","Mesic Shrubland",1334
"Hawaiʻi","Kaʻū","Keauhou","Not Vegetated",909
"Hawaiʻi","Kaʻū","Keauhou","Wet Forest",1492
"Hawaiʻi","Kaʻū","Keauhou","Wet Grassland",59
"Hawaiʻi","Kaʻū","Keauhou","Wet Shrubland",200
"Hawaiʻi","Kaʻū","Keaīwa","Agriculture",50
"Hawaiʻi","Kaʻū","Keaīwa","Developed",81
"Hawaiʻi","Kaʻū","Keaīwa","Dry Forest",1
"Hawaiʻi","Kaʻū","Keaīwa","Dry Shrubland",40
"Hawaiʻi","Kaʻū","Keaīwa","Mesic Forest",23
"Hawaiʻi","Kaʻū","Keaīwa","Mesic Grassland",33
"Hawaiʻi","Kaʻū","Keaīwa","Mesic Shrubland",68
"Hawaiʻi","Kaʻū","Keaīwa","N/A Forest",2
"Hawaiʻi","Kaʻū","Keaīwa","Not Vegetated",53
"Hawaiʻi","Kaʻū","Keaīwa","Wet Forest",8
"Hawaiʻi","Kaʻū","Keaīwa","Wet Grassland",27
"Hawaiʻi","Kaʻū","Keaīwa","Wet Shrubland",13
"Hawaiʻi","Kaʻū","Keaīwa","Wetland",1
"Hawaiʻi","Kaʻū","Kiolakaʻa, Puʻumakaʻā","Agriculture",45
"Hawaiʻi","Kaʻū","Kiolakaʻa, Puʻumakaʻā","Developed",500
"Hawaiʻi","Kaʻū","Kiolakaʻa, Puʻumakaʻā","Dry Forest",255
"Hawaiʻi","Kaʻū","Kiolakaʻa, Puʻumakaʻā","Dry Grassland",119
"Hawaiʻi","Kaʻū","Kiolakaʻa, Puʻumakaʻā","Dry Shrubland",202
"Hawaiʻi","Kaʻū","Kiolakaʻa, Puʻumakaʻā","Mesic Forest",324
"Hawaiʻi","Kaʻū","Kiolakaʻa, Puʻumakaʻā","Mesic Grassland",341
"Hawaiʻi","Kaʻū","Kiolakaʻa, Puʻumakaʻā","Mesic Shrubland",246
"Hawaiʻi","Kaʻū","Kiolakaʻa, Puʻumakaʻā","N/A Forest",2
"Hawaiʻi","Kaʻū","Kiolakaʻa, Puʻumakaʻā","Not Vegetated",34
"Hawaiʻi","Kaʻū","Kiolakaʻa, Puʻumakaʻā","Wet Forest",828
"Hawaiʻi","Kaʻū","Kiolakaʻa, Puʻumakaʻā","Wet Grassland",13
"Hawaiʻi","Kaʻū","Kiolakaʻa, Puʻumakaʻā","Wet Shrubland",49
"Hawaiʻi","Kaʻū","Kāwala","Agriculture",50
"Hawaiʻi","Kaʻū","Kāwala","Developed",190
"Hawaiʻi","Kaʻū","Kāwala","Dry Forest",47
"Hawaiʻi","Kaʻū","Kāwala","Dry Grassland",55
"Hawaiʻi","Kaʻū","Kāwala","Dry Shrubland",75
"Hawaiʻi","Kaʻū","Kāwala","Mesic Forest",80
"Hawaiʻi","Kaʻū","Kāwala","Mesic Grassland",53
"Hawaiʻi","Kaʻū","Kāwala","Mesic Shrubland",38
"Hawaiʻi","Kaʻū","Kāwala","Not Vegetated",5
"Hawaiʻi","Kaʻū","Kīʻao","Dry Forest",11
"Hawaiʻi","Kaʻū","Kīʻao","Dry Grassland",31
"Hawaiʻi","Kaʻū","Kīʻao","Dry Shrubland",93
"Hawaiʻi","Kaʻū","Kīʻao","Mesic Forest",37
"Hawaiʻi","Kaʻū","Kīʻao","Mesic Grassland",21
"Hawaiʻi","Kaʻū","Kīʻao","Mesic Shrubland",54
"Hawaiʻi","Kaʻū","Kīʻao","Not Vegetated",65
"Hawaiʻi","Kaʻū","Kīʻolokū","Agriculture",42
"Hawaiʻi","Kaʻū","Kīʻolokū","Developed",9
"Hawaiʻi","Kaʻū","Kīʻolokū","Dry Forest",16
"Hawaiʻi","Kaʻū","Kīʻolokū","Dry Grassland",5
"Hawaiʻi","Kaʻū","Kīʻolokū","Dry Shrubland",7
"Hawaiʻi","Kaʻū","Kīʻolokū","Mesic Forest",21
"Hawaiʻi","Kaʻū","Kīʻolokū","Mesic Grassland",31
"Hawaiʻi","Kaʻū","Kīʻolokū","Mesic Shrubland",5
"Hawaiʻi","Kaʻū","Kīʻolokū","N/A Forest",1
"Hawaiʻi","Kaʻū","Kīʻolokū","Not Vegetated",3
"Hawaiʻi","Kaʻū","Kīʻolokū","Wet Forest",43
"Hawaiʻi","Kaʻū","Kīʻolokū","Wet Grassland",5
"Hawaiʻi","Kaʻū","Kīʻolokū","Wet Shrubland",7
"Hawaiʻi","Kaʻū","Manukā","Agriculture",37
"Hawaiʻi","Kaʻū","Manukā","Developed",72
"Hawaiʻi","Kaʻū","Manukā","Dry Forest",410
"Hawaiʻi","Kaʻū","Manukā","Dry Grassland",29
"Hawaiʻi","Kaʻū","Manukā","Dry Shrubland",432
"Hawaiʻi","Kaʻū","Manukā","Mesic Forest",885
"Hawaiʻi","Kaʻū","Manukā","Mesic Grassland",1
"Hawaiʻi","Kaʻū","Manukā","Mesic Shrubland",361
"Hawaiʻi","Kaʻū","Manukā","Not Vegetated",744
"Hawaiʻi","Kaʻū","Manukā","Wet Shrubland",31
"Hawaiʻi","Kaʻū","Mohokea","Agriculture",84
"Hawaiʻi","Kaʻū","Mohokea","Developed",10
"Hawaiʻi","Kaʻū","Mohokea","Dry Forest",2
"Hawaiʻi","Kaʻū","Mohokea","Dry Grassland",1
"Hawaiʻi","Kaʻū","Mohokea","Mesic Forest",39
"Hawaiʻi","Kaʻū","Mohokea","Mesic Grassland",13
"Hawaiʻi","Kaʻū","Mohokea","Mesic Shrubland",8
"Hawaiʻi","Kaʻū","Mohokea","N/A Forest",3
"Hawaiʻi","Kaʻū","Mohokea","Wet Forest",146
"Hawaiʻi","Kaʻū","Mohokea","Wet Grassland",9
"Hawaiʻi","Kaʻū","Mohokea","Wet Shrubland",4
"Hawaiʻi","Kaʻū","Mohokeanui","Agriculture",7
"Hawaiʻi","Kaʻū","Mohokeanui","Dry Forest",9
"Hawaiʻi","Kaʻū","Mohokeanui","Dry Grassland",12
"Hawaiʻi","Kaʻū","Mohokeanui","Dry Shrubland",22
"Hawaiʻi","Kaʻū","Mohokeanui","Not Vegetated",6
"Hawaiʻi","Kaʻū","Palauhulu 1-2","Agriculture",1
"Hawaiʻi","Kaʻū","Palauhulu 1-2","Developed",43
"Hawaiʻi","Kaʻū","Palauhulu 1-2","Dry Forest",20
"Hawaiʻi","Kaʻū","Palauhulu 1-2","Dry Grassland",8
"Hawaiʻi","Kaʻū","Palauhulu 1-2","Dry Shrubland",7
"Hawaiʻi","Kaʻū","Palauhulu 1-2","Mesic Forest",23
"Hawaiʻi","Kaʻū","Palauhulu 1-2","Mesic Grassland",33
"Hawaiʻi","Kaʻū","Palauhulu 1-2","Mesic Shrubland",20
"Hawaiʻi","Kaʻū","Punaluʻu","Agriculture",271
"Hawaiʻi","Kaʻū","Punaluʻu","Developed",147
"Hawaiʻi","Kaʻū","Punaluʻu","Dry Forest",73
"Hawaiʻi","Kaʻū","Punaluʻu","Dry Grassland",90
"Hawaiʻi","Kaʻū","Punaluʻu","Dry Shrubland",204
"Hawaiʻi","Kaʻū","Punaluʻu","Mesic Forest",110
"Hawaiʻi","Kaʻū","Punaluʻu","Mesic Grassland",42
"Hawaiʻi","Kaʻū","Punaluʻu","Mesic Shrubland",37
"Hawaiʻi","Kaʻū","Punaluʻu","N/A Forest",2
"Hawaiʻi","Kaʻū","Punaluʻu","Not Vegetated",27
"Hawaiʻi","Kaʻū","Punaluʻu","Wet Forest",148
"Hawaiʻi","Kaʻū","Punaluʻu","Wet Grassland",29
"Hawaiʻi","Kaʻū","Punaluʻu","Wet Shrubland",15
"Hawaiʻi","Kaʻū","Punaluʻu","Wetland",5
"Hawaiʻi","Kaʻū","Pākiniiki","Developed",2
"Hawaiʻi","Kaʻū","Pākiniiki","Dry Forest",57
"Hawaiʻi","Kaʻū","Pākiniiki","Dry Grassland",16
"Hawaiʻi","Kaʻū","Pākiniiki","Dry Shrubland",66
"Hawaiʻi","Kaʻū","Pākiniiki","Mesic Forest",29
"Hawaiʻi","Kaʻū","Pākiniiki","Mesic Grassland",15
"Hawaiʻi","Kaʻū","Pākiniiki","Mesic Shrubland",35
"Hawaiʻi","Kaʻū","Pākiniiki","Not Vegetated",37
"Hawaiʻi","Kaʻū","Pākiniiki","Wet Shrubland",8
"Hawaiʻi","Kaʻū","Pākininui, Puʻulena","Developed",12
"Hawaiʻi","Kaʻū","Pākininui, Puʻulena","Dry Forest",219
"Hawaiʻi","Kaʻū","Pākininui, Puʻulena","Dry Grassland",37
"Hawaiʻi","Kaʻū","Pākininui, Puʻulena","Dry Shrubland",151
"Hawaiʻi","Kaʻū","Pākininui, Puʻulena","Mesic Forest",29
"Hawaiʻi","Kaʻū","Pākininui, Puʻulena","Mesic Grassland",10
"Hawaiʻi","Kaʻū","Pākininui, Puʻulena","Mesic Shrubland",47
"Hawaiʻi","Kaʻū","Pākininui, Puʻulena","Not Vegetated",76
"Hawaiʻi","Kaʻū","Pākininui, Puʻulena","Wet Shrubland",5
"Hawaiʻi","Kaʻū","Pāʻauʻau 1, Palima","Agriculture",70
"Hawaiʻi","Kaʻū","Pāʻauʻau 1, Palima","Developed",164
"Hawaiʻi","Kaʻū","Pāʻauʻau 1, Palima","Dry Forest",9
"Hawaiʻi","Kaʻū","Pāʻauʻau 1, Palima","Dry Grassland",27
"Hawaiʻi","Kaʻū","Pāʻauʻau 1, Palima","Dry Shrubland",98
"Hawaiʻi","Kaʻū","Pāʻauʻau 1, Palima","Mesic Forest",27
"Hawaiʻi","Kaʻū","Pāʻauʻau 1, Palima","Mesic Grassland",42
"Hawaiʻi","Kaʻū","Pāʻauʻau 1, Palima","Mesic Shrubland",36
"Hawaiʻi","Kaʻū","Pāʻauʻau 1, Palima","N/A Forest",1
"Hawaiʻi","Kaʻū","Pāʻauʻau 1, Palima","Not Vegetated",9
"Hawaiʻi","Kaʻū","Pāʻauʻau 1, Palima","Wet Grassland",14
"Hawaiʻi","Kaʻū","Pāʻauʻau 1, Palima","Wet Shrubland",7
"Hawaiʻi","Kaʻū","Pāʻauʻau 2","Agriculture",94
"Hawaiʻi","Kaʻū","Pāʻauʻau 2","Developed",142
"Hawaiʻi","Kaʻū","Pāʻauʻau 2","Dry Forest",40
"Hawaiʻi","Kaʻū","Pāʻauʻau 2","Dry Grassland",39
"Hawaiʻi","Kaʻū","Pāʻauʻau 2","Dry Shrubland",148
"Hawaiʻi","Kaʻū","Pāʻauʻau 2","Mesic Forest",27
"Hawaiʻi","Kaʻū","Pāʻauʻau 2","Mesic Grassland",14
"Hawaiʻi","Kaʻū","Pāʻauʻau 2","Mesic Shrubland",1
"Hawaiʻi","Kaʻū","Pāʻauʻau 2","N/A Forest",2
"Hawaiʻi","Kaʻū","Pāʻauʻau 2","Not Vegetated",37
"Hawaiʻi","Kaʻū","Pāʻauʻau 2","Wet Forest",339
"Hawaiʻi","Kaʻū","Pāʻauʻau 2","Wet Grassland",8
"Hawaiʻi","Kaʻū","Pāʻauʻau 2","Wet Shrubland",39
"Hawaiʻi","Kaʻū","Wailau, Nīnole, Kaʻa","Agriculture",499
"Hawaiʻi","Kaʻū","Wailau, Nīnole, Kaʻa","Developed",302
"Hawaiʻi","Kaʻū","Wailau, Nīnole, Kaʻa","Dry Forest",210
"Hawaiʻi","Kaʻū","Wailau, Nīnole, Kaʻa","Dry Grassland",171
"Hawaiʻi","Kaʻū","Wailau, Nīnole, Kaʻa","Dry Shrubland",331
"Hawaiʻi","Kaʻū","Wailau, Nīnole, Kaʻa","Mesic Forest",711
"Hawaiʻi","Kaʻū","Wailau, Nīnole, Kaʻa","Mesic Grassland",297
"Hawaiʻi","Kaʻū","Wailau, Nīnole, Kaʻa","Mesic Shrubland",290
"Hawaiʻi","Kaʻū","Wailau, Nīnole, Kaʻa","N/A Forest",15
"Hawaiʻi","Kaʻū","Wailau, Nīnole, Kaʻa","Not Vegetated",229
"Hawaiʻi","Kaʻū","Wailau, Nīnole, Kaʻa","Wet Forest",3117
"Hawaiʻi","Kaʻū","Wailau, Nīnole, Kaʻa","Wet Grassland",140
"Hawaiʻi","Kaʻū","Wailau, Nīnole, Kaʻa","Wet Shrubland",230
"Hawaiʻi","Kaʻū","Wailau, Nīnole, Kaʻa","Wetland",1
"Hawaiʻi","Kaʻū","Waiomao","Agriculture",4
"Hawaiʻi","Kaʻū","Waiomao","Developed",82
"Hawaiʻi","Kaʻū","Waiomao","Dry Forest",46
"Hawaiʻi","Kaʻū","Waiomao","Dry Grassland",22
"Hawaiʻi","Kaʻū","Waiomao","Dry Shrubland",21
"Hawaiʻi","Kaʻū","Waiomao","Mesic Forest",54
"Hawaiʻi","Kaʻū","Waiomao","Mesic Grassland",87
"Hawaiʻi","Kaʻū","Waiomao","Mesic Shrubland",35
"Hawaiʻi","Kaʻū","Waiomao","N/A Forest",1
"Hawaiʻi","Kaʻū","Waiomao","Wet Forest",2
"Hawaiʻi","Kaʻū","Waiomao","Wet Shrubland",1
"Hawaiʻi","Kaʻū","Waiʻōhinu","Agriculture",92
"Hawaiʻi","Kaʻū","Waiʻōhinu","Developed",151
"Hawaiʻi","Kaʻū","Waiʻōhinu","Dry Forest",238
"Hawaiʻi","Kaʻū","Waiʻōhinu","Dry Grassland",87
"Hawaiʻi","Kaʻū","Waiʻōhinu","Dry Shrubland",178
"Hawaiʻi","Kaʻū","Waiʻōhinu","Mesic Forest",145
"Hawaiʻi","Kaʻū","Waiʻōhinu","Mesic Grassland",127
"Hawaiʻi","Kaʻū","Waiʻōhinu","Mesic Shrubland",82
"Hawaiʻi","Kaʻū","Waiʻōhinu","Not Vegetated",183
"Hawaiʻi","Kaʻū","Waiʻōhinu","Wet Forest",1426
"Hawaiʻi","Kaʻū","Waiʻōhinu","Wet Grassland",20
"Hawaiʻi","Kaʻū","Waiʻōhinu","Wet Shrubland",232
"Hawaiʻi","Kohala","Apuakohau, Kukuiwaluhia","Agriculture",2
"Hawaiʻi","Kohala","Apuakohau, Kukuiwaluhia","Developed",124
"Hawaiʻi","Kohala","Apuakohau, Kukuiwaluhia","Dry Forest",13
"Hawaiʻi","Kohala","Apuakohau, Kukuiwaluhia","Dry Grassland",7
"Hawaiʻi","Kohala","Apuakohau, Kukuiwaluhia","Mesic Forest",50
"Hawaiʻi","Kohala","Apuakohau, Kukuiwaluhia","Mesic Grassland",50
"Hawaiʻi","Kohala","Apuakohau, Kukuiwaluhia","Mesic Shrubland",11
"Hawaiʻi","Kohala","Apuakohau, Kukuiwaluhia","Not Vegetated",9
"Hawaiʻi","Kohala","Apuakohau, Kukuiwaluhia","Wetland",2
"Hawaiʻi","Kohala","Awalua","Developed",14
"Hawaiʻi","Kohala","Awalua","Dry Forest",33
"Hawaiʻi","Kohala","Awalua","Dry Grassland",21
"Hawaiʻi","Kohala","Awalua","Dry Shrubland",7
"Hawaiʻi","Kohala","Awalua","Mesic Forest",14
"Hawaiʻi","Kohala","Awalua","Mesic Grassland",1
"Hawaiʻi","Kohala","Awalua","Not Vegetated",22
"Hawaiʻi","Kohala","Awalua","Wetland",1
"Hawaiʻi","Kohala","Halaʻula","Agriculture",6
"Hawaiʻi","Kohala","Halaʻula","Developed",48
"Hawaiʻi","Kohala","Halaʻula","Dry Forest",4
"Hawaiʻi","Kohala","Halaʻula","Dry Grassland",5
"Hawaiʻi","Kohala","Halaʻula","Mesic Forest",12
"Hawaiʻi","Kohala","Halaʻula","Mesic Grassland",31
"Hawaiʻi","Kohala","Halaʻula","N/A Forest",4
"Hawaiʻi","Kohala","Halaʻula","Not Vegetated",2
"Hawaiʻi","Kohala","Halelua","Agriculture",1
"Hawaiʻi","Kohala","Halelua","Developed",63
"Hawaiʻi","Kohala","Halelua","Dry Forest",14
"Hawaiʻi","Kohala","Halelua","Dry Grassland",11
"Hawaiʻi","Kohala","Halelua","Mesic Forest",45
"Hawaiʻi","Kohala","Halelua","Mesic Grassland",22
"Hawaiʻi","Kohala","Halelua","Mesic Shrubland",3
"Hawaiʻi","Kohala","Halelua","Not Vegetated",6
"Hawaiʻi","Kohala","Honoipu","Developed",86
"Hawaiʻi","Kohala","Honoipu","Dry Forest",19
"Hawaiʻi","Kohala","Honoipu","Dry Grassland",17
"Hawaiʻi","Kohala","Honoipu","Dry Shrubland",9
"Hawaiʻi","Kohala","Honoipu","Mesic Forest",6
"Hawaiʻi","Kohala","Honoipu","Mesic Grassland",5
"Hawaiʻi","Kohala","Honoipu","N/A Forest",1
"Hawaiʻi","Kohala","Honoipu","Not Vegetated",19
"Hawaiʻi","Kohala","Honoipu","Wetland",1
"Hawaiʻi","Kohala","Honokāne","Developed",1
"Hawaiʻi","Kohala","Honokāne","Dry Forest",1
"Hawaiʻi","Kohala","Honokāne","Mesic Forest",83
"Hawaiʻi","Kohala","Honokāne","Mesic Grassland",11
"Hawaiʻi","Kohala","Honokāne","Mesic Shrubland",21
"Hawaiʻi","Kohala","Honokāne","Not Vegetated",13
"Hawaiʻi","Kohala","Honokāne","Wet Forest",209
"Hawaiʻi","Kohala","Honokāne","Wet Grassland",2
"Hawaiʻi","Kohala","Honokāne","Wet Shrubland",105
"Hawaiʻi","Kohala","Honomakaʻu","Agriculture",8
"Hawaiʻi","Kohala","Honomakaʻu","Developed",56
"Hawaiʻi","Kohala","Honomakaʻu","Dry Forest",8
"Hawaiʻi","Kohala","Honomakaʻu","Dry Grassland",12
"Hawaiʻi","Kohala","Honomakaʻu","Mesic Forest",8
"Hawaiʻi","Kohala","Honomakaʻu","Mesic Grassland",14
"Hawaiʻi","Kohala","Honomakaʻu","Not Vegetated",8
"Hawaiʻi","Kohala","Honopueo","Agriculture",5
"Hawaiʻi","Kohala","Honopueo","Developed",50
"Hawaiʻi","Kohala","Honopueo","Dry Forest",14
"Hawaiʻi","Kohala","Honopueo","Dry Grassland",8
"Hawaiʻi","Kohala","Honopueo","Mesic Forest",15
"Hawaiʻi","Kohala","Honopueo","Mesic Grassland",24
"Hawaiʻi","Kohala","Honopueo","N/A Forest",2
"Hawaiʻi","Kohala","Honopueo","Not Vegetated",5
"Hawaiʻi","Kohala","Hālawa, Napapaʻa","Agriculture",3
"Hawaiʻi","Kohala","Hālawa, Napapaʻa","Developed",105
"Hawaiʻi","Kohala","Hālawa, Napapaʻa","Dry Forest",12
"Hawaiʻi","Kohala","Hālawa, Napapaʻa","Dry Grassland",3
"Hawaiʻi","Kohala","Hālawa, Napapaʻa","Mesic Forest",144
"Hawaiʻi","Kohala","Hālawa, Napapaʻa","Mesic Grassland",45
"Hawaiʻi","Kohala","Hālawa, Napapaʻa","Mesic Shrubland",10
"Hawaiʻi","Kohala","Hālawa, Napapaʻa","N/A Forest",6
"Hawaiʻi","Kohala","Hālawa, Napapaʻa","Not Vegetated",15
"Hawaiʻi","Kohala","Hālawa, Napapaʻa","Wet Forest",14
"Hawaiʻi","Kohala","Hālawa, Napapaʻa","Wet Shrubland",5
"Hawaiʻi","Kohala","Hāwī","Agriculture",4
"Hawaiʻi","Kohala","Hāwī","Developed",112
"Hawaiʻi","Kohala","Hāwī","Dry Forest",16
"Hawaiʻi","Kohala","Hāwī","Dry Grassland",14
"Hawaiʻi","Kohala","Hāwī","Mesic Forest",9
"Hawaiʻi","Kohala","Hāwī","Mesic Grassland",9
"Hawaiʻi","Kohala","Hāwī","Not Vegetated",4
"Hawaiʻi","Kohala","Hāwī","Wetland",1
"Hawaiʻi","Kohala","Hāʻena","Developed",8
"Hawaiʻi","Kohala","Hāʻena","Dry Forest",22
"Hawaiʻi","Kohala","Hāʻena","Dry Grassland",3
"Hawaiʻi","Kohala","Hāʻena","Dry Shrubland",1
"Hawaiʻi","Kohala","Hāʻena","Mesic Forest",7
"Hawaiʻi","Kohala","Hāʻena","Mesic Grassland",1
"Hawaiʻi","Kohala","Hāʻena","Not Vegetated",11
"Hawaiʻi","Kohala","Kahuā 1","Agriculture",2
"Hawaiʻi","Kohala","Kahuā 1","Developed",443
"Hawaiʻi","Kohala","Kahuā 1","Dry Forest",14
"Hawaiʻi","Kohala","Kahuā 1","Dry Grassland",86
"Hawaiʻi","Kohala","Kahuā 1","Dry Shrubland",2
"Hawaiʻi","Kohala","Kahuā 1","Mesic Forest",102
"Hawaiʻi","Kohala","Kahuā 1","Mesic Grassland",21
"Hawaiʻi","Kohala","Kahuā 1","Mesic Shrubland",2
"Hawaiʻi","Kohala","Kahuā 1","Not Vegetated",59
"Hawaiʻi","Kohala","Kahuā 1","Wet Forest",183
"Hawaiʻi","Kohala","Kahuā 1","Wet Grassland",41
"Hawaiʻi","Kohala","Kahuā 1","Wet Shrubland",9
"Hawaiʻi","Kohala","Kahuā 1","Wetland",1
"Hawaiʻi","Kohala","Kahuā 2","Agriculture",3
"Hawaiʻi","Kohala","Kahuā 2","Developed",662
"Hawaiʻi","Kohala","Kahuā 2","Dry Forest",10
"Hawaiʻi","Kohala","Kahuā 2","Dry Grassland",96
"Hawaiʻi","Kohala","Kahuā 2","Mesic Forest",124
"Hawaiʻi","Kohala","Kahuā 2","Mesic Grassland",15
"Hawaiʻi","Kohala","Kahuā 2","Mesic Shrubland",10
"Hawaiʻi","Kohala","Kahuā 2","Not Vegetated",62
"Hawaiʻi","Kohala","Kahuā 2","Wet Forest",72
"Hawaiʻi","Kohala","Kahuā 2","Wet Grassland",5
"Hawaiʻi","Kohala","Kahuā 2","Wet Shrubland",9
"Hawaiʻi","Kohala","Kahuā 2","Wetland",4
"Hawaiʻi","Kohala","Kaiholena","Developed",54
"Hawaiʻi","Kohala","Kaiholena","Dry Forest",44
"Hawaiʻi","Kohala","Kaiholena","Dry Grassland",18
"Hawaiʻi","Kohala","Kaiholena","Dry Shrubland",40
"Hawaiʻi","Kohala","Kaiholena","Mesic Forest",50
"Hawaiʻi","Kohala","Kaiholena","Mesic Grassland",17
"Hawaiʻi","Kohala","Kaiholena","Mesic Shrubland",25
"Hawaiʻi","Kohala","Kaiholena","N/A Forest",2
"Hawaiʻi","Kohala","Kaiholena","Not Vegetated",38
"Hawaiʻi","Kohala","Kaihoʻonā","Developed",6
"Hawaiʻi","Kohala","Kaihoʻonā","Dry Forest",20
"Hawaiʻi","Kohala","Kaihoʻonā","Dry Grassland",15
"Hawaiʻi","Kohala","Kaihoʻonā","Dry Shrubland",1
"Hawaiʻi","Kohala","Kaihoʻonā","Mesic Grassland",1
"Hawaiʻi","Kohala","Kaihoʻonā","Not Vegetated",9
"Hawaiʻi","Kohala","Kaipuhaʻa, Lamaloloa","Developed",59
"Hawaiʻi","Kohala","Kaipuhaʻa, Lamaloloa","Dry Forest",42
"Hawaiʻi","Kohala","Kaipuhaʻa, Lamaloloa","Dry Grassland",26
"Hawaiʻi","Kohala","Kaipuhaʻa, Lamaloloa","Dry Shrubland",25
"Hawaiʻi","Kohala","Kaipuhaʻa, Lamaloloa","Mesic Forest",61
"Hawaiʻi","Kohala","Kaipuhaʻa, Lamaloloa","Mesic Grassland",16
"Hawaiʻi","Kohala","Kaipuhaʻa, Lamaloloa","Mesic Shrubland",7
"Hawaiʻi","Kohala","Kaipuhaʻa, Lamaloloa","N/A Forest",6
"Hawaiʻi","Kohala","Kaipuhaʻa, Lamaloloa","Not Vegetated",71
"Hawaiʻi","Kohala","Kalala 1-2, Kokiʻo","Developed",61
"Hawaiʻi","Kohala","Kalala 1-2, Kokiʻo","Dry Forest",49
"Hawaiʻi","Kohala","Kalala 1-2, Kokiʻo","Dry Grassland",37
"Hawaiʻi","Kohala","Kalala 1-2, Kokiʻo","Dry Shrubland",4
"Hawaiʻi","Kohala","Kalala 1-2, Kokiʻo","Mesic Forest",46
"Hawaiʻi","Kohala","Kalala 1-2, Kokiʻo","Mesic Grassland",4
"Hawaiʻi","Kohala","Kalala 1-2, Kokiʻo","Not Vegetated",27
"Hawaiʻi","Kohala","Kalala 1-2, Kokiʻo","Wet Forest",23
"Hawaiʻi","Kohala","Kalala 1-2, Kokiʻo","Wet Grassland",16
"Hawaiʻi","Kohala","Kalala 1-2, Kokiʻo","Wetland",2
"Hawaiʻi","Kohala","Kamano","Developed",42
"Hawaiʻi","Kohala","Kamano","Dry Forest",4
"Hawaiʻi","Kohala","Kamano","Dry Grassland",12
"Hawaiʻi","Kohala","Kamano","Dry Shrubland",9
"Hawaiʻi","Kohala","Kamano","Mesic Forest",10
"Hawaiʻi","Kohala","Kamano","Mesic Grassland",5
"Hawaiʻi","Kohala","Kamano","N/A Forest",1
"Hawaiʻi","Kohala","Kamano","Not Vegetated",16
"Hawaiʻi","Kohala","Kapaʻa","Developed",15
"Hawaiʻi","Kohala","Kapaʻa","Dry Forest",25
"Hawaiʻi","Kohala","Kapaʻa","Dry Grassland",12
"Hawaiʻi","Kohala","Kapaʻa","Mesic Forest",6
"Hawaiʻi","Kohala","Kapaʻa","Mesic Grassland",11
"Hawaiʻi","Kohala","Kapaʻa","Not Vegetated",13
"Hawaiʻi","Kohala","Kapaʻanui","Developed",34
"Hawaiʻi","Kohala","Kapaʻanui","Dry Forest",28
"Hawaiʻi","Kohala","Kapaʻanui","Dry Grassland",14
"Hawaiʻi","Kohala","Kapaʻanui","Dry Shrubland",10
"Hawaiʻi","Kohala","Kapaʻanui","Mesic Forest",13
"Hawaiʻi","Kohala","Kapaʻanui","Mesic Grassland",10
"Hawaiʻi","Kohala","Kapaʻanui","Not Vegetated",36
"Hawaiʻi","Kohala","Kapaʻau","Agriculture",6
"Hawaiʻi","Kohala","Kapaʻau","Developed",119
"Hawaiʻi","Kohala","Kapaʻau","Dry Forest",11
"Hawaiʻi","Kohala","Kapaʻau","Dry Grassland",7
"Hawaiʻi","Kohala","Kapaʻau","Mesic Forest",44
"Hawaiʻi","Kohala","Kapaʻau","Mesic Grassland",51
"Hawaiʻi","Kohala","Kapaʻau","N/A Forest",2
"Hawaiʻi","Kohala","Kapaʻau","Not Vegetated",9
"Hawaiʻi","Kohala","Kapunapuna","Agriculture",2
"Hawaiʻi","Kohala","Kapunapuna","Developed",29
"Hawaiʻi","Kohala","Kapunapuna","Dry Forest",25
"Hawaiʻi","Kohala","Kapunapuna","Dry Grassland",24
"Hawaiʻi","Kohala","Kapunapuna","Dry Shrubland",6
"Hawaiʻi","Kohala","Kapunapuna","Mesic Forest",1
"Hawaiʻi","Kohala","Kapunapuna","Mesic Grassland",1
"Hawaiʻi","Kohala","Kapunapuna","Not Vegetated",31
"Hawaiʻi","Kohala","Kapuʻa","Developed",44
"Hawaiʻi","Kohala","Kapuʻa","Dry Forest",4
"Hawaiʻi","Kohala","Kapuʻa","Dry Grassland",8
"Hawaiʻi","Kohala","Kapuʻa","Mesic Forest",3
"Hawaiʻi","Kohala","Kapuʻa","Mesic Grassland",8
"Hawaiʻi","Kohala","Kapuʻa","Not Vegetated",3
"Hawaiʻi","Kohala","Kaupalaoa","Developed",28
"Hawaiʻi","Kohala","Kaupalaoa","Dry Forest",16
"Hawaiʻi","Kohala","Kaupalaoa","Dry Grassland",10
"Hawaiʻi","Kohala","Kaupalaoa","Dry Shrubland",17
"Hawaiʻi","Kohala","Kaupalaoa","Mesic Forest",34
"Hawaiʻi","Kohala","Kaupalaoa","Mesic Grassland",8
"Hawaiʻi","Kohala","Kaupalaoa","Mesic Shrubland",7
"Hawaiʻi","Kohala","Kaupalaoa","N/A Forest",1
"Hawaiʻi","Kohala","Kaupalaoa","Not Vegetated",10
"Hawaiʻi","Kohala","Kaupalaoa","Wetland",1
"Hawaiʻi","Kohala","Kawaihae 1","Developed",555
"Hawaiʻi","Kohala","Kawaihae 1","Dry Forest",104
"Hawaiʻi","Kohala","Kawaihae 1","Dry Grassland",111
"Hawaiʻi","Kohala","Kawaihae 1","Dry Shrubland",80
"Hawaiʻi","Kohala","Kawaihae 1","Mesic Forest",89
"Hawaiʻi","Kohala","Kawaihae 1","Mesic Grassland",17
"Hawaiʻi","Kohala","Kawaihae 1","N/A Forest",1
"Hawaiʻi","Kohala","Kawaihae 1","Not Vegetated",214
"Hawaiʻi","Kohala","Kawaihae 1","Wet Forest",115
"Hawaiʻi","Kohala","Kawaihae 1","Wet Grassland",10
"Hawaiʻi","Kohala","Kawaihae 1","Wet Shrubland",16
"Hawaiʻi","Kohala","Kawaihae 2","Developed",249
"Hawaiʻi","Kohala","Kawaihae 2","Dry Forest",131
"Hawaiʻi","Kohala","Kawaihae 2","Dry Grassland",80
"Hawaiʻi","Kohala","Kawaihae 2","Dry Shrubland",170
"Hawaiʻi","Kohala","Kawaihae 2","Mesic Forest",1
"Hawaiʻi","Kohala","Kawaihae 2","Mesic Grassland",5
"Hawaiʻi","Kohala","Kawaihae 2","Not Vegetated",323
"Hawaiʻi","Kohala","Kawaihae 2","Wet Forest",36
"Hawaiʻi","Kohala","Kawaihae 2","Wet Grassland",3
"Hawaiʻi","Kohala","Kawaihae 2","Wet Shrubland",11
"Hawaiʻi","Kohala","Kawaihae 2","Wetland",1
"Hawaiʻi","Kohala","Kaʻauhuhu","Agriculture",40
"Hawaiʻi","Kohala","Kaʻauhuhu","Developed",449
"Hawaiʻi","Kohala","Kaʻauhuhu","Dry Forest",18
"Hawaiʻi","Kohala","Kaʻauhuhu","Dry Grassland",28
"Hawaiʻi","Kohala","Kaʻauhuhu","Mesic Forest",122
"Hawaiʻi","Kohala","Kaʻauhuhu","Mesic Grassland",140
"Hawaiʻi","Kohala","Kaʻauhuhu","N/A Forest",4
"Hawaiʻi","Kohala","Kaʻauhuhu","Not Vegetated",12
"Hawaiʻi","Kohala","Kealahewa","Agriculture",1
"Hawaiʻi","Kohala","Kealahewa","Developed",131
"Hawaiʻi","Kohala","Kealahewa","Dry Forest",10
"Hawaiʻi","Kohala","Kealahewa","Dry Grassland",16
"Hawaiʻi","Kohala","Kealahewa","Dry Shrubland",9
"Hawaiʻi","Kohala","Kealahewa","Mesic Forest",9
"Hawaiʻi","Kohala","Kealahewa","Mesic Grassland",4
"Hawaiʻi","Kohala","Kealahewa","Not Vegetated",9
"Hawaiʻi","Kohala","Kealahewa","Wetland",1
"Hawaiʻi","Kohala","Kehena 1, Kipi","Developed",15
"Hawaiʻi","Kohala","Kehena 1, Kipi","Dry Forest",15
"Hawaiʻi","Kohala","Kehena 1, Kipi","Dry Grassland",12
"Hawaiʻi","Kohala","Kehena 1, Kipi","Dry Shrubland",12
"Hawaiʻi","Kohala","Kehena 1, Kipi","Mesic Forest",48
"Hawaiʻi","Kohala","Kehena 1, Kipi","Mesic Grassland",10
"Hawaiʻi","Kohala","Kehena 1, Kipi","Mesic Shrubland",4
"Hawaiʻi","Kohala","Kehena 1, Kipi","N/A Forest",2
"Hawaiʻi","Kohala","Kehena 1, Kipi","Not Vegetated",24
"Hawaiʻi","Kohala","Kehena 1, Kipi","Wet Forest",10
"Hawaiʻi","Kohala","Kehena 1, Kipi","Wet Grassland",5
"Hawaiʻi","Kohala","Kehena 1, Kipi","Wet Shrubland",2
"Hawaiʻi","Kohala","Kehena 1, Kipi","Wetland",2
"Hawaiʻi","Kohala","Kehena 2","Developed",43
"Hawaiʻi","Kohala","Kehena 2","Dry Forest",45
"Hawaiʻi","Kohala","Kehena 2","Dry Grassland",32
"Hawaiʻi","Kohala","Kehena 2","Dry Shrubland",14
"Hawaiʻi","Kohala","Kehena 2","Mesic Forest",38
"Hawaiʻi","Kohala","Kehena 2","Mesic Grassland",7
"Hawaiʻi","Kohala","Kehena 2","N/A Forest",2
"Hawaiʻi","Kohala","Kehena 2","Not Vegetated",85
"Hawaiʻi","Kohala","Kehena 2","Wet Forest",260
"Hawaiʻi","Kohala","Kehena 2","Wet Grassland",133
"Hawaiʻi","Kohala","Kehena 2","Wet Shrubland",23
"Hawaiʻi","Kohala","Keoniki, Kauniho, Wa","Developed",115
"Hawaiʻi","Kohala","Keoniki, Kauniho, Wa","Dry Grassland",17
"Hawaiʻi","Kohala","Keoniki, Kauniho, Wa","Mesic Forest",78
"Hawaiʻi","Kohala","Keoniki, Kauniho, Wa","Mesic Grassland",6
"Hawaiʻi","Kohala","Keoniki, Kauniho, Wa","N/A Forest",3
"Hawaiʻi","Kohala","Keoniki, Kauniho, Wa","Not Vegetated",14
"Hawaiʻi","Kohala","Keoniki, Kauniho, Wa","Wet Forest",164
"Hawaiʻi","Kohala","Keoniki, Kauniho, Wa","Wet Grassland",19
"Hawaiʻi","Kohala","Keoniki, Kauniho, Wa","Wet Shrubland",7
"Hawaiʻi","Kohala","Kiʻiokalani","Developed",9
"Hawaiʻi","Kohala","Kiʻiokalani","Dry Forest",14
"Hawaiʻi","Kohala","Kiʻiokalani","Dry Grassland",10
"Hawaiʻi","Kohala","Kiʻiokalani","Dry Shrubland",4
"Hawaiʻi","Kohala","Kiʻiokalani","Mesic Forest",3
"Hawaiʻi","Kohala","Kiʻiokalani","Mesic Grassland",4
"Hawaiʻi","Kohala","Kiʻiokalani","Not Vegetated",16
"Hawaiʻi","Kohala","Kokoiki","Agriculture",4
"Hawaiʻi","Kohala","Kokoiki","Developed",82
"Hawaiʻi","Kohala","Kokoiki","Dry Forest",34
"Hawaiʻi","Kohala","Kokoiki","Dry Grassland",18
"Hawaiʻi","Kohala","Kokoiki","Dry Shrubland",3
"Hawaiʻi","Kohala","Kokoiki","Mesic Forest",3
"Hawaiʻi","Kohala","Kokoiki","Mesic Grassland",4
"Hawaiʻi","Kohala","Kokoiki","Not Vegetated",21
"Hawaiʻi","Kohala","Kou","Developed",43
"Hawaiʻi","Kohala","Kou","Dry Forest",10
"Hawaiʻi","Kohala","Kou","Dry Grassland",6
"Hawaiʻi","Kohala","Kou","Dry Shrubland",3
"Hawaiʻi","Kohala","Kou","Mesic Forest",20
"Hawaiʻi","Kohala","Kou","Mesic Grassland",8
"Hawaiʻi","Kohala","Kou","N/A Forest",1
"Hawaiʻi","Kohala","Kou","Not Vegetated",8
"Hawaiʻi","Kohala","Kukuipahu","Agriculture",3
"Hawaiʻi","Kohala","Kukuipahu","Developed",159
"Hawaiʻi","Kohala","Kukuipahu","Dry Forest",95
"Hawaiʻi","Kohala","Kukuipahu","Dry Grassland",37
"Hawaiʻi","Kohala","Kukuipahu","Dry Shrubland",43
"Hawaiʻi","Kohala","Kukuipahu","Mesic Forest",35
"Hawaiʻi","Kohala","Kukuipahu","Mesic Grassland",15
"Hawaiʻi","Kohala","Kukuipahu","N/A Forest",1
"Hawaiʻi","Kohala","Kukuipahu","Not Vegetated",46
"Hawaiʻi","Kohala","Kāhei, Hualua","Agriculture",15
"Hawaiʻi","Kohala","Kāhei, Hualua","Developed",183
"Hawaiʻi","Kohala","Kāhei, Hualua","Dry Forest",49
"Hawaiʻi","Kohala","Kāhei, Hualua","Dry Grassland",22
"Hawaiʻi","Kohala","Kāhei, Hualua","Dry Shrubland",9
"Hawaiʻi","Kohala","Kāhei, Hualua","Mesic Forest",24
"Hawaiʻi","Kohala","Kāhei, Hualua","Mesic Grassland",24
"Hawaiʻi","Kohala","Kāhei, Hualua","Not Vegetated",14
"Hawaiʻi","Kohala","Kāhei, Hualua","Wetland",5
"Hawaiʻi","Kohala","Lanikepu","Developed",13
"Hawaiʻi","Kohala","Lanikepu","Dry Grassland",3
"Hawaiʻi","Kohala","Lanikepu","Mesic Forest",15
"Hawaiʻi","Kohala","Lanikepu","Mesic Grassland",3
"Hawaiʻi","Kohala","Lanikepu","N/A Forest",1
"Hawaiʻi","Kohala","Lanikepu","Not Vegetated",3
"Hawaiʻi","Kohala","Lanikepu","Wet Forest",29
"Hawaiʻi","Kohala","Lanikepu","Wet Shrubland",9
"Hawaiʻi","Kohala","Lālāmilo, Keanuʻiʻomanō","Agriculture",30
"Hawaiʻi","Kohala","Lālāmilo, Keanuʻiʻomanō","Developed",1481
"Hawaiʻi","Kohala","Lālāmilo, Keanuʻiʻomanō","Dry Forest",171
"Hawaiʻi","Kohala","Lālāmilo, Keanuʻiʻomanō","Dry Grassland",263
"Hawaiʻi","Kohala","Lālāmilo, Keanuʻiʻomanō","Dry Shrubland",205
"Hawaiʻi","Kohala","Lālāmilo, Keanuʻiʻomanō","Mesic Forest",42
"Hawaiʻi","Kohala","Lālāmilo, Keanuʻiʻomanō","Mesic Grassland",40
"Hawaiʻi","Kohala","Lālāmilo, Keanuʻiʻomanō","N/A Forest",1
"Hawaiʻi","Kohala","Lālāmilo, Keanuʻiʻomanō","Not Vegetated",592
"Hawaiʻi","Kohala","Lālāmilo, Keanuʻiʻomanō","Wetland",3
"Hawaiʻi","Kohala","Makanikahio 1-2, Auau","Developed",35
"Hawaiʻi","Kohala","Makanikahio 1-2, Auau","Mesic Forest",32
"Hawaiʻi","Kohala","Makanikahio 1-2, Auau","Mesic Grassland",20
"Hawaiʻi","Kohala","Makanikahio 1-2, Auau","Mesic Shrubland",26
"Hawaiʻi","Kohala","Makanikahio 1-2, Auau","N/A Forest",1
"Hawaiʻi","Kohala","Makanikahio 1-2, Auau","Wet Forest",13
"Hawaiʻi","Kohala","Makanikahio 1-2, Auau","Wet Shrubland",2
"Hawaiʻi","Kohala","Makapala, Niuliʻi","Agriculture",20
"Hawaiʻi","Kohala","Makapala, Niuliʻi","Developed",190
"Hawaiʻi","Kohala","Makapala, Niuliʻi","Dry Forest",19
"Hawaiʻi","Kohala","Makapala, Niuliʻi","Mesic Forest",192
"Hawaiʻi","Kohala","Makapala, Niuliʻi","Mesic Grassland",124
"Hawaiʻi","Kohala","Makapala, Niuliʻi","Mesic Shrubland",263
"Hawaiʻi","Kohala","Makapala, Niuliʻi","N/A Forest",8
"Hawaiʻi","Kohala","Makapala, Niuliʻi","Not Vegetated",20
"Hawaiʻi","Kohala","Makapala, Niuliʻi","Wet Forest",106
"Hawaiʻi","Kohala","Makapala, Niuliʻi","Wet Grassland",5
"Hawaiʻi","Kohala","Makapala, Niuliʻi","Wet Shrubland",15
"Hawaiʻi","Kohala","Makeanehu","Developed",25
"Hawaiʻi","Kohala","Makeanehu","Dry Forest",19
"Hawaiʻi","Kohala","Makeanehu","Dry Grassland",9
"Hawaiʻi","Kohala","Makeanehu","Dry Shrubland",18
"Hawaiʻi","Kohala","Makeanehu","Mesic Forest",1
"Hawaiʻi","Kohala","Makeanehu","Mesic Grassland",1
"Hawaiʻi","Kohala","Makeanehu","Not Vegetated",14
"Hawaiʻi","Kohala","Makiloa, Pahinahina","Developed",44
"Hawaiʻi","Kohala","Makiloa, Pahinahina","Dry Forest",24
"Hawaiʻi","Kohala","Makiloa, Pahinahina","Dry Grassland",6
"Hawaiʻi","Kohala","Makiloa, Pahinahina","Dry Shrubland",6
"Hawaiʻi","Kohala","Makiloa, Pahinahina","Mesic Forest",20
"Hawaiʻi","Kohala","Makiloa, Pahinahina","Mesic Grassland",2
"Hawaiʻi","Kohala","Makiloa, Pahinahina","Mesic Shrubland",2
"Hawaiʻi","Kohala","Makiloa, Pahinahina","Not Vegetated",15
"Hawaiʻi","Kohala","Maulili","Agriculture",3
"Hawaiʻi","Kohala","Maulili","Developed",91
"Hawaiʻi","Kohala","Maulili","Dry Forest",1
"Hawaiʻi","Kohala","Maulili","Dry Grassland",1
"Hawaiʻi","Kohala","Maulili","Mesic Forest",15
"Hawaiʻi","Kohala","Maulili","Mesic Grassland",24
"Hawaiʻi","Kohala","Maulili","N/A Forest",1
"Hawaiʻi","Kohala","Maulili","Not Vegetated",1
"Hawaiʻi","Kohala","Momoualoa","Developed",21
"Hawaiʻi","Kohala","Momoualoa","Dry Grassland",6
"Hawaiʻi","Kohala","Momoualoa","Dry Shrubland",1
"Hawaiʻi","Kohala","Momoualoa","Mesic Forest",4
"Hawaiʻi","Kohala","Momoualoa","Mesic Grassland",1
"Hawaiʻi","Kohala","Momoualoa","N/A Forest",1
"Hawaiʻi","Kohala","Momoualoa","Not Vegetated",20
"Hawaiʻi","Kohala","Momoualoa","Wet Forest",22
"Hawaiʻi","Kohala","Momoualoa","Wet Grassland",1
"Hawaiʻi","Kohala","Momoualoa","Wet Shrubland",1
"Hawaiʻi","Kohala","Māhukona, Hihiu, K","Agriculture",2
"Hawaiʻi","Kohala","Māhukona, Hihiu, K","Developed",69
"Hawaiʻi","Kohala","Māhukona, Hihiu, K","Dry Forest",36
"Hawaiʻi","Kohala","Māhukona, Hihiu, K","Dry Grassland",10
"Hawaiʻi","Kohala","Māhukona, Hihiu, K","Dry Shrubland",5
"Hawaiʻi","Kohala","Māhukona, Hihiu, K","Mesic Forest",14
"Hawaiʻi","Kohala","Māhukona, Hihiu, K","Mesic Grassland",11
"Hawaiʻi","Kohala","Māhukona, Hihiu, K","N/A Forest",1
"Hawaiʻi","Kohala","Māhukona, Hihiu, K","Not Vegetated",18
"Hawaiʻi","Kohala","Māhukona, Hihiu, K","Wetland",2
"Hawaiʻi","Kohala","Nunuluiki","Developed",5
"Hawaiʻi","Kohala","Nunuluiki","Mesic Forest",15
"Hawaiʻi","Kohala","Nunuluiki","Mesic Grassland",18
"Hawaiʻi","Kohala","Nunuluiki","Mesic Shrubland",1
"Hawaiʻi","Kohala","Nunuluiki","N/A Forest",3
"Hawaiʻi","Kohala","Nunuluiki","Not Vegetated",2
"Hawaiʻi","Kohala","Nunuluiki","Wet Shrubland",1
"Hawaiʻi","Kohala","Nunuluiki","Wetland",1
"Hawaiʻi","Kohala","Nunulunui","Agriculture",3
"Hawaiʻi","Kohala","Nunulunui","Developed",8
"Hawaiʻi","Kohala","Nunulunui","Mesic Forest",33
"Hawaiʻi","Kohala","Nunulunui","Mesic Grassland",5
"Hawaiʻi","Kohala","Nunulunui","Wetland",1
"Hawaiʻi","Kohala","Ohanaula","Agriculture",19
"Hawaiʻi","Kohala","Ohanaula","Developed",137
"Hawaiʻi","Kohala","Ohanaula","Dry Forest",13
"Hawaiʻi","Kohala","Ohanaula","Dry Grassland",5
"Hawaiʻi","Kohala","Ohanaula","Mesic Forest",13
"Hawaiʻi","Kohala","Ohanaula","Mesic Grassland",27
"Hawaiʻi","Kohala","Ohanaula","Not Vegetated",10
"Hawaiʻi","Kohala","Opihipau, Hukiaʻa","Agriculture",1
"Hawaiʻi","Kohala","Opihipau, Hukiaʻa","Developed",86
"Hawaiʻi","Kohala","Opihipau, Hukiaʻa","Dry Forest",20
"Hawaiʻi","Kohala","Opihipau, Hukiaʻa","Dry Grassland",18
"Hawaiʻi","Kohala","Opihipau, Hukiaʻa","Dry Shrubland",18
"Hawaiʻi","Kohala","Opihipau, Hukiaʻa","Mesic Forest",12
"Hawaiʻi","Kohala","Opihipau, Hukiaʻa","Mesic Grassland",2
"Hawaiʻi","Kohala","Opihipau, Hukiaʻa","Not Vegetated",27
"Hawaiʻi","Kohala","Opihipau, Hukiaʻa","Wetland",4
"Hawaiʻi","Kohala","Pauahi","Agriculture",1
"Hawaiʻi","Kohala","Pauahi","Developed",19
"Hawaiʻi","Kohala","Pauahi","Dry Grassland",10
"Hawaiʻi","Kohala","Pauahi","Dry Shrubland",4
"Hawaiʻi","Kohala","Pauahi","Mesic Forest",7
"Hawaiʻi","Kohala","Pauahi","Mesic Grassland",1
"Hawaiʻi","Kohala","Pauahi","Not Vegetated",23
"Hawaiʻi","Kohala","Pauahi","Wet Forest",29
"Hawaiʻi","Kohala","Pauahi","Wet Grassland",2
"Hawaiʻi","Kohala","Pauahi","Wet Shrubland",11
"Hawaiʻi","Kohala","Pololū","Developed",7
"Hawaiʻi","Kohala","Pololū","Dry Forest",3
"Hawaiʻi","Kohala","Pololū","Mesic Forest",78
"Hawaiʻi","Kohala","Pololū","Mesic Grassland",20
"Hawaiʻi","Kohala","Pololū","Mesic Shrubland",38
"Hawaiʻi","Kohala","Pololū","Not Vegetated",15
"Hawaiʻi","Kohala","Pololū","Wet Forest",61
"Hawaiʻi","Kohala","Pololū","Wet Grassland",2
"Hawaiʻi","Kohala","Pololū","Wet Shrubland",2
"Hawaiʻi","Kohala","Pololū","Wetland",3
"Hawaiʻi","Kohala","Puaiki","Developed",5
"Hawaiʻi","Kohala","Puaiki","Dry Forest",12
"Hawaiʻi","Kohala","Puaiki","Dry Grassland",11
"Hawaiʻi","Kohala","Puaiki","Dry Shrubland",1
"Hawaiʻi","Kohala","Puaiki","Mesic Forest",2
"Hawaiʻi","Kohala","Puaiki","Mesic Grassland",1
"Hawaiʻi","Kohala","Puaiki","Not Vegetated",16
"Hawaiʻi","Kohala","Puakea","Agriculture",1
"Hawaiʻi","Kohala","Puakea","Developed",46
"Hawaiʻi","Kohala","Puakea","Dry Forest",24
"Hawaiʻi","Kohala","Puakea","Dry Grassland",14
"Hawaiʻi","Kohala","Puakea","Dry Shrubland",8
"Hawaiʻi","Kohala","Puakea","Mesic Forest",5
"Hawaiʻi","Kohala","Puakea","Mesic Grassland",1
"Hawaiʻi","Kohala","Puakea","Not Vegetated",28
"Hawaiʻi","Kohala","Puakea","Wetland",1
"Hawaiʻi","Kohala","Puanui","Developed",18
"Hawaiʻi","Kohala","Puanui","Dry Forest",19
"Hawaiʻi","Kohala","Puanui","Dry Grassland",22
"Hawaiʻi","Kohala","Puanui","Dry Shrubland",5
"Hawaiʻi","Kohala","Puanui","Mesic Forest",10
"Hawaiʻi","Kohala","Puanui","Mesic Grassland",2
"Hawaiʻi","Kohala","Puanui","Not Vegetated",12
"Hawaiʻi","Kohala","Puehuehu, Laʻaumama","Agriculture",15
"Hawaiʻi","Kohala","Puehuehu, Laʻaumama","Developed",167
"Hawaiʻi","Kohala","Puehuehu, Laʻaumama","Dry Forest",15
"Hawaiʻi","Kohala","Puehuehu, Laʻaumama","Dry Grassland",5
"Hawaiʻi","Kohala","Puehuehu, Laʻaumama","Mesic Forest",21
"Hawaiʻi","Kohala","Puehuehu, Laʻaumama","Mesic Grassland",20
"Hawaiʻi","Kohala","Puehuehu, Laʻaumama","Not Vegetated",9
"Hawaiʻi","Kohala","Puehuehu, Laʻaumama","Wetland",2
"Hawaiʻi","Kohala","Puʻuepa","Agriculture",7
"Hawaiʻi","Kohala","Puʻuepa","Developed",48
"Hawaiʻi","Kohala","Puʻuepa","Dry Forest",38
"Hawaiʻi","Kohala","Puʻuepa","Dry Grassland",16
"Hawaiʻi","Kohala","Puʻuepa","Dry Shrubland",14
"Hawaiʻi","Kohala","Puʻuepa","Mesic Forest",1
"Hawaiʻi","Kohala","Puʻuepa","Mesic Grassland",6
"Hawaiʻi","Kohala","Puʻuepa","Not Vegetated",42
"Hawaiʻi","Kohala","Puʻuepa","Wetland",2
"Hawaiʻi","Kohala","Puʻukapu","Agriculture",26
"Hawaiʻi","Kohala","Puʻukapu","Developed",2067
"Hawaiʻi","Kohala","Puʻukapu","Dry Forest",51
"Hawaiʻi","Kohala","Puʻukapu","Dry Grassland",5
"Hawaiʻi","Kohala","Puʻukapu","Dry Shrubland",51
"Hawaiʻi","Kohala","Puʻukapu","Mesic Forest",368
"Hawaiʻi","Kohala","Puʻukapu","Mesic Grassland",223
"Hawaiʻi","Kohala","Puʻukapu","Mesic Shrubland",40
"Hawaiʻi","Kohala","Puʻukapu","N/A Forest",16
"Hawaiʻi","Kohala","Puʻukapu","Not Vegetated",116
"Hawaiʻi","Kohala","Puʻukapu","Wet Forest",719
"Hawaiʻi","Kohala","Puʻukapu","Wet Grassland",186
"Hawaiʻi","Kohala","Puʻukapu","Wet Shrubland",333
"Hawaiʻi","Kohala","Puʻukapu","Wetland",2
"Hawaiʻi","Kohala","Puʻukawaiwai, Panoluʻukia","Agriculture",1
"Hawaiʻi","Kohala","Puʻukawaiwai, Panoluʻukia","Developed",55
"Hawaiʻi","Kohala","Puʻukawaiwai, Panoluʻukia","Dry Grassland",24
"Hawaiʻi","Kohala","Puʻukawaiwai, Panoluʻukia","Dry Shrubland",26
"Hawaiʻi","Kohala","Puʻukawaiwai, Panoluʻukia","Mesic Forest",4
"Hawaiʻi","Kohala","Puʻukawaiwai, Panoluʻukia","Mesic Grassland",1
"Hawaiʻi","Kohala","Puʻukawaiwai, Panoluʻukia","Not Vegetated",123
"Hawaiʻi","Kohala","Puʻukawaiwai, Panoluʻukia","Wet Forest",34
"Hawaiʻi","Kohala","Puʻukawaiwai, Panoluʻukia","Wet Grassland",4
"Hawaiʻi","Kohala","Puʻukawaiwai, Panoluʻukia","Wet Shrubland",7
"Hawaiʻi","Kohala","Puʻukole, Koea, Lapakahi","Developed",15
"Hawaiʻi","Kohala","Puʻukole, Koea, Lapakahi","Dry Forest",44
"Hawaiʻi","Kohala","Puʻukole, Koea, Lapakahi","Dry Grassland",18
"Hawaiʻi","Kohala","Puʻukole, Koea, Lapakahi","Dry Shrubland",5
"Hawaiʻi","Kohala","Puʻukole, Koea, Lapakahi","Mesic Forest",7
"Hawaiʻi","Kohala","Puʻukole, Koea, Lapakahi","Mesic Grassland",1
"Hawaiʻi","Kohala","Puʻukole, Koea, Lapakahi","Mesic Shrubland",3
"Hawaiʻi","Kohala","Puʻukole, Koea, Lapakahi","Not Vegetated",19
"Hawaiʻi","Kohala","Puʻuokumau","Agriculture",1
"Hawaiʻi","Kohala","Puʻuokumau","Developed",23
"Hawaiʻi","Kohala","Puʻuokumau","Mesic Forest",50
"Hawaiʻi","Kohala","Puʻuokumau","Mesic Grassland",10
"Hawaiʻi","Kohala","Puʻuokumau","Wetland",1
"Hawaiʻi","Kohala","Pāhoa","Agriculture",18
"Hawaiʻi","Kohala","Pāhoa","Developed",56
"Hawaiʻi","Kohala","Pāhoa","Dry Forest",4
"Hawaiʻi","Kohala","Pāhoa","Dry Grassland",10
"Hawaiʻi","Kohala","Pāhoa","Mesic Forest",23
"Hawaiʻi","Kohala","Pāhoa","Mesic Grassland",15
"Hawaiʻi","Kohala","Pāhoa","N/A Forest",1
"Hawaiʻi","Kohala","Pāhoa","Not Vegetated",7
"Hawaiʻi","Kohala","Pāhoa","Wetland",2
"Hawaiʻi","Kohala","Pōhakulua","Developed",4
"Hawaiʻi","Kohala","Pōhakulua","Mesic Forest",26
"Hawaiʻi","Kohala","Pōhakulua","Mesic Grassland",10
"Hawaiʻi","Kohala","Pōhakulua","Wet Forest",10
"Hawaiʻi","Kohala","Pōhakulua","Wet Grassland",6
"Hawaiʻi","Kohala","Pōhakulua, Ahulua","Developed",4
"Hawaiʻi","Kohala","Pōhakulua, Ahulua","Dry Forest",18
"Hawaiʻi","Kohala","Pōhakulua, Ahulua","Dry Grassland",16
"Hawaiʻi","Kohala","Pōhakulua, Ahulua","Dry Shrubland",1
"Hawaiʻi","Kohala","Pōhakulua, Ahulua","Mesic Forest",2
"Hawaiʻi","Kohala","Pōhakulua, Ahulua","Mesic Grassland",1
"Hawaiʻi","Kohala","Pōhakulua, Ahulua","Not Vegetated",20
"Hawaiʻi","Kohala","Waikā","Developed",429
"Hawaiʻi","Kohala","Waikā","Dry Forest",17
"Hawaiʻi","Kohala","Waikā","Dry Grassland",68
"Hawaiʻi","Kohala","Waikā","Mesic Forest",17
"Hawaiʻi","Kohala","Waikā","Mesic Grassland",2
"Hawaiʻi","Kohala","Waikā","Mesic Shrubland",2
"Hawaiʻi","Kohala","Waikā","N/A Forest",1
"Hawaiʻi","Kohala","Waikā","Not Vegetated",47
"Hawaiʻi","Kohala","Waikā","Wet Forest",37
"Hawaiʻi","Kohala","Waikā","Wet Grassland",2
"Hawaiʻi","Kohala","Waikā","Wet Shrubland",11
"Hawaiʻi","Kohala","Waikā","Wetland",1
"Hawaiʻi","Kohala","Waimea, Waikoloa","Agriculture",15
"Hawaiʻi","Kohala","Waimea, Waikoloa","Developed",4662
"Hawaiʻi","Kohala","Waimea, Waikoloa","Dry Forest",1545
"Hawaiʻi","Kohala","Waimea, Waikoloa","Dry Grassland",1097
"Hawaiʻi","Kohala","Waimea, Waikoloa","Dry Shrubland",2275
"Hawaiʻi","Kohala","Waimea, Waikoloa","Mesic Forest",54
"Hawaiʻi","Kohala","Waimea, Waikoloa","Mesic Grassland",8
"Hawaiʻi","Kohala","Waimea, Waikoloa","Mesic Shrubland",4
"Hawaiʻi","Kohala","Waimea, Waikoloa","N/A Forest",35
"Hawaiʻi","Kohala","Waimea, Waikoloa","Not Vegetated",3788
"Hawaiʻi","Kohala","Waimea, Waikoloa","Wet Forest",53
"Hawaiʻi","Kohala","Waimea, Waikoloa","Wet Grassland",2
"Hawaiʻi","Kohala","Waimea, Waikoloa","Wet Shrubland",9
"Hawaiʻi","Kohala","Waimea, Waikoloa","Wetland",29
"Hawaiʻi","Kohala","ʻAnaehoʻomalu","Developed",602
"Hawaiʻi","Kohala","ʻAnaehoʻomalu","Dry Forest",110
"Hawaiʻi","Kohala","ʻAnaehoʻomalu","Dry Grassland",77
"Hawaiʻi","Kohala","ʻAnaehoʻomalu","Dry Shrubland",3
"Hawaiʻi","Kohala","ʻAnaehoʻomalu","Not Vegetated",93
"Hawaiʻi","Kohala","ʻAnaehoʻomalu","Wetland",19
"Hawaiʻi","Kohala","ʻIole","Agriculture",25
"Hawaiʻi","Kohala","ʻIole","Developed",63
"Hawaiʻi","Kohala","ʻIole","Dry Forest",6
"Hawaiʻi","Kohala","ʻIole","Dry Grassland",8
"Hawaiʻi","Kohala","ʻIole","Mesic Forest",67
"Hawaiʻi","Kohala","ʻIole","Mesic Grassland",19
"Hawaiʻi","Kohala","ʻIole","N/A Forest",5
"Hawaiʻi","Kohala","ʻIole","Not Vegetated",2
"Hawaiʻi","Kohala","ʻIole","Wetland",1
"Hawaiʻi","Kohala","ʻUpolu","Developed",71
"Hawaiʻi","Kohala","ʻUpolu","Dry Forest",21
"Hawaiʻi","Kohala","ʻUpolu","Dry Grassland",8
"Hawaiʻi","Kohala","ʻUpolu","Dry Shrubland",11
"Hawaiʻi","Kohala","ʻUpolu","Mesic Forest",1
"Hawaiʻi","Kohala","ʻUpolu","Mesic Grassland",3
"Hawaiʻi","Kohala","ʻUpolu","Not Vegetated",10
"Hawaiʻi","Kohala","ʻĀinakea","Agriculture",6
"Hawaiʻi","Kohala","ʻĀinakea","Developed",96
"Hawaiʻi","Kohala","ʻĀinakea","Dry Forest",12
"Hawaiʻi","Kohala","ʻĀinakea","Dry Grassland",1
"Hawaiʻi","Kohala","ʻĀinakea","Mesic Forest",14
"Hawaiʻi","Kohala","ʻĀinakea","Mesic Grassland",9
"Hawaiʻi","Kohala","ʻĀinakea","N/A Forest",5
"Hawaiʻi","Kohala","ʻĀinakea","Not Vegetated",8
"Hawaiʻi","Kohala","ʻĀwini","Mesic Forest",69
"Hawaiʻi","Kohala","ʻĀwini","Mesic Shrubland",9
"Hawaiʻi","Kohala","ʻĀwini","Not Vegetated",13
"Hawaiʻi","Kohala","ʻĀwini","Wet Forest",139
"Hawaiʻi","Kohala","ʻĀwini","Wet Grassland",9
"Hawaiʻi","Kohala","ʻĀwini","Wet Shrubland",42
"Hawaiʻi","Kohala","ʻĀʻamakaō","Agriculture",4
"Hawaiʻi","Kohala","ʻĀʻamakaō","Developed",77
"Hawaiʻi","Kohala","ʻĀʻamakaō","Dry Forest",3
"Hawaiʻi","Kohala","ʻĀʻamakaō","Mesic Forest",92
"Hawaiʻi","Kohala","ʻĀʻamakaō","Mesic Grassland",24
"Hawaiʻi","Kohala","ʻĀʻamakaō","Mesic Shrubland",44
"Hawaiʻi","Kohala","ʻĀʻamakaō","N/A Forest",9
"Hawaiʻi","Kohala","ʻĀʻamakaō","Not Vegetated",5
"Hawaiʻi","Kohala","ʻĀʻamakaō","Wet Forest",55
"Hawaiʻi","Kohala","ʻĀʻamakaō","Wet Grassland",5
"Hawaiʻi","Kohala","ʻĀʻamakaō","Wet Shrubland",12
"Hawaiʻi","Kohala","ʻŌuli","Agriculture",1
"Hawaiʻi","Kohala","ʻŌuli","Developed",1105
"Hawaiʻi","Kohala","ʻŌuli","Dry Forest",144
"Hawaiʻi","Kohala","ʻŌuli","Dry Grassland",207
"Hawaiʻi","Kohala","ʻŌuli","Dry Shrubland",77
"Hawaiʻi","Kohala","ʻŌuli","Mesic Forest",5
"Hawaiʻi","Kohala","ʻŌuli","Mesic Grassland",2
"Hawaiʻi","Kohala","ʻŌuli","N/A Forest",2
"Hawaiʻi","Kohala","ʻŌuli","Not Vegetated",127
"Hawaiʻi","Kohala","ʻŌuli","Wet Forest",22
"Hawaiʻi","Kohala","ʻŌuli","Wet Grassland",2
"Hawaiʻi","Kohala","ʻŌuli","Wetland",5
"Hawaiʻi","Kona","Anapuka, Hoʻopūloa","Agriculture",178
"Hawaiʻi","Kona","Anapuka, Hoʻopūloa","Developed",483
"Hawaiʻi","Kona","Anapuka, Hoʻopūloa","Dry Forest",103
"Hawaiʻi","Kona","Anapuka, Hoʻopūloa","Dry Grassland",15
"Hawaiʻi","Kona","Anapuka, Hoʻopūloa","Dry Shrubland",95
"Hawaiʻi","Kona","Anapuka, Hoʻopūloa","Mesic Forest",1037
"Hawaiʻi","Kona","Anapuka, Hoʻopūloa","Mesic Grassland",61
"Hawaiʻi","Kona","Anapuka, Hoʻopūloa","Mesic Shrubland",359
"Hawaiʻi","Kona","Anapuka, Hoʻopūloa","Not Vegetated",365
"Hawaiʻi","Kona","Anapuka, Hoʻopūloa","Wet Forest",506
"Hawaiʻi","Kona","Anapuka, Hoʻopūloa","Wet Grassland",18
"Hawaiʻi","Kona","Anapuka, Hoʻopūloa","Wet Shrubland",141
"Hawaiʻi","Kona","Awakeʻe","Developed",85
"Hawaiʻi","Kona","Awakeʻe","Dry Forest",79
"Hawaiʻi","Kona","Awakeʻe","Dry Grassland",39
"Hawaiʻi","Kona","Awakeʻe","Dry Shrubland",9
"Hawaiʻi","Kona","Awakeʻe","Mesic Forest",2
"Hawaiʻi","Kona","Awakeʻe","Mesic Grassland",2
"Hawaiʻi","Kona","Awakeʻe","Not Vegetated",44
"Hawaiʻi","Kona","Haleohiu","Developed",112
"Hawaiʻi","Kona","Haleohiu","Dry Forest",12
"Hawaiʻi","Kona","Haleohiu","Dry Grassland",16
"Hawaiʻi","Kona","Haleohiu","Dry Shrubland",5
"Hawaiʻi","Kona","Haleohiu","Mesic Forest",9
"Hawaiʻi","Kona","Haleohiu","Mesic Grassland",10
"Hawaiʻi","Kona","Haleohiu","Not Vegetated",11
"Hawaiʻi","Kona","Haleohiu","Wet Shrubland",1
"Hawaiʻi","Kona","Hamanamana","Developed",145
"Hawaiʻi","Kona","Hamanamana","Dry Forest",17
"Hawaiʻi","Kona","Hamanamana","Dry Grassland",29
"Hawaiʻi","Kona","Hamanamana","Dry Shrubland",12
"Hawaiʻi","Kona","Hamanamana","Mesic Forest",6
"Hawaiʻi","Kona","Hamanamana","Mesic Grassland",10
"Hawaiʻi","Kona","Hamanamana","Not Vegetated",30
"Hawaiʻi","Kona","Honalo, Māʻihi 1-2","Agriculture",65
"Hawaiʻi","Kona","Honalo, Māʻihi 1-2","Developed",994
"Hawaiʻi","Kona","Honalo, Māʻihi 1-2","Dry Forest",54
"Hawaiʻi","Kona","Honalo, Māʻihi 1-2","Dry Grassland",66
"Hawaiʻi","Kona","Honalo, Māʻihi 1-2","Dry Shrubland",67
"Hawaiʻi","Kona","Honalo, Māʻihi 1-2","Mesic Forest",159
"Hawaiʻi","Kona","Honalo, Māʻihi 1-2","Mesic Grassland",310
"Hawaiʻi","Kona","Honalo, Māʻihi 1-2","Mesic Shrubland",199
"Hawaiʻi","Kona","Honalo, Māʻihi 1-2","N/A Forest",3
"Hawaiʻi","Kona","Honalo, Māʻihi 1-2","Not Vegetated",212
"Hawaiʻi","Kona","Honalo, Māʻihi 1-2","Wet Forest",320
"Hawaiʻi","Kona","Honalo, Māʻihi 1-2","Wet Grassland",88
"Hawaiʻi","Kona","Honalo, Māʻihi 1-2","Wet Shrubland",44
"Hawaiʻi","Kona","Honalo, Māʻihi 1-2","Wetland",1
"Hawaiʻi","Kona","Honokua","Agriculture",11
"Hawaiʻi","Kona","Honokua","Developed",30
"Hawaiʻi","Kona","Honokua","Dry Forest",61
"Hawaiʻi","Kona","Honokua","Dry Grassland",18
"Hawaiʻi","Kona","Honokua","Dry Shrubland",25
"Hawaiʻi","Kona","Honokua","Mesic Forest",399
"Hawaiʻi","Kona","Honokua","Mesic Grassland",89
"Hawaiʻi","Kona","Honokua","Mesic Shrubland",51
"Hawaiʻi","Kona","Honokua","Not Vegetated",61
"Hawaiʻi","Kona","Honokua","Wet Forest",173
"Hawaiʻi","Kona","Honokua","Wet Grassland",29
"Hawaiʻi","Kona","Honokua","Wet Shrubland",10
"Hawaiʻi","Kona","Honokōhau 1-3","Agriculture",7
"Hawaiʻi","Kona","Honokōhau 1-3","Developed",577
"Hawaiʻi","Kona","Honokōhau 1-3","Dry Forest",116
"Hawaiʻi","Kona","Honokōhau 1-3","Dry Grassland",76
"Hawaiʻi","Kona","Honokōhau 1-3","Dry Shrubland",78
"Hawaiʻi","Kona","Honokōhau 1-3","Mesic Forest",150
"Hawaiʻi","Kona","Honokōhau 1-3","Mesic Grassland",64
"Hawaiʻi","Kona","Honokōhau 1-3","Mesic Shrubland",2
"Hawaiʻi","Kona","Honokōhau 1-3","Not Vegetated",153
"Hawaiʻi","Kona","Honokōhau 1-3","Wet Forest",92
"Hawaiʻi","Kona","Honokōhau 1-3","Wet Grassland",52
"Hawaiʻi","Kona","Honokōhau 1-3","Wet Shrubland",2
"Hawaiʻi","Kona","Honokōhau 1-3","Wetland",4
"Hawaiʻi","Kona","Honuaʻula","Agriculture",1
"Hawaiʻi","Kona","Honuaʻula","Developed",19
"Hawaiʻi","Kona","Honuaʻula","Dry Forest",95
"Hawaiʻi","Kona","Honuaʻula","Dry Grassland",14
"Hawaiʻi","Kona","Honuaʻula","Dry Shrubland",27
"Hawaiʻi","Kona","Honuaʻula","Mesic Forest",284
"Hawaiʻi","Kona","Honuaʻula","Mesic Grassland",26
"Hawaiʻi","Kona","Honuaʻula","Mesic Shrubland",14
"Hawaiʻi","Kona","Honuaʻula","N/A Forest",6
"Hawaiʻi","Kona","Honuaʻula","Not Vegetated",149
"Hawaiʻi","Kona","Honuaʻula","Wet Forest",612
"Hawaiʻi","Kona","Honuaʻula","Wet Grassland",165
"Hawaiʻi","Kona","Hoʻokena","Agriculture",3
"Hawaiʻi","Kona","Hoʻokena","Developed",147
"Hawaiʻi","Kona","Hoʻokena","Dry Forest",68
"Hawaiʻi","Kona","Hoʻokena","Dry Grassland",6
"Hawaiʻi","Kona","Hoʻokena","Dry Shrubland",12
"Hawaiʻi","Kona","Hoʻokena","Mesic Forest",332
"Hawaiʻi","Kona","Hoʻokena","Mesic Grassland",64
"Hawaiʻi","Kona","Hoʻokena","Mesic Shrubland",51
"Hawaiʻi","Kona","Hoʻokena","Not Vegetated",5
"Hawaiʻi","Kona","Hoʻokena","Wet Forest",90
"Hawaiʻi","Kona","Hoʻokena","Wet Grassland",16
"Hawaiʻi","Kona","Hoʻokena","Wet Shrubland",2
"Hawaiʻi","Kona","Hōlualoa 1-2","Agriculture",31
"Hawaiʻi","Kona","Hōlualoa 1-2","Developed",1040
"Hawaiʻi","Kona","Hōlualoa 1-2","Dry Forest",39
"Hawaiʻi","Kona","Hōlualoa 1-2","Dry Grassland",49
"Hawaiʻi","Kona","Hōlualoa 1-2","Mesic Forest",124
"Hawaiʻi","Kona","Hōlualoa 1-2","Mesic Grassland",120
"Hawaiʻi","Kona","Hōlualoa 1-2","Mesic Shrubland",80
"Hawaiʻi","Kona","Hōlualoa 1-2","N/A Forest",1
"Hawaiʻi","Kona","Hōlualoa 1-2","Not Vegetated",231
"Hawaiʻi","Kona","Hōlualoa 1-2","Wet Forest",275
"Hawaiʻi","Kona","Hōlualoa 1-2","Wet Grassland",60
"Hawaiʻi","Kona","Hōlualoa 1-2","Wet Shrubland",32
"Hawaiʻi","Kona","Hōlualoa 1-2","Wetland",2
"Hawaiʻi","Kona","Hōlualoa 3","Agriculture",9
"Hawaiʻi","Kona","Hōlualoa 3","Developed",134
"Hawaiʻi","Kona","Hōlualoa 3","Dry Forest",13
"Hawaiʻi","Kona","Hōlualoa 3","Dry Grassland",8
"Hawaiʻi","Kona","Hōlualoa 3","Mesic Forest",40
"Hawaiʻi","Kona","Hōlualoa 3","Mesic Grassland",7
"Hawaiʻi","Kona","Hōlualoa 3","Not Vegetated",30
"Hawaiʻi","Kona","Hōlualoa 3","Wet Forest",3
"Hawaiʻi","Kona","Hōlualoa 3","Wet Grassland",1
"Hawaiʻi","Kona","Hōlualoa 4","Agriculture",12
"Hawaiʻi","Kona","Hōlualoa 4","Developed",235
"Hawaiʻi","Kona","Hōlualoa 4","Dry Forest",14
"Hawaiʻi","Kona","Hōlualoa 4","Dry Grassland",12
"Hawaiʻi","Kona","Hōlualoa 4","Dry Shrubland",1
"Hawaiʻi","Kona","Hōlualoa 4","Mesic Forest",37
"Hawaiʻi","Kona","Hōlualoa 4","Mesic Grassland",14
"Hawaiʻi","Kona","Hōlualoa 4","Not Vegetated",60
"Hawaiʻi","Kona","Hōlualoa 4","Wet Forest",46
"Hawaiʻi","Kona","Hōlualoa 4","Wet Grassland",10
"Hawaiʻi","Kona","Hōlualoa 4","Wet Shrubland",2
"Hawaiʻi","Kona","Hōnaunau","Agriculture",34
"Hawaiʻi","Kona","Hōnaunau","Developed",306
"Hawaiʻi","Kona","Hōnaunau","Dry Forest",146
"Hawaiʻi","Kona","Hōnaunau","Dry Grassland",34
"Hawaiʻi","Kona","Hōnaunau","Dry Shrubland",57
"Hawaiʻi","Kona","Hōnaunau","Mesic Forest",293
"Hawaiʻi","Kona","Hōnaunau","Mesic Grassland",100
"Hawaiʻi","Kona","Hōnaunau","Mesic Shrubland",150
"Hawaiʻi","Kona","Hōnaunau","N/A Forest",3
"Hawaiʻi","Kona","Hōnaunau","Not Vegetated",75
"Hawaiʻi","Kona","Hōnaunau","Wet Forest",311
"Hawaiʻi","Kona","Hōnaunau","Wet Grassland",41
"Hawaiʻi","Kona","Kahaluʻu","Agriculture",22
"Hawaiʻi","Kona","Kahaluʻu","Developed",506
"Hawaiʻi","Kona","Kahaluʻu","Dry Forest",63
"Hawaiʻi","Kona","Kahaluʻu","Dry Grassland",79
"Hawaiʻi","Kona","Kahaluʻu","Dry Shrubland",9
"Hawaiʻi","Kona","Kahaluʻu","Mesic Forest",215
"Hawaiʻi","Kona","Kahaluʻu","Mesic Grassland",50
"Hawaiʻi","Kona","Kahaluʻu","Mesic Shrubland",5
"Hawaiʻi","Kona","Kahaluʻu","N/A Forest",1
"Hawaiʻi","Kona","Kahaluʻu","Not Vegetated",260
"Hawaiʻi","Kona","Kahaluʻu","Wet Forest",332
"Hawaiʻi","Kona","Kahaluʻu","Wet Grassland",107
"Hawaiʻi","Kona","Kahaluʻu","Wet Shrubland",8
"Hawaiʻi","Kona","Kahauloa 2","Agriculture",10
"Hawaiʻi","Kona","Kahauloa 2","Developed",177
"Hawaiʻi","Kona","Kahauloa 2","Dry Forest",85
"Hawaiʻi","Kona","Kahauloa 2","Dry Grassland",16
"Hawaiʻi","Kona","Kahauloa 2","Dry Shrubland",5
"Hawaiʻi","Kona","Kahauloa 2","Mesic Forest",96
"Hawaiʻi","Kona","Kahauloa 2","Mesic Grassland",58
"Hawaiʻi","Kona","Kahauloa 2","Mesic Shrubland",17
"Hawaiʻi","Kona","Kahauloa 2","N/A Forest",3
"Hawaiʻi","Kona","Kahauloa 2","Not Vegetated",23
"Hawaiʻi","Kona","Kahauloa 2","Wet Forest",444
"Hawaiʻi","Kona","Kahauloa 2","Wet Grassland",56
"Hawaiʻi","Kona","Kahauloa 2","Wet Shrubland",18
"Hawaiʻi","Kona","Kalaoa 1-5","Agriculture",31
"Hawaiʻi","Kona","Kalaoa 1-5","Developed",1283
"Hawaiʻi","Kona","Kalaoa 1-5","Dry Forest",73
"Hawaiʻi","Kona","Kalaoa 1-5","Dry Grassland",92
"Hawaiʻi","Kona","Kalaoa 1-5","Dry Shrubland",8
"Hawaiʻi","Kona","Kalaoa 1-5","Mesic Forest",62
"Hawaiʻi","Kona","Kalaoa 1-5","Mesic Grassland",61
"Hawaiʻi","Kona","Kalaoa 1-5","Mesic Shrubland",2
"Hawaiʻi","Kona","Kalaoa 1-5","Not Vegetated",90
"Hawaiʻi","Kona","Kalaoa 1-5","Wet Shrubland",23
"Hawaiʻi","Kona","Kaloko","Agriculture",19
"Hawaiʻi","Kona","Kaloko","Developed",1152
"Hawaiʻi","Kona","Kaloko","Dry Forest",74
"Hawaiʻi","Kona","Kaloko","Dry Grassland",46
"Hawaiʻi","Kona","Kaloko","Dry Shrubland",12
"Hawaiʻi","Kona","Kaloko","Mesic Forest",132
"Hawaiʻi","Kona","Kaloko","Mesic Grassland",101
"Hawaiʻi","Kona","Kaloko","Mesic Shrubland",7
"Hawaiʻi","Kona","Kaloko","Not Vegetated",255
"Hawaiʻi","Kona","Kaloko","Wet Forest",341
"Hawaiʻi","Kona","Kaloko","Wet Grassland",118
"Hawaiʻi","Kona","Kaloko","Wet Shrubland",28
"Hawaiʻi","Kona","Kaloko","Wetland",2
"Hawaiʻi","Kona","Kalāhiki","Developed",75
"Hawaiʻi","Kona","Kalāhiki","Dry Forest",17
"Hawaiʻi","Kona","Kalāhiki","Dry Grassland",7
"Hawaiʻi","Kona","Kalāhiki","Dry Shrubland",6
"Hawaiʻi","Kona","Kalāhiki","Mesic Forest",87
"Hawaiʻi","Kona","Kalāhiki","Mesic Grassland",10
"Hawaiʻi","Kona","Kalāhiki","Mesic Shrubland",19
"Hawaiʻi","Kona","Kalāhiki","Not Vegetated",10
"Hawaiʻi","Kona","Kalāhiki","Wet Forest",124
"Hawaiʻi","Kona","Kalāhiki","Wet Grassland",45
"Hawaiʻi","Kona","Kalāhiki","Wet Shrubland",8
"Hawaiʻi","Kona","Kapuʻa","Agriculture",72
"Hawaiʻi","Kona","Kapuʻa","Developed",500
"Hawaiʻi","Kona","Kapuʻa","Dry Forest",242
"Hawaiʻi","Kona","Kapuʻa","Dry Grassland",33
"Hawaiʻi","Kona","Kapuʻa","Dry Shrubland",401
"Hawaiʻi","Kona","Kapuʻa","Mesic Forest",400
"Hawaiʻi","Kona","Kapuʻa","Mesic Grassland",15
"Hawaiʻi","Kona","Kapuʻa","Mesic Shrubland",132
"Hawaiʻi","Kona","Kapuʻa","Not Vegetated",473
"Hawaiʻi","Kona","Kapuʻa","Wet Forest",174
"Hawaiʻi","Kona","Kapuʻa","Wet Shrubland",6
"Hawaiʻi","Kona","Kau","Agriculture",15
"Hawaiʻi","Kona","Kau","Developed",258
"Hawaiʻi","Kona","Kau","Dry Forest",62
"Hawaiʻi","Kona","Kau","Dry Grassland",47
"Hawaiʻi","Kona","Kau","Dry Shrubland",42
"Hawaiʻi","Kona","Kau","Mesic Forest",32
"Hawaiʻi","Kona","Kau","Mesic Grassland",28
"Hawaiʻi","Kona","Kau","Mesic Shrubland",4
"Hawaiʻi","Kona","Kau","Not Vegetated",36
"Hawaiʻi","Kona","Kau","Wet Shrubland",1
"Hawaiʻi","Kona","Kauhakō","Agriculture",6
"Hawaiʻi","Kona","Kauhakō","Developed",52
"Hawaiʻi","Kona","Kauhakō","Dry Forest",8
"Hawaiʻi","Kona","Kauhakō","Dry Grassland",6
"Hawaiʻi","Kona","Kauhakō","Dry Shrubland",16
"Hawaiʻi","Kona","Kauhakō","Mesic Forest",58
"Hawaiʻi","Kona","Kauhakō","Mesic Grassland",16
"Hawaiʻi","Kona","Kauhakō","Mesic Shrubland",33
"Hawaiʻi","Kona","Kauhakō","Not Vegetated",12
"Hawaiʻi","Kona","Kauhakō","Wet Forest",9
"Hawaiʻi","Kona","Kauhakō","Wet Grassland",2
"Hawaiʻi","Kona","Kaulana, Awalua, ʻŌhiki","Agriculture",4
"Hawaiʻi","Kona","Kaulana, Awalua, ʻŌhiki","Developed",205
"Hawaiʻi","Kona","Kaulana, Awalua, ʻŌhiki","Dry Forest",104
"Hawaiʻi","Kona","Kaulana, Awalua, ʻŌhiki","Dry Grassland",69
"Hawaiʻi","Kona","Kaulana, Awalua, ʻŌhiki","Dry Shrubland",25
"Hawaiʻi","Kona","Kaulana, Awalua, ʻŌhiki","Mesic Forest",110
"Hawaiʻi","Kona","Kaulana, Awalua, ʻŌhiki","Mesic Grassland",93
"Hawaiʻi","Kona","Kaulana, Awalua, ʻŌhiki","N/A Forest",1
"Hawaiʻi","Kona","Kaulana, Awalua, ʻŌhiki","Not Vegetated",40
"Hawaiʻi","Kona","Kaulana, Awalua, ʻŌhiki","Wet Shrubland",1
"Hawaiʻi","Kona","Kaulana, Awalua, ʻŌhiki","Wetland",1
"Hawaiʻi","Kona","Kaulanamauna","Agriculture",32
"Hawaiʻi","Kona","Kaulanamauna","Developed",127
"Hawaiʻi","Kona","Kaulanamauna","Dry Forest",61
"Hawaiʻi","Kona","Kaulanamauna","Dry Shrubland",29
"Hawaiʻi","Kona","Kaulanamauna","Mesic Forest",181
"Hawaiʻi","Kona","Kaulanamauna","Mesic Shrubland",65
"Hawaiʻi","Kona","Kaulanamauna","Not Vegetated",68
"Hawaiʻi","Kona","Kaulanamauna","Wet Shrubland",2
"Hawaiʻi","Kona","Kauleolī 1-2","Developed",8
"Hawaiʻi","Kona","Kauleolī 1-2","Dry Forest",1
"Hawaiʻi","Kona","Kauleolī 1-2","Dry Grassland",5
"Hawaiʻi","Kona","Kauleolī 1-2","Dry Shrubland",6
"Hawaiʻi","Kona","Kauleolī 1-2","Mesic Forest",20
"Hawaiʻi","Kona","Kauleolī 1-2","Mesic Grassland",9
"Hawaiʻi","Kona","Kauleolī 1-2","Mesic Shrubland",9
"Hawaiʻi","Kona","Kauleolī 1-2","Not Vegetated",3
"Hawaiʻi","Kona","Kaumalumalu, Pāhoehoe","Agriculture",33
"Hawaiʻi","Kona","Kaumalumalu, Pāhoehoe","Developed",616
"Hawaiʻi","Kona","Kaumalumalu, Pāhoehoe","Dry Forest",25
"Hawaiʻi","Kona","Kaumalumalu, Pāhoehoe","Dry Grassland",70
"Hawaiʻi","Kona","Kaumalumalu, Pāhoehoe","Dry Shrubland",15
"Hawaiʻi","Kona","Kaumalumalu, Pāhoehoe","Mesic Forest",131
"Hawaiʻi","Kona","Kaumalumalu, Pāhoehoe","Mesic Grassland",48
"Hawaiʻi","Kona","Kaumalumalu, Pāhoehoe","Mesic Shrubland",37
"Hawaiʻi","Kona","Kaumalumalu, Pāhoehoe","N/A Forest",3
"Hawaiʻi","Kona","Kaumalumalu, Pāhoehoe","Not Vegetated",189
"Hawaiʻi","Kona","Kaumalumalu, Pāhoehoe","Wet Forest",87
"Hawaiʻi","Kona","Kaumalumalu, Pāhoehoe","Wet Grassland",13
"Hawaiʻi","Kona","Kaumalumalu, Pāhoehoe","Wet Shrubland",17
"Hawaiʻi","Kona","Kaʻapuna","Developed",61
"Hawaiʻi","Kona","Kaʻapuna","Dry Forest",1
"Hawaiʻi","Kona","Kaʻapuna","Mesic Forest",89
"Hawaiʻi","Kona","Kaʻapuna","Mesic Grassland",6
"Hawaiʻi","Kona","Kaʻapuna","Mesic Shrubland",28
"Hawaiʻi","Kona","Kaʻapuna","Not Vegetated",73
"Hawaiʻi","Kona","Kaʻapuna","Wet Forest",133
"Hawaiʻi","Kona","Kaʻapuna","Wet Grassland",21
"Hawaiʻi","Kona","Kaʻapuna","Wet Shrubland",47
"Hawaiʻi","Kona","Kaʻawaloa","Agriculture",35
"Hawaiʻi","Kona","Kaʻawaloa","Developed",218
"Hawaiʻi","Kona","Kaʻawaloa","Dry Forest",10
"Hawaiʻi","Kona","Kaʻawaloa","Dry Grassland",5
"Hawaiʻi","Kona","Kaʻawaloa","Dry Shrubland",16
"Hawaiʻi","Kona","Kaʻawaloa","Mesic Forest",21
"Hawaiʻi","Kona","Kaʻawaloa","Mesic Grassland",56
"Hawaiʻi","Kona","Kaʻawaloa","Mesic Shrubland",15
"Hawaiʻi","Kona","Kaʻawaloa","Not Vegetated",55
"Hawaiʻi","Kona","Kaʻawaloa","Wet Forest",54
"Hawaiʻi","Kona","Kaʻawaloa","Wet Grassland",63
"Hawaiʻi","Kona","Kaʻawaloa","Wet Shrubland",76
"Hawaiʻi","Kona","Kaʻohe 1-3","Agriculture",8
"Hawaiʻi","Kona","Kaʻohe 1-3","Developed",96
"Hawaiʻi","Kona","Kaʻohe 1-3","Dry Forest",13
"Hawaiʻi","Kona","Kaʻohe 1-3","Dry Grassland",3
"Hawaiʻi","Kona","Kaʻohe 1-3","Dry Shrubland",3
"Hawaiʻi","Kona","Kaʻohe 1-3","Mesic Forest",96
"Hawaiʻi","Kona","Kaʻohe 1-3","Mesic Grassland",27
"Hawaiʻi","Kona","Kaʻohe 1-3","Mesic Shrubland",25
"Hawaiʻi","Kona","Kaʻohe 1-3","Not Vegetated",38
"Hawaiʻi","Kona","Kaʻohe 1-3","Wet Forest",89
"Hawaiʻi","Kona","Kaʻohe 1-3","Wet Grassland",49
"Hawaiʻi","Kona","Kaʻohe 1-3","Wet Shrubland",11
"Hawaiʻi","Kona","Kaʻohe 4","Agriculture",5
"Hawaiʻi","Kona","Kaʻohe 4","Developed",112
"Hawaiʻi","Kona","Kaʻohe 4","Dry Forest",6
"Hawaiʻi","Kona","Kaʻohe 4","Dry Shrubland",6
"Hawaiʻi","Kona","Kaʻohe 4","Mesic Forest",45
"Hawaiʻi","Kona","Kaʻohe 4","Mesic Grassland",13
"Hawaiʻi","Kona","Kaʻohe 4","Mesic Shrubland",4
"Hawaiʻi","Kona","Kaʻohe 4","Not Vegetated",11
"Hawaiʻi","Kona","Kaʻohe 4","Wet Forest",44
"Hawaiʻi","Kona","Kaʻohe 4","Wet Grassland",21
"Hawaiʻi","Kona","Kaʻohe 5","Agriculture",2
"Hawaiʻi","Kona","Kaʻohe 5","Developed",17
"Hawaiʻi","Kona","Kaʻohe 5","Dry Forest",2
"Hawaiʻi","Kona","Kaʻohe 5","Dry Grassland",3
"Hawaiʻi","Kona","Kaʻohe 5","Dry Shrubland",6
"Hawaiʻi","Kona","Kaʻohe 5","Mesic Forest",18
"Hawaiʻi","Kona","Kaʻohe 5","Mesic Grassland",11
"Hawaiʻi","Kona","Kaʻohe 5","Not Vegetated",11
"Hawaiʻi","Kona","Kaʻohe 5","Wet Forest",3
"Hawaiʻi","Kona","Kaʻohe 5","Wet Grassland",1
"Hawaiʻi","Kona","Kaʻūpūlehu","Agriculture",9
"Hawaiʻi","Kona","Kaʻūpūlehu","Developed",1200
"Hawaiʻi","Kona","Kaʻūpūlehu","Dry Forest",156
"Hawaiʻi","Kona","Kaʻūpūlehu","Dry Grassland",324
"Hawaiʻi","Kona","Kaʻūpūlehu","Dry Shrubland",304
"Hawaiʻi","Kona","Kaʻūpūlehu","Mesic Forest",389
"Hawaiʻi","Kona","Kaʻūpūlehu","Mesic Grassland",120
"Hawaiʻi","Kona","Kaʻūpūlehu","Mesic Shrubland",145
"Hawaiʻi","Kona","Kaʻūpūlehu","Not Vegetated",548
"Hawaiʻi","Kona","Kaʻūpūlehu","Wet Forest",39
"Hawaiʻi","Kona","Kaʻūpūlehu","Wet Grassland",15
"Hawaiʻi","Kona","Kaʻūpūlehu","Wet Shrubland",18
"Hawaiʻi","Kona","Kaʻūpūlehu","Wetland",3
"Hawaiʻi","Kona","Keahuolū","Agriculture",7
"Hawaiʻi","Kona","Keahuolū","Developed",637
"Hawaiʻi","Kona","Keahuolū","Dry Forest",97
"Hawaiʻi","Kona","Keahuolū","Dry Grassland",123
"Hawaiʻi","Kona","Keahuolū","Dry Shrubland",79
"Hawaiʻi","Kona","Keahuolū","Mesic Forest",91
"Hawaiʻi","Kona","Keahuolū","Mesic Grassland",41
"Hawaiʻi","Kona","Keahuolū","Not Vegetated",130
"Hawaiʻi","Kona","Keahuolū","Wet Forest",42
"Hawaiʻi","Kona","Keahuolū","Wet Grassland",30
"Hawaiʻi","Kona","Keahuolū","Wet Shrubland",1
"Hawaiʻi","Kona","Kealakehe","Agriculture",16
"Hawaiʻi","Kona","Kealakehe","Developed",986
"Hawaiʻi","Kona","Kealakehe","Dry Forest",103
"Hawaiʻi","Kona","Kealakehe","Dry Grassland",100
"Hawaiʻi","Kona","Kealakehe","Dry Shrubland",49
"Hawaiʻi","Kona","Kealakehe","Mesic Forest",75
"Hawaiʻi","Kona","Kealakehe","Mesic Grassland",58
"Hawaiʻi","Kona","Kealakehe","Mesic Shrubland",3
"Hawaiʻi","Kona","Kealakehe","Not Vegetated",167
"Hawaiʻi","Kona","Kealakehe","Wet Forest",63
"Hawaiʻi","Kona","Kealakehe","Wet Grassland",75
"Hawaiʻi","Kona","Kealakehe","Wet Shrubland",8
"Hawaiʻi","Kona","Kealakehe","Wetland",5
"Hawaiʻi","Kona","Kealakekua, Kīloa 1","Agriculture",89
"Hawaiʻi","Kona","Kealakekua, Kīloa 1","Developed",896
"Hawaiʻi","Kona","Kealakekua, Kīloa 1","Dry Forest",59
"Hawaiʻi","Kona","Kealakekua, Kīloa 1","Dry Grassland",33
"Hawaiʻi","Kona","Kealakekua, Kīloa 1","Dry Shrubland",38
"Hawaiʻi","Kona","Kealakekua, Kīloa 1","Mesic Forest",232
"Hawaiʻi","Kona","Kealakekua, Kīloa 1","Mesic Grassland",256
"Hawaiʻi","Kona","Kealakekua, Kīloa 1","Mesic Shrubland",221
"Hawaiʻi","Kona","Kealakekua, Kīloa 1","Not Vegetated",108
"Hawaiʻi","Kona","Kealakekua, Kīloa 1","Wet Forest",76
"Hawaiʻi","Kona","Kealakekua, Kīloa 1","Wet Grassland",23
"Hawaiʻi","Kona","Kealakekua, Kīloa 1","Wet Shrubland",24
"Hawaiʻi","Kona","Keauhou 1","Agriculture",29
"Hawaiʻi","Kona","Keauhou 1","Developed",620
"Hawaiʻi","Kona","Keauhou 1","Dry Forest",24
"Hawaiʻi","Kona","Keauhou 1","Dry Grassland",75
"Hawaiʻi","Kona","Keauhou 1","Dry Shrubland",18
"Hawaiʻi","Kona","Keauhou 1","Mesic Forest",180
"Hawaiʻi","Kona","Keauhou 1","Mesic Grassland",82
"Hawaiʻi","Kona","Keauhou 1","Mesic Shrubland",15
"Hawaiʻi","Kona","Keauhou 1","Not Vegetated",215
"Hawaiʻi","Kona","Keauhou 1","Wet Forest",415
"Hawaiʻi","Kona","Keauhou 1","Wet Grassland",100
"Hawaiʻi","Kona","Keauhou 1","Wet Shrubland",103
"Hawaiʻi","Kona","Keauhou 2","Agriculture",32
"Hawaiʻi","Kona","Keauhou 2","Developed",399
"Hawaiʻi","Kona","Keauhou 2","Dry Forest",3129
"Hawaiʻi","Kona","Keauhou 2","Dry Grassland",848
"Hawaiʻi","Kona","Keauhou 2","Dry Shrubland",3830
"Hawaiʻi","Kona","Keauhou 2","Mesic Forest",405
"Hawaiʻi","Kona","Keauhou 2","Mesic Grassland",475
"Hawaiʻi","Kona","Keauhou 2","Mesic Shrubland",478
"Hawaiʻi","Kona","Keauhou 2","N/A Forest",2
"Hawaiʻi","Kona","Keauhou 2","Not Vegetated",3989
"Hawaiʻi","Kona","Keauhou 2","Wet Forest",140
"Hawaiʻi","Kona","Keauhou 2","Wet Grassland",60
"Hawaiʻi","Kona","Keauhou 2","Wet Shrubland",36
"Hawaiʻi","Kona","Keauhou 2","Wetland",2
"Hawaiʻi","Kona","Keālia 1","Developed",225
"Hawaiʻi","Kona","Keālia 1","Dry Forest",57
"Hawaiʻi","Kona","Keālia 1","Dry Grassland",25
"Hawaiʻi","Kona","Keālia 1","Dry Shrubland",78
"Hawaiʻi","Kona","Keālia 1","Mesic Forest",141
"Hawaiʻi","Kona","Keālia 1","Mesic Grassland",73
"Hawaiʻi","Kona","Keālia 1","Mesic Shrubland",48
"Hawaiʻi","Kona","Keālia 1","Not Vegetated",22
"Hawaiʻi","Kona","Keālia 1","Wet Forest",151
"Hawaiʻi","Kona","Keālia 1","Wet Grassland",70
"Hawaiʻi","Kona","Keālia 2","Agriculture",3
"Hawaiʻi","Kona","Keālia 2","Developed",154
"Hawaiʻi","Kona","Keālia 2","Dry Forest",19
"Hawaiʻi","Kona","Keālia 2","Dry Grassland",1
"Hawaiʻi","Kona","Keālia 2","Dry Shrubland",1
"Hawaiʻi","Kona","Keālia 2","Mesic Forest",130
"Hawaiʻi","Kona","Keālia 2","Mesic Grassland",43
"Hawaiʻi","Kona","Keālia 2","Mesic Shrubland",7
"Hawaiʻi","Kona","Keālia 2","Not Vegetated",4
"Hawaiʻi","Kona","Keālia 2","Wet Forest",91
"Hawaiʻi","Kona","Keālia 2","Wet Grassland",28
"Hawaiʻi","Kona","Keālia 2","Wet Shrubland",7
"Hawaiʻi","Kona","Keʻei 1","Agriculture",17
"Hawaiʻi","Kona","Keʻei 1","Developed",131
"Hawaiʻi","Kona","Keʻei 1","Dry Forest",7
"Hawaiʻi","Kona","Keʻei 1","Dry Grassland",10
"Hawaiʻi","Kona","Keʻei 1","Dry Shrubland",13
"Hawaiʻi","Kona","Keʻei 1","Mesic Forest",60
"Hawaiʻi","Kona","Keʻei 1","Mesic Grassland",35
"Hawaiʻi","Kona","Keʻei 1","Mesic Shrubland",37
"Hawaiʻi","Kona","Keʻei 1","N/A Forest",1
"Hawaiʻi","Kona","Keʻei 1","Not Vegetated",37
"Hawaiʻi","Kona","Keʻei 2","Agriculture",40
"Hawaiʻi","Kona","Keʻei 2","Developed",377
"Hawaiʻi","Kona","Keʻei 2","Dry Forest",105
"Hawaiʻi","Kona","Keʻei 2","Dry Grassland",20
"Hawaiʻi","Kona","Keʻei 2","Dry Shrubland",41
"Hawaiʻi","Kona","Keʻei 2","Mesic Forest",113
"Hawaiʻi","Kona","Keʻei 2","Mesic Grassland",138
"Hawaiʻi","Kona","Keʻei 2","Mesic Shrubland",78
"Hawaiʻi","Kona","Keʻei 2","Not Vegetated",52
"Hawaiʻi","Kona","Keʻei 2","Wet Forest",282
"Hawaiʻi","Kona","Keʻei 2","Wet Grassland",57
"Hawaiʻi","Kona","Keʻei 2","Wet Shrubland",2
"Hawaiʻi","Kona","Keʻekeʻe 1-2, Kanakau","Agriculture",53
"Hawaiʻi","Kona","Keʻekeʻe 1-2, Kanakau","Developed",964
"Hawaiʻi","Kona","Keʻekeʻe 1-2, Kanakau","Dry Forest",13
"Hawaiʻi","Kona","Keʻekeʻe 1-2, Kanakau","Dry Grassland",61
"Hawaiʻi","Kona","Keʻekeʻe 1-2, Kanakau","Dry Shrubland",52
"Hawaiʻi","Kona","Keʻekeʻe 1-2, Kanakau","Mesic Forest",59
"Hawaiʻi","Kona","Keʻekeʻe 1-2, Kanakau","Mesic Grassland",127
"Hawaiʻi","Kona","Keʻekeʻe 1-2, Kanakau","Mesic Shrubland",56
"Hawaiʻi","Kona","Keʻekeʻe 1-2, Kanakau","N/A Forest",2
"Hawaiʻi","Kona","Keʻekeʻe 1-2, Kanakau","Not Vegetated",145
"Hawaiʻi","Kona","Keʻekeʻe 1-2, Kanakau","Wet Forest",18
"Hawaiʻi","Kona","Keʻekeʻe 1-2, Kanakau","Wet Grassland",13
"Hawaiʻi","Kona","Keʻekeʻe 1-2, Kanakau","Wet Shrubland",9
"Hawaiʻi","Kona","Kiʻilae","Agriculture",2
"Hawaiʻi","Kona","Kiʻilae","Developed",184
"Hawaiʻi","Kona","Kiʻilae","Dry Forest",27
"Hawaiʻi","Kona","Kiʻilae","Dry Grassland",11
"Hawaiʻi","Kona","Kiʻilae","Dry Shrubland",12
"Hawaiʻi","Kona","Kiʻilae","Mesic Forest",114
"Hawaiʻi","Kona","Kiʻilae","Mesic Grassland",109
"Hawaiʻi","Kona","Kiʻilae","Mesic Shrubland",87
"Hawaiʻi","Kona","Kiʻilae","N/A Forest",2
"Hawaiʻi","Kona","Kiʻilae","Not Vegetated",7
"Hawaiʻi","Kona","Kiʻilae","Wet Forest",112
"Hawaiʻi","Kona","Kiʻilae","Wet Grassland",41
"Hawaiʻi","Kona","Kiʻilae","Wet Shrubland",1
"Hawaiʻi","Kona","Kiʻilae","Wetland",1
"Hawaiʻi","Kona","Kohanaiki","Agriculture",4
"Hawaiʻi","Kona","Kohanaiki","Developed",248
"Hawaiʻi","Kona","Kohanaiki","Dry Forest",79
"Hawaiʻi","Kona","Kohanaiki","Dry Grassland",50
"Hawaiʻi","Kona","Kohanaiki","Dry Shrubland",10
"Hawaiʻi","Kona","Kohanaiki","Mesic Forest",46
"Hawaiʻi","Kona","Kohanaiki","Mesic Grassland",32
"Hawaiʻi","Kona","Kohanaiki","Not Vegetated",51
"Hawaiʻi","Kona","Kohanaiki","Wetland",1
"Hawaiʻi","Kona","Kolo","Agriculture",21
"Hawaiʻi","Kona","Kolo","Developed",82
"Hawaiʻi","Kona","Kolo","Dry Forest",6
"Hawaiʻi","Kona","Kolo","Dry Grassland",5
"Hawaiʻi","Kona","Kolo","Dry Shrubland",31
"Hawaiʻi","Kona","Kolo","Mesic Forest",79
"Hawaiʻi","Kona","Kolo","Mesic Grassland",54
"Hawaiʻi","Kona","Kolo","Mesic Shrubland",7
"Hawaiʻi","Kona","Kolo","Not Vegetated",40
"Hawaiʻi","Kona","Kolo","Wet Forest",38
"Hawaiʻi","Kona","Kolo","Wet Grassland",17
"Hawaiʻi","Kona","Kukuiopaʻe 1-2","Agriculture",9
"Hawaiʻi","Kona","Kukuiopaʻe 1-2","Developed",59
"Hawaiʻi","Kona","Kukuiopaʻe 1-2","Dry Forest",8
"Hawaiʻi","Kona","Kukuiopaʻe 1-2","Dry Grassland",5
"Hawaiʻi","Kona","Kukuiopaʻe 1-2","Dry Shrubland",12
"Hawaiʻi","Kona","Kukuiopaʻe 1-2","Mesic Forest",176
"Hawaiʻi","Kona","Kukuiopaʻe 1-2","Mesic Grassland",56
"Hawaiʻi","Kona","Kukuiopaʻe 1-2","Mesic Shrubland",17
"Hawaiʻi","Kona","Kukuiopaʻe 1-2","Not Vegetated",47
"Hawaiʻi","Kona","Kukuiopaʻe 1-2","Wet Forest",170
"Hawaiʻi","Kona","Kukuiopaʻe 1-2","Wet Grassland",74
"Hawaiʻi","Kona","Kukuiopaʻe 1-2","Wet Shrubland",4
"Hawaiʻi","Kona","Kēōkea","Agriculture",20
"Hawaiʻi","Kona","Kēōkea","Developed",154
"Hawaiʻi","Kona","Kēōkea","Dry Forest",94
"Hawaiʻi","Kona","Kēōkea","Dry Grassland",5
"Hawaiʻi","Kona","Kēōkea","Dry Shrubland",9
"Hawaiʻi","Kona","Kēōkea","Mesic Forest",179
"Hawaiʻi","Kona","Kēōkea","Mesic Grassland",93
"Hawaiʻi","Kona","Kēōkea","Mesic Shrubland",84
"Hawaiʻi","Kona","Kēōkea","N/A Forest",3
"Hawaiʻi","Kona","Kēōkea","Not Vegetated",38
"Hawaiʻi","Kona","Kēōkea","Wet Forest",167
"Hawaiʻi","Kona","Kēōkea","Wet Grassland",52
"Hawaiʻi","Kona","Kēōkea","Wet Shrubland",2
"Hawaiʻi","Kona","Kēōkea","Wetland",1
"Hawaiʻi","Kona","Kīpahoehoe","Developed",8
"Hawaiʻi","Kona","Kīpahoehoe","Dry Forest",37
"Hawaiʻi","Kona","Kīpahoehoe","Dry Shrubland",4
"Hawaiʻi","Kona","Kīpahoehoe","Mesic Forest",184
"Hawaiʻi","Kona","Kīpahoehoe","Mesic Shrubland",62
"Hawaiʻi","Kona","Kīpahoehoe","Not Vegetated",241
"Hawaiʻi","Kona","Kīpahoehoe","Wet Forest",244
"Hawaiʻi","Kona","Kīpahoehoe","Wet Shrubland",47
"Hawaiʻi","Kona","Kūkiʻo, Maniniʻōwali","Developed",722
"Hawaiʻi","Kona","Kūkiʻo, Maniniʻōwali","Dry Forest",124
"Hawaiʻi","Kona","Kūkiʻo, Maniniʻōwali","Dry Grassland",69
"Hawaiʻi","Kona","Kūkiʻo, Maniniʻōwali","Dry Shrubland",12
"Hawaiʻi","Kona","Kūkiʻo, Maniniʻōwali","Mesic Forest",20
"Hawaiʻi","Kona","Kūkiʻo, Maniniʻōwali","Mesic Grassland",14
"Hawaiʻi","Kona","Kūkiʻo, Maniniʻōwali","Not Vegetated",127
"Hawaiʻi","Kona","Lanihau 1-2, Moeauo","Agriculture",99
"Hawaiʻi","Kona","Lanihau 1-2, Moeauo","Developed",1658
"Hawaiʻi","Kona","Lanihau 1-2, Moeauo","Dry Forest",50
"Hawaiʻi","Kona","Lanihau 1-2, Moeauo","Dry Grassland",77
"Hawaiʻi","Kona","Lanihau 1-2, Moeauo","Dry Shrubland",4
"Hawaiʻi","Kona","Lanihau 1-2, Moeauo","Mesic Forest",290
"Hawaiʻi","Kona","Lanihau 1-2, Moeauo","Mesic Grassland",227
"Hawaiʻi","Kona","Lanihau 1-2, Moeauo","Not Vegetated",114
"Hawaiʻi","Kona","Lanihau 1-2, Moeauo","Wet Forest",50
"Hawaiʻi","Kona","Lanihau 1-2, Moeauo","Wet Grassland",4
"Hawaiʻi","Kona","Mahaiʻula","Developed",20
"Hawaiʻi","Kona","Mahaiʻula","Dry Forest",24
"Hawaiʻi","Kona","Mahaiʻula","Dry Grassland",8
"Hawaiʻi","Kona","Mahaiʻula","Dry Shrubland",3
"Hawaiʻi","Kona","Mahaiʻula","Mesic Forest",4
"Hawaiʻi","Kona","Mahaiʻula","Mesic Grassland",5
"Hawaiʻi","Kona","Mahaiʻula","N/A Forest",1
"Hawaiʻi","Kona","Mahaiʻula","Not Vegetated",6
"Hawaiʻi","Kona","Makalawena","Developed",29
"Hawaiʻi","Kona","Makalawena","Dry Forest",43
"Hawaiʻi","Kona","Makalawena","Dry Grassland",14
"Hawaiʻi","Kona","Makalawena","Dry Shrubland",8
"Hawaiʻi","Kona","Makalawena","Mesic Forest",4
"Hawaiʻi","Kona","Makalawena","Mesic Grassland",5
"Hawaiʻi","Kona","Makalawena","N/A Forest",1
"Hawaiʻi","Kona","Makalawena","Not Vegetated",12
"Hawaiʻi","Kona","Makalawena","Wetland",1
"Hawaiʻi","Kona","Makaʻula","Developed",74
"Hawaiʻi","Kona","Makaʻula","Dry Forest",6
"Hawaiʻi","Kona","Makaʻula","Dry Grassland",11
"Hawaiʻi","Kona","Makaʻula","Dry Shrubland",4
"Hawaiʻi","Kona","Makaʻula","Mesic Forest",4
"Hawaiʻi","Kona","Makaʻula","Mesic Grassland",8
"Hawaiʻi","Kona","Makaʻula","Not Vegetated",9
"Hawaiʻi","Kona","Makaʻula","Wet Shrubland",1
"Hawaiʻi","Kona","Okoe 1-2","Agriculture",10
"Hawaiʻi","Kona","Okoe 1-2","Developed",23
"Hawaiʻi","Kona","Okoe 1-2","Dry Forest",13
"Hawaiʻi","Kona","Okoe 1-2","Dry Grassland",15
"Hawaiʻi","Kona","Okoe 1-2","Dry Shrubland",44
"Hawaiʻi","Kona","Okoe 1-2","Mesic Forest",37
"Hawaiʻi","Kona","Okoe 1-2","Mesic Grassland",27
"Hawaiʻi","Kona","Okoe 1-2","Mesic Shrubland",67
"Hawaiʻi","Kona","Okoe 1-2","Not Vegetated",34
"Hawaiʻi","Kona","Puapuaʻa 2","Agriculture",4
"Hawaiʻi","Kona","Puapuaʻa 2","Developed",483
"Hawaiʻi","Kona","Puapuaʻa 2","Dry Forest",19
"Hawaiʻi","Kona","Puapuaʻa 2","Dry Grassland",33
"Hawaiʻi","Kona","Puapuaʻa 2","Mesic Forest",9
"Hawaiʻi","Kona","Puapuaʻa 2","Mesic Grassland",8
"Hawaiʻi","Kona","Puapuaʻa 2","Not Vegetated",32
"Hawaiʻi","Kona","Puaʻa 1","Agriculture",2
"Hawaiʻi","Kona","Puaʻa 1","Developed",79
"Hawaiʻi","Kona","Puaʻa 1","Dry Forest",5
"Hawaiʻi","Kona","Puaʻa 1","Dry Grassland",11
"Hawaiʻi","Kona","Puaʻa 1","Mesic Forest",49
"Hawaiʻi","Kona","Puaʻa 1","Mesic Grassland",10
"Hawaiʻi","Kona","Puaʻa 1","Mesic Shrubland",9
"Hawaiʻi","Kona","Puaʻa 1","N/A Forest",3
"Hawaiʻi","Kona","Puaʻa 1","Not Vegetated",31
"Hawaiʻi","Kona","Puaʻa 1","Wet Forest",82
"Hawaiʻi","Kona","Puaʻa 1","Wet Grassland",28
"Hawaiʻi","Kona","Puaʻa 2-3, Waiʻaha 1","Agriculture",15
"Hawaiʻi","Kona","Puaʻa 2-3, Waiʻaha 1","Developed",931
"Hawaiʻi","Kona","Puaʻa 2-3, Waiʻaha 1","Dry Forest",37
"Hawaiʻi","Kona","Puaʻa 2-3, Waiʻaha 1","Dry Grassland",84
"Hawaiʻi","Kona","Puaʻa 2-3, Waiʻaha 1","Mesic Forest",137
"Hawaiʻi","Kona","Puaʻa 2-3, Waiʻaha 1","Mesic Grassland",67
"Hawaiʻi","Kona","Puaʻa 2-3, Waiʻaha 1","Mesic Shrubland",3
"Hawaiʻi","Kona","Puaʻa 2-3, Waiʻaha 1","N/A Forest",1
"Hawaiʻi","Kona","Puaʻa 2-3, Waiʻaha 1","Not Vegetated",122
"Hawaiʻi","Kona","Puaʻa 2-3, Waiʻaha 1","Wet Forest",23
"Hawaiʻi","Kona","Puaʻa 2-3, Waiʻaha 1","Wet Grassland",5
"Hawaiʻi","Kona","Puʻuanahulu","Developed",984
"Hawaiʻi","Kona","Puʻuanahulu","Dry Forest",1030
"Hawaiʻi","Kona","Puʻuanahulu","Dry Grassland",741
"Hawaiʻi","Kona","Puʻuanahulu","Dry Shrubland",3115
"Hawaiʻi","Kona","Puʻuanahulu","Not Vegetated",5681
"Hawaiʻi","Kona","Puʻuanahulu","Wetland",13
"Hawaiʻi","Kona","Puʻuwaʻawaʻa","Developed",806
"Hawaiʻi","Kona","Puʻuwaʻawaʻa","Dry Forest",1169
"Hawaiʻi","Kona","Puʻuwaʻawaʻa","Dry Grassland",619
"Hawaiʻi","Kona","Puʻuwaʻawaʻa","Dry Shrubland",1310
"Hawaiʻi","Kona","Puʻuwaʻawaʻa","Mesic Forest",777
"Hawaiʻi","Kona","Puʻuwaʻawaʻa","Mesic Grassland",156
"Hawaiʻi","Kona","Puʻuwaʻawaʻa","Mesic Shrubland",262
"Hawaiʻi","Kona","Puʻuwaʻawaʻa","N/A Forest",1
"Hawaiʻi","Kona","Puʻuwaʻawaʻa","Not Vegetated",1779
"Hawaiʻi","Kona","Puʻuwaʻawaʻa","Wetland",3
"Hawaiʻi","Kona","Pāhoehoe A 1-4, Mau","Agriculture",6
"Hawaiʻi","Kona","Pāhoehoe A 1-4, Mau","Developed",112
"Hawaiʻi","Kona","Pāhoehoe A 1-4, Mau","Dry Forest",5
"Hawaiʻi","Kona","Pāhoehoe A 1-4, Mau","Dry Grassland",5
"Hawaiʻi","Kona","Pāhoehoe A 1-4, Mau","Dry Shrubland",16
"Hawaiʻi","Kona","Pāhoehoe A 1-4, Mau","Mesic Forest",79
"Hawaiʻi","Kona","Pāhoehoe A 1-4, Mau","Mesic Grassland",24
"Hawaiʻi","Kona","Pāhoehoe A 1-4, Mau","Mesic Shrubland",26
"Hawaiʻi","Kona","Pāhoehoe A 1-4, Mau","Not Vegetated",21
"Hawaiʻi","Kona","Pāhoehoe A 1-4, Mau","Wet Forest",166
"Hawaiʻi","Kona","Pāhoehoe A 1-4, Mau","Wet Grassland",47
"Hawaiʻi","Kona","Pāhoehoe A 1-4, Mau","Wet Shrubland",5
"Hawaiʻi","Kona","Pāhoehoe B 1-3","Developed",4
"Hawaiʻi","Kona","Pāhoehoe B 1-3","Dry Forest",5
"Hawaiʻi","Kona","Pāhoehoe B 1-3","Dry Grassland",1
"Hawaiʻi","Kona","Pāhoehoe B 1-3","Dry Shrubland",2
"Hawaiʻi","Kona","Pāhoehoe B 1-3","Mesic Forest",83
"Hawaiʻi","Kona","Pāhoehoe B 1-3","Mesic Grassland",11
"Hawaiʻi","Kona","Pāhoehoe B 1-3","Mesic Shrubland",8
"Hawaiʻi","Kona","Pāhoehoe B 1-3","Not Vegetated",4
"Hawaiʻi","Kona","Pāhoehoe B 1-3","Wet Forest",76
"Hawaiʻi","Kona","Pāhoehoe B 1-3","Wet Grassland",14
"Hawaiʻi","Kona","Pāhoehoe B 1-3","Wet Shrubland",1
"Hawaiʻi","Kona","Pāpā 1","Agriculture",28
"Hawaiʻi","Kona","Pāpā 1","Developed",147
"Hawaiʻi","Kona","Pāpā 1","Dry Forest",9
"Hawaiʻi","Kona","Pāpā 1","Dry Shrubland",10
"Hawaiʻi","Kona","Pāpā 1","Mesic Forest",184
"Hawaiʻi","Kona","Pāpā 1","Mesic Grassland",9
"Hawaiʻi","Kona","Pāpā 1","Mesic Shrubland",41
"Hawaiʻi","Kona","Pāpā 1","Not Vegetated",47
"Hawaiʻi","Kona","Pāpā 1","Wet Forest",75
"Hawaiʻi","Kona","Pāpā 1","Wet Grassland",8
"Hawaiʻi","Kona","Pāpā 1","Wet Shrubland",10
"Hawaiʻi","Kona","Pāpā 2","Agriculture",25
"Hawaiʻi","Kona","Pāpā 2","Developed",364
"Hawaiʻi","Kona","Pāpā 2","Dry Forest",12
"Hawaiʻi","Kona","Pāpā 2","Dry Shrubland",17
"Hawaiʻi","Kona","Pāpā 2","Mesic Forest",222
"Hawaiʻi","Kona","Pāpā 2","Mesic Grassland",47
"Hawaiʻi","Kona","Pāpā 2","Mesic Shrubland",84
"Hawaiʻi","Kona","Pāpā 2","Not Vegetated",101
"Hawaiʻi","Kona","Pāpā 2","Wet Forest",175
"Hawaiʻi","Kona","Pāpā 2","Wet Grassland",18
"Hawaiʻi","Kona","Pāpā 2","Wet Shrubland",54
"Hawaiʻi","Kona","Waiea","Agriculture",8
"Hawaiʻi","Kona","Waiea","Developed",61
"Hawaiʻi","Kona","Waiea","Dry Forest",34
"Hawaiʻi","Kona","Waiea","Dry Grassland",20
"Hawaiʻi","Kona","Waiea","Dry Shrubland",29
"Hawaiʻi","Kona","Waiea","Mesic Forest",144
"Hawaiʻi","Kona","Waiea","Mesic Grassland",55
"Hawaiʻi","Kona","Waiea","Mesic Shrubland",22
"Hawaiʻi","Kona","Waiea","Not Vegetated",38
"Hawaiʻi","Kona","Waiea","Wet Forest",105
"Hawaiʻi","Kona","Waiea","Wet Grassland",31
"Hawaiʻi","Kona","Waikākuʻu","Agriculture",2
"Hawaiʻi","Kona","Waikākuʻu","Developed",20
"Hawaiʻi","Kona","Waikākuʻu","Dry Forest",7
"Hawaiʻi","Kona","Waikākuʻu","Dry Grassland",3
"Hawaiʻi","Kona","Waikākuʻu","Dry Shrubland",3
"Hawaiʻi","Kona","Waikākuʻu","Mesic Forest",33
"Hawaiʻi","Kona","Waikākuʻu","Mesic Grassland",24
"Hawaiʻi","Kona","Waikākuʻu","Mesic Shrubland",1
"Hawaiʻi","Kona","Waikākuʻu","Not Vegetated",10
"Hawaiʻi","Kona","Waikākuʻu","Wet Forest",4
"Hawaiʻi","Kona","Waikākuʻu","Wet Grassland",1
"Hawaiʻi","Kona","ʻAlikā","Agriculture",6
"Hawaiʻi","Kona","ʻAlikā","Developed",71
"Hawaiʻi","Kona","ʻAlikā","Dry Forest",72
"Hawaiʻi","Kona","ʻAlikā","Dry Shrubland",9
"Hawaiʻi","Kona","ʻAlikā","Mesic Forest",439
"Hawaiʻi","Kona","ʻAlikā","Mesic Grassland",21
"Hawaiʻi","Kona","ʻAlikā","Mesic Shrubland",79
"Hawaiʻi","Kona","ʻAlikā","Not Vegetated",146
"Hawaiʻi","Kona","ʻAlikā","Wet Forest",214
"Hawaiʻi","Kona","ʻAlikā","Wet Grassland",1
"Hawaiʻi","Kona","ʻAlikā","Wet Shrubland",23
"Hawaiʻi","Kona","ʻOʻoma 1","Agriculture",23
"Hawaiʻi","Kona","ʻOʻoma 1","Developed",496
"Hawaiʻi","Kona","ʻOʻoma 1","Dry Forest",71
"Hawaiʻi","Kona","ʻOʻoma 1","Dry Grassland",65
"Hawaiʻi","Kona","ʻOʻoma 1","Mesic Forest",17
"Hawaiʻi","Kona","ʻOʻoma 1","Mesic Grassland",19
"Hawaiʻi","Kona","ʻOʻoma 1","Not Vegetated",93
"Hawaiʻi","Kona","ʻOʻoma 1","Wet Shrubland",3
"Hawaiʻi","Kona","ʻOʻoma 2","Agriculture",1
"Hawaiʻi","Kona","ʻOʻoma 2","Developed",146
"Hawaiʻi","Kona","ʻOʻoma 2","Dry Forest",62
"Hawaiʻi","Kona","ʻOʻoma 2","Dry Grassland",63
"Hawaiʻi","Kona","ʻOʻoma 2","Dry Shrubland",5
"Hawaiʻi","Kona","ʻOʻoma 2","Mesic Forest",26
"Hawaiʻi","Kona","ʻOʻoma 2","Mesic Grassland",22
"Hawaiʻi","Kona","ʻOʻoma 2","Not Vegetated",54
"Hawaiʻi","Kona","ʻŌlelomoana 1-4, Opihihali","Agriculture",14
"Hawaiʻi","Kona","ʻŌlelomoana 1-4, Opihihali","Developed",146
"Hawaiʻi","Kona","ʻŌlelomoana 1-4, Opihihali","Dry Forest",39
"Hawaiʻi","Kona","ʻŌlelomoana 1-4, Opihihali","Dry Grassland",7
"Hawaiʻi","Kona","ʻŌlelomoana 1-4, Opihihali","Dry Shrubland",48
"Hawaiʻi","Kona","ʻŌlelomoana 1-4, Opihihali","Mesic Forest",263
"Hawaiʻi","Kona","ʻŌlelomoana 1-4, Opihihali","Mesic Grassland",78
"Hawaiʻi","Kona","ʻŌlelomoana 1-4, Opihihali","Mesic Shrubland",65
"Hawaiʻi","Kona","ʻŌlelomoana 1-4, Opihihali","Not Vegetated",170
"Hawaiʻi","Kona","ʻŌlelomoana 1-4, Opihihali","Wet Forest",296
"Hawaiʻi","Kona","ʻŌlelomoana 1-4, Opihihali","Wet Grassland",47
"Hawaiʻi","Kona","ʻŌlelomoana 1-4, Opihihali","Wet Shrubland",45
"Hawaiʻi","Puna","Ahalanui, Laepaoʻo","Agriculture",18
"Hawaiʻi","Puna","Ahalanui, Laepaoʻo","Developed",43
"Hawaiʻi","Puna","Ahalanui, Laepaoʻo","Mesic Forest",217
"Hawaiʻi","Puna","Ahalanui, Laepaoʻo","Mesic Grassland",39
"Hawaiʻi","Puna","Ahalanui, Laepaoʻo","Mesic Shrubland",80
"Hawaiʻi","Puna","Ahalanui, Laepaoʻo","Not Vegetated",11
"Hawaiʻi","Puna","Ahalanui, Laepaoʻo","Wet Forest",46
"Hawaiʻi","Puna","Ahalanui, Laepaoʻo","Wet Grassland",11
"Hawaiʻi","Puna","Ahalanui, Laepaoʻo","Wet Shrubland",16
"Hawaiʻi","Puna","Halepuaʻa, Kanekiki","Agriculture",21
"Hawaiʻi","Puna","Halepuaʻa, Kanekiki","Developed",109
"Hawaiʻi","Puna","Halepuaʻa, Kanekiki","Mesic Forest",124
"Hawaiʻi","Puna","Halepuaʻa, Kanekiki","Mesic Grassland",44
"Hawaiʻi","Puna","Halepuaʻa, Kanekiki","Mesic Shrubland",159
"Hawaiʻi","Puna","Halepuaʻa, Kanekiki","Not Vegetated",15
"Hawaiʻi","Puna","Halepuaʻa, Kanekiki","Wet Forest",104
"Hawaiʻi","Puna","Halepuaʻa, Kanekiki","Wet Grassland",3
"Hawaiʻi","Puna","Halepuaʻa, Kanekiki","Wet Shrubland",42
"Hawaiʻi","Puna","Honolulu","Agriculture",13
"Hawaiʻi","Puna","Honolulu","Developed",20
"Hawaiʻi","Puna","Honolulu","Mesic Forest",17
"Hawaiʻi","Puna","Honolulu","Mesic Grassland",1
"Hawaiʻi","Puna","Honolulu","Mesic Shrubland",11
"Hawaiʻi","Puna","Honolulu","Not Vegetated",4
"Hawaiʻi","Puna","Honolulu","Wet Forest",33
"Hawaiʻi","Puna","Honolulu","Wet Grassland",11
"Hawaiʻi","Puna","Honolulu","Wet Shrubland",21
"Hawaiʻi","Puna","Hulunanai","Agriculture",5
"Hawaiʻi","Puna","Hulunanai","Developed",11
"Hawaiʻi","Puna","Hulunanai","Mesic Forest",59
"Hawaiʻi","Puna","Hulunanai","Mesic Grassland",1
"Hawaiʻi","Puna","Hulunanai","Mesic Shrubland",14
"Hawaiʻi","Puna","Hulunanai","Not Vegetated",6
"Hawaiʻi","Puna","Hulunanai","Wet Shrubland",1
"Hawaiʻi","Puna","Iliʻililoa","Agriculture",3
"Hawaiʻi","Puna","Iliʻililoa","Developed",17
"Hawaiʻi","Puna","Iliʻililoa","Mesic Forest",25
"Hawaiʻi","Puna","Iliʻililoa","Mesic Grassland",4
"Hawaiʻi","Puna","Iliʻililoa","Mesic Shrubland",6
"Hawaiʻi","Puna","Iliʻililoa","Not Vegetated",2
"Hawaiʻi","Puna","Kahaualeʻa","Agriculture",3
"Hawaiʻi","Puna","Kahaualeʻa","Developed",31
"Hawaiʻi","Puna","Kahaualeʻa","Mesic Forest",10
"Hawaiʻi","Puna","Kahaualeʻa","Mesic Grassland",6
"Hawaiʻi","Puna","Kahaualeʻa","Mesic Shrubland",3
"Hawaiʻi","Puna","Kahaualeʻa","Not Vegetated",95
"Hawaiʻi","Puna","Kahaualeʻa","Wet Forest",2177
"Hawaiʻi","Puna","Kahaualeʻa","Wet Grassland",72
"Hawaiʻi","Puna","Kahaualeʻa","Wet Shrubland",353
"Hawaiʻi","Puna","Kahue","Developed",24
"Hawaiʻi","Puna","Kahue","Dry Forest",2
"Hawaiʻi","Puna","Kahue","Dry Shrubland",2
"Hawaiʻi","Puna","Kahue","Mesic Forest",62
"Hawaiʻi","Puna","Kahue","Mesic Grassland",9
"Hawaiʻi","Puna","Kahue","Mesic Shrubland",51
"Hawaiʻi","Puna","Kahue","Not Vegetated",10
"Hawaiʻi","Puna","Kahuwai","Agriculture",38
"Hawaiʻi","Puna","Kahuwai","Developed",72
"Hawaiʻi","Puna","Kahuwai","Mesic Forest",86
"Hawaiʻi","Puna","Kahuwai","Mesic Grassland",36
"Hawaiʻi","Puna","Kahuwai","Mesic Shrubland",104
"Hawaiʻi","Puna","Kahuwai","Not Vegetated",13
"Hawaiʻi","Puna","Kahuwai","Wet Forest",548
"Hawaiʻi","Puna","Kahuwai","Wet Grassland",76
"Hawaiʻi","Puna","Kahuwai","Wet Shrubland",256
"Hawaiʻi","Puna","Kaimū","Agriculture",93
"Hawaiʻi","Puna","Kaimū","Developed",150
"Hawaiʻi","Puna","Kaimū","Mesic Forest",403
"Hawaiʻi","Puna","Kaimū","Mesic Grassland",73
"Hawaiʻi","Puna","Kaimū","Mesic Shrubland",204
"Hawaiʻi","Puna","Kaimū","Not Vegetated",10
"Hawaiʻi","Puna","Kaimū","Wet Forest",508
"Hawaiʻi","Puna","Kaimū","Wet Grassland",47
"Hawaiʻi","Puna","Kaimū","Wet Shrubland",192
"Hawaiʻi","Puna","Kalapana, Kupahua","Agriculture",160
"Hawaiʻi","Puna","Kalapana, Kupahua","Developed",73
"Hawaiʻi","Puna","Kalapana, Kupahua","Mesic Forest",477
"Hawaiʻi","Puna","Kalapana, Kupahua","Mesic Grassland",56
"Hawaiʻi","Puna","Kalapana, Kupahua","Mesic Shrubland",193
"Hawaiʻi","Puna","Kalapana, Kupahua","Not Vegetated",48
"Hawaiʻi","Puna","Kalapana, Kupahua","Wet Forest",246
"Hawaiʻi","Puna","Kalapana, Kupahua","Wet Grassland",38
"Hawaiʻi","Puna","Kalapana, Kupahua","Wet Shrubland",66
"Hawaiʻi","Puna","Kamoamoa","Agriculture",3
"Hawaiʻi","Puna","Kamoamoa","Mesic Forest",73
"Hawaiʻi","Puna","Kamoamoa","Mesic Grassland",8
"Hawaiʻi","Puna","Kamoamoa","Mesic Shrubland",28
"Hawaiʻi","Puna","Kamoamoa","Not Vegetated",24
"Hawaiʻi","Puna","Kamoamoa","Wet Forest",202
"Hawaiʻi","Puna","Kamoamoa","Wet Grassland",36
"Hawaiʻi","Puna","Kamoamoa","Wet Shrubland",133
"Hawaiʻi","Puna","Kapoho","Agriculture",59
"Hawaiʻi","Puna","Kapoho","Developed",581
"Hawaiʻi","Puna","Kapoho","Mesic Forest",424
"Hawaiʻi","Puna","Kapoho","Mesic Grassland",136
"Hawaiʻi","Puna","Kapoho","Mesic Shrubland",187
"Hawaiʻi","Puna","Kapoho","Not Vegetated",40
"Hawaiʻi","Puna","Kapoho","Wet Forest",301
"Hawaiʻi","Puna","Kapoho","Wet Grassland",133
"Hawaiʻi","Puna","Kapoho","Wet Shrubland",145
"Hawaiʻi","Puna","Kapoho","Wetland",3
"Hawaiʻi","Puna","Kauaea","Agriculture",14
"Hawaiʻi","Puna","Kauaea","Developed",25
"Hawaiʻi","Puna","Kauaea","Mesic Forest",103
"Hawaiʻi","Puna","Kauaea","Mesic Grassland",69
"Hawaiʻi","Puna","Kauaea","Mesic Shrubland",74
"Hawaiʻi","Puna","Kauaea","Not Vegetated",11
"Hawaiʻi","Puna","Kauaea","Wet Forest",201
"Hawaiʻi","Puna","Kauaea","Wet Grassland",26
"Hawaiʻi","Puna","Kauaea","Wet Shrubland",80
"Hawaiʻi","Puna","Kaueleau","Agriculture",68
"Hawaiʻi","Puna","Kaueleau","Developed",116
"Hawaiʻi","Puna","Kaueleau","Mesic Forest",186
"Hawaiʻi","Puna","Kaueleau","Mesic Grassland",101
"Hawaiʻi","Puna","Kaueleau","Mesic Shrubland",94
"Hawaiʻi","Puna","Kaueleau","Not Vegetated",21
"Hawaiʻi","Puna","Kaueleau","Wet Forest",237
"Hawaiʻi","Puna","Kaueleau","Wet Grassland",46
"Hawaiʻi","Puna","Kaueleau","Wet Shrubland",67
"Hawaiʻi","Puna","Kaukulau, Ki (b)","Agriculture",1
"Hawaiʻi","Puna","Kaukulau, Ki (b)","Developed",13
"Hawaiʻi","Puna","Kaukulau, Ki (b)","Mesic Forest",122
"Hawaiʻi","Puna","Kaukulau, Ki (b)","Mesic Grassland",11
"Hawaiʻi","Puna","Kaukulau, Ki (b)","Mesic Shrubland",41
"Hawaiʻi","Puna","Kaukulau, Ki (b)","Not Vegetated",1
"Hawaiʻi","Puna","Keahialaka","Agriculture",54
"Hawaiʻi","Puna","Keahialaka","Developed",898
"Hawaiʻi","Puna","Keahialaka","Mesic Forest",132
"Hawaiʻi","Puna","Keahialaka","Mesic Grassland",20
"Hawaiʻi","Puna","Keahialaka","Mesic Shrubland",67
"Hawaiʻi","Puna","Keahialaka","Not Vegetated",14
"Hawaiʻi","Puna","Keahialaka","Wet Forest",1018
"Hawaiʻi","Puna","Keahialaka","Wet Grassland",135
"Hawaiʻi","Puna","Keahialaka","Wet Shrubland",457
"Hawaiʻi","Puna","Kealakomo","Developed",63
"Hawaiʻi","Puna","Kealakomo","Dry Forest",2
"Hawaiʻi","Puna","Kealakomo","Dry Grassland",1
"Hawaiʻi","Puna","Kealakomo","Dry Shrubland",5
"Hawaiʻi","Puna","Kealakomo","Mesic Forest",127
"Hawaiʻi","Puna","Kealakomo","Mesic Grassland",35
"Hawaiʻi","Puna","Kealakomo","Mesic Shrubland",85
"Hawaiʻi","Puna","Kealakomo","Not Vegetated",5
"Hawaiʻi","Puna","Kealakomo","Wet Forest",42
"Hawaiʻi","Puna","Kealakomo","Wet Shrubland",7
"Hawaiʻi","Puna","Keauohana, Kehena","Agriculture",75
"Hawaiʻi","Puna","Keauohana, Kehena","Developed",434
"Hawaiʻi","Puna","Keauohana, Kehena","Mesic Forest",278
"Hawaiʻi","Puna","Keauohana, Kehena","Mesic Grassland",118
"Hawaiʻi","Puna","Keauohana, Kehena","Mesic Shrubland",176
"Hawaiʻi","Puna","Keauohana, Kehena","Not Vegetated",92
"Hawaiʻi","Puna","Keauohana, Kehena","Wet Forest",90
"Hawaiʻi","Puna","Keauohana, Kehena","Wet Grassland",70
"Hawaiʻi","Puna","Keauohana, Kehena","Wet Shrubland",39
"Hawaiʻi","Puna","Keaʻau","Agriculture",1965
"Hawaiʻi","Puna","Keaʻau","Developed",13634
"Hawaiʻi","Puna","Keaʻau","N/A Forest",2
"Hawaiʻi","Puna","Keaʻau","Not Vegetated",938
"Hawaiʻi","Puna","Keaʻau","Wet Forest",9976
"Hawaiʻi","Puna","Keaʻau","Wet Grassland",2473
"Hawaiʻi","Puna","Keaʻau","Wet Shrubland",4289
"Hawaiʻi","Puna","Keaʻau","Wetland",1
"Hawaiʻi","Puna","Keonepokoiki","Agriculture",100
"Hawaiʻi","Puna","Keonepokoiki","Developed",125
"Hawaiʻi","Puna","Keonepokoiki","Not Vegetated",136
"Hawaiʻi","Puna","Keonepokoiki","Wet Forest",636
"Hawaiʻi","Puna","Keonepokoiki","Wet Grassland",178
"Hawaiʻi","Puna","Keonepokoiki","Wet Shrubland",244
"Hawaiʻi","Puna","Keonepokonui","Agriculture",84
"Hawaiʻi","Puna","Keonepokonui","Developed",526
"Hawaiʻi","Puna","Keonepokonui","Not Vegetated",181
"Hawaiʻi","Puna","Keonepokonui","Wet Forest",490
"Hawaiʻi","Puna","Keonepokonui","Wet Grassland",151
"Hawaiʻi","Puna","Keonepokonui","Wet Shrubland",187
"Hawaiʻi","Puna","Kukuihala, Kamāʻili","Agriculture",99
"Hawaiʻi","Puna","Kukuihala, Kamāʻili","Developed",224
"Hawaiʻi","Puna","Kukuihala, Kamāʻili","Mesic Forest",125
"Hawaiʻi","Puna","Kukuihala, Kamāʻili","Mesic Grassland",59
"Hawaiʻi","Puna","Kukuihala, Kamāʻili","Mesic Shrubland",63
"Hawaiʻi","Puna","Kukuihala, Kamāʻili","Not Vegetated",48
"Hawaiʻi","Puna","Kukuihala, Kamāʻili","Wet Forest",460
"Hawaiʻi","Puna","Kukuihala, Kamāʻili","Wet Grassland",133
"Hawaiʻi","Puna","Kukuihala, Kamāʻili","Wet Shrubland",193
"Hawaiʻi","Puna","Kula","Agriculture",20
"Hawaiʻi","Puna","Kula","Developed",223
"Hawaiʻi","Puna","Kula","Mesic Forest",150
"Hawaiʻi","Puna","Kula","Mesic Grassland",53
"Hawaiʻi","Puna","Kula","Mesic Shrubland",66
"Hawaiʻi","Puna","Kula","Not Vegetated",29
"Hawaiʻi","Puna","Kula","Wet Forest",205
"Hawaiʻi","Puna","Kula","Wet Grassland",84
"Hawaiʻi","Puna","Kula","Wet Shrubland",101
"Hawaiʻi","Puna","Kīkala 1-2, Kēōkea","Agriculture",76
"Hawaiʻi","Puna","Kīkala 1-2, Kēōkea","Developed",359
"Hawaiʻi","Puna","Kīkala 1-2, Kēōkea","Mesic Forest",369
"Hawaiʻi","Puna","Kīkala 1-2, Kēōkea","Mesic Grassland",30
"Hawaiʻi","Puna","Kīkala 1-2, Kēōkea","Mesic Shrubland",108
"Hawaiʻi","Puna","Kīkala 1-2, Kēōkea","Not Vegetated",21
"Hawaiʻi","Puna","Kīkala 1-2, Kēōkea","Wet Forest",197
"Hawaiʻi","Puna","Kīkala 1-2, Kēōkea","Wet Grassland",36
"Hawaiʻi","Puna","Kīkala 1-2, Kēōkea","Wet Shrubland",40
"Hawaiʻi","Puna","Laeʻapuki, Pānaui-iki","Agriculture",4
"Hawaiʻi","Puna","Laeʻapuki, Pānaui-iki","Developed",21
"Hawaiʻi","Puna","Laeʻapuki, Pānaui-iki","Mesic Forest",89
"Hawaiʻi","Puna","Laeʻapuki, Pānaui-iki","Mesic Grassland",30
"Hawaiʻi","Puna","Laeʻapuki, Pānaui-iki","Mesic Shrubland",78
"Hawaiʻi","Puna","Laeʻapuki, Pānaui-iki","Not Vegetated",23
"Hawaiʻi","Puna","Laeʻapuki, Pānaui-iki","Wet Forest",6
"Hawaiʻi","Puna","Laeʻapuki, Pānaui-iki","Wet Grassland",8
"Hawaiʻi","Puna","Laeʻapuki, Pānaui-iki","Wet Shrubland",26
"Hawaiʻi","Puna","Makuʻu, Pōpōkī, Hālo","Agriculture",218
"Hawaiʻi","Puna","Makuʻu, Pōpōkī, Hālo","Developed",386
"Hawaiʻi","Puna","Makuʻu, Pōpōkī, Hālo","Not Vegetated",235
"Hawaiʻi","Puna","Makuʻu, Pōpōkī, Hālo","Wet Forest",1222
"Hawaiʻi","Puna","Makuʻu, Pōpōkī, Hālo","Wet Grassland",297
"Hawaiʻi","Puna","Makuʻu, Pōpōkī, Hālo","Wet Shrubland",542
"Hawaiʻi","Puna","Malama 1","Agriculture",2
"Hawaiʻi","Puna","Malama 1","Developed",50
"Hawaiʻi","Puna","Malama 1","Mesic Forest",352
"Hawaiʻi","Puna","Malama 1","Mesic Grassland",27
"Hawaiʻi","Puna","Malama 1","Mesic Shrubland",100
"Hawaiʻi","Puna","Malama 1","Not Vegetated",12
"Hawaiʻi","Puna","Malama 1","Wet Forest",101
"Hawaiʻi","Puna","Malama 1","Wet Grassland",17
"Hawaiʻi","Puna","Malama 1","Wet Shrubland",64
"Hawaiʻi","Puna","Nānāwale","Agriculture",10
"Hawaiʻi","Puna","Nānāwale","Developed",28
"Hawaiʻi","Puna","Nānāwale","Mesic Forest",52
"Hawaiʻi","Puna","Nānāwale","Mesic Grassland",3
"Hawaiʻi","Puna","Nānāwale","Mesic Shrubland",15
"Hawaiʻi","Puna","Nānāwale","Not Vegetated",37
"Hawaiʻi","Puna","Nānāwale","Wet Forest",256
"Hawaiʻi","Puna","Nānāwale","Wet Grassland",21
"Hawaiʻi","Puna","Nānāwale","Wet Shrubland",55
"Hawaiʻi","Puna","Opihikao","Agriculture",49
"Hawaiʻi","Puna","Opihikao","Developed",84
"Hawaiʻi","Puna","Opihikao","Mesic Forest",118
"Hawaiʻi","Puna","Opihikao","Mesic Grassland",62
"Hawaiʻi","Puna","Opihikao","Mesic Shrubland",62
"Hawaiʻi","Puna","Opihikao","Not Vegetated",6
"Hawaiʻi","Puna","Opihikao","Wet Forest",113
"Hawaiʻi","Puna","Opihikao","Wet Grassland",31
"Hawaiʻi","Puna","Opihikao","Wet Shrubland",59
"Hawaiʻi","Puna","Pohoiki","Agriculture",7
"Hawaiʻi","Puna","Pohoiki","Developed",69
"Hawaiʻi","Puna","Pohoiki","Mesic Forest",95
"Hawaiʻi","Puna","Pohoiki","Mesic Grassland",33
"Hawaiʻi","Puna","Pohoiki","Mesic Shrubland",37
"Hawaiʻi","Puna","Pohoiki","Not Vegetated",5
"Hawaiʻi","Puna","Pohoiki","Wet Forest",33
"Hawaiʻi","Puna","Pohoiki","Wet Grassland",16
"Hawaiʻi","Puna","Pohoiki","Wet Shrubland",15
"Hawaiʻi","Puna","Poupou 1-2, Pūlama","Agriculture",55
"Hawaiʻi","Puna","Poupou 1-2, Pūlama","Developed",2
"Hawaiʻi","Puna","Poupou 1-2, Pūlama","Mesic Forest",227
"Hawaiʻi","Puna","Poupou 1-2, Pūlama","Mesic Grassland",34
"Hawaiʻi","Puna","Poupou 1-2, Pūlama","Mesic Shrubland",63
"Hawaiʻi","Puna","Poupou 1-2, Pūlama","Not Vegetated",18
"Hawaiʻi","Puna","Poupou 1-2, Pūlama","Wet Forest",55
"Hawaiʻi","Puna","Poupou 1-2, Pūlama","Wet Grassland",11
"Hawaiʻi","Puna","Poupou 1-2, Pūlama","Wet Shrubland",30
"Hawaiʻi","Puna","Puua","Agriculture",60
"Hawaiʻi","Puna","Puua","Developed",662
"Hawaiʻi","Puna","Puua","Mesic Forest",68
"Hawaiʻi","Puna","Puua","Mesic Grassland",31
"Hawaiʻi","Puna","Puua","Mesic Shrubland",47
"Hawaiʻi","Puna","Puua","Not Vegetated",35
"Hawaiʻi","Puna","Puua","Wet Forest",1084
"Hawaiʻi","Puna","Puua","Wet Grassland",260
"Hawaiʻi","Puna","Puua","Wet Shrubland",472
"Hawaiʻi","Puna","Pānauinui","Agriculture",6
"Hawaiʻi","Puna","Pānauinui","Developed",126
"Hawaiʻi","Puna","Pānauinui","Dry Forest",1
"Hawaiʻi","Puna","Pānauinui","Dry Grassland",10
"Hawaiʻi","Puna","Pānauinui","Dry Shrubland",44
"Hawaiʻi","Puna","Pānauinui","Mesic Forest",307
"Hawaiʻi","Puna","Pānauinui","Mesic Grassland",172
"Hawaiʻi","Puna","Pānauinui","Mesic Shrubland",243
"Hawaiʻi","Puna","Pānauinui","Not Vegetated",132
"Hawaiʻi","Puna","Pānauinui","Wet Forest",659
"Hawaiʻi","Puna","Pānauinui","Wet Grassland",36
"Hawaiʻi","Puna","Pānauinui","Wet Shrubland",150
"Hawaiʻi","Puna","Pūʻālaʻa","Agriculture",15
"Hawaiʻi","Puna","Pūʻālaʻa","Developed",15
"Hawaiʻi","Puna","Pūʻālaʻa","Mesic Forest",198
"Hawaiʻi","Puna","Pūʻālaʻa","Mesic Grassland",38
"Hawaiʻi","Puna","Pūʻālaʻa","Mesic Shrubland",51
"Hawaiʻi","Puna","Pūʻālaʻa","Not Vegetated",41
"Hawaiʻi","Puna","Pūʻālaʻa","Wet Grassland",1
"Hawaiʻi","Puna","Pūʻālaʻa","Wet Shrubland",1
"Hawaiʻi","Puna","Waiakahiula, Kaʻohe","Agriculture",284
"Hawaiʻi","Puna","Waiakahiula, Kaʻohe","Developed",1745
"Hawaiʻi","Puna","Waiakahiula, Kaʻohe","Mesic Forest",11
"Hawaiʻi","Puna","Waiakahiula, Kaʻohe","Mesic Grassland",1
"Hawaiʻi","Puna","Waiakahiula, Kaʻohe","Mesic Shrubland",7
"Hawaiʻi","Puna","Waiakahiula, Kaʻohe","Not Vegetated",201
"Hawaiʻi","Puna","Waiakahiula, Kaʻohe","Wet Forest",4865
"Hawaiʻi","Puna","Waiakahiula, Kaʻohe","Wet Grassland",718
"Hawaiʻi","Puna","Waiakahiula, Kaʻohe","Wet Shrubland",1919
"Hawaiʻi","Puna","Waikahekahe","Agriculture",216
"Hawaiʻi","Puna","Waikahekahe","Developed",1802
"Hawaiʻi","Puna","Waikahekahe","Not Vegetated",131
"Hawaiʻi","Puna","Waikahekahe","Wet Forest",651
"Hawaiʻi","Puna","Waikahekahe","Wet Grassland",230
"Hawaiʻi","Puna","Waikahekahe","Wet Shrubland",361
"Hawaiʻi","Puna","Waikahekaheiki","Agriculture",141
"Hawaiʻi","Puna","Waikahekaheiki","Developed",1456
"Hawaiʻi","Puna","Waikahekaheiki","Not Vegetated",117
"Hawaiʻi","Puna","Waikahekaheiki","Wet Forest",768
"Hawaiʻi","Puna","Waikahekaheiki","Wet Grassland",166
"Hawaiʻi","Puna","Waikahekaheiki","Wet Shrubland",399
"Hawaiʻi","Puna","Waikahekahenui","Agriculture",253
"Hawaiʻi","Puna","Waikahekahenui","Developed",1589
"Hawaiʻi","Puna","Waikahekahenui","Not Vegetated",210
"Hawaiʻi","Puna","Waikahekahenui","Wet Forest",658
"Hawaiʻi","Puna","Waikahekahenui","Wet Grassland",234
"Hawaiʻi","Puna","Waikahekahenui","Wet Shrubland",371
"Hawaiʻi","Puna","Waʻawaʻa","Agriculture",9
"Hawaiʻi","Puna","Waʻawaʻa","Developed",85
"Hawaiʻi","Puna","Waʻawaʻa","Mesic Forest",72
"Hawaiʻi","Puna","Waʻawaʻa","Mesic Grassland",17
"Hawaiʻi","Puna","Waʻawaʻa","Mesic Shrubland",69
"Hawaiʻi","Puna","Waʻawaʻa","Not Vegetated",4
"Hawaiʻi","Puna","Waʻawaʻa","Wet Forest",80
"Hawaiʻi","Puna","Waʻawaʻa","Wet Grassland",17
"Hawaiʻi","Puna","Waʻawaʻa","Wet Shrubland",9
"Hawaiʻi","Puna","ʻĀpua","Developed",95
"Hawaiʻi","Puna","ʻĀpua","Dry Forest",16
"Hawaiʻi","Puna","ʻĀpua","Dry Grassland",17
"Hawaiʻi","Puna","ʻĀpua","Dry Shrubland",107
"Hawaiʻi","Puna","ʻĀpua","Mesic Forest",205
"Hawaiʻi","Puna","ʻĀpua","Mesic Grassland",67
"Hawaiʻi","Puna","ʻĀpua","Mesic Shrubland",153
"Hawaiʻi","Puna","ʻĀpua","Not Vegetated",37
"Hawaiʻi","Puna","ʻĀpua","Wet Forest",44
"Hawaiʻi","Puna","ʻĀpua","Wet Shrubland",34
"Hawaiʻi","Puna","ʻŌlaʻa","Agriculture",1086
"Hawaiʻi","Puna","ʻŌlaʻa","Developed",4718
"Hawaiʻi","Puna","ʻŌlaʻa","N/A Forest",5
"Hawaiʻi","Puna","ʻŌlaʻa","Not Vegetated",247
"Hawaiʻi","Puna","ʻŌlaʻa","Wet Forest",9342
"Hawaiʻi","Puna","ʻŌlaʻa","Wet Grassland",1343
"Hawaiʻi","Puna","ʻŌlaʻa","Wet Shrubland",933
"Hawaiʻi","Puna","ʻŌlaʻa","Wetland",2
"Kahoʻolawe","Honuaʻula","N/A","Coastal Strand",1
"Kahoʻolawe","Honuaʻula","N/A","Developed",336
"Kahoʻolawe","Honuaʻula","N/A","Dry Forest",986
"Kahoʻolawe","Honuaʻula","N/A","Dry Grassland",1581
"Kahoʻolawe","Honuaʻula","N/A","Dry Shrubland",1499
"Kahoʻolawe","Honuaʻula","N/A","Not Vegetated",513
"Kauaʻi","Haleleʻa","Hanalei","Agriculture",32
"Kauaʻi","Haleleʻa","Hanalei","Developed",617
"Kauaʻi","Haleleʻa","Hanalei","Dry Forest",39
"Kauaʻi","Haleleʻa","Hanalei","Mesic Forest",135
"Kauaʻi","Haleleʻa","Hanalei","Mesic Grassland",235
"Kauaʻi","Haleleʻa","Hanalei","Mesic Shrubland",68
"Kauaʻi","Haleleʻa","Hanalei","Not Vegetated",76
"Kauaʻi","Haleleʻa","Hanalei","Wet Forest",1970
"Kauaʻi","Haleleʻa","Hanalei","Wet Grassland",358
"Kauaʻi","Haleleʻa","Hanalei","Wet Shrubland",547
"Kauaʻi","Haleleʻa","Hanalei","Wetland",15
"Kauaʻi","Haleleʻa","Hāʻena","Agriculture",3
"Kauaʻi","Haleleʻa","Hāʻena","Developed",55
"Kauaʻi","Haleleʻa","Hāʻena","Dry Forest",2
"Kauaʻi","Haleleʻa","Hāʻena","Dry Shrubland",3
"Kauaʻi","Haleleʻa","Hāʻena","Mesic Forest",122
"Kauaʻi","Haleleʻa","Hāʻena","Mesic Grassland",25
"Kauaʻi","Haleleʻa","Hāʻena","Mesic Shrubland",56
"Kauaʻi","Haleleʻa","Hāʻena","Not Vegetated",6
"Kauaʻi","Haleleʻa","Hāʻena","Wet Forest",207
"Kauaʻi","Haleleʻa","Hāʻena","Wet Shrubland",9
"Kauaʻi","Haleleʻa","Hāʻena","Wetland",1
"Kauaʻi","Haleleʻa","Kalihikai","Agriculture",1
"Kauaʻi","Haleleʻa","Kalihikai","Developed",173
"Kauaʻi","Haleleʻa","Kalihikai","Dry Forest",15
"Kauaʻi","Haleleʻa","Kalihikai","Mesic Forest",105
"Kauaʻi","Haleleʻa","Kalihikai","Mesic Grassland",162
"Kauaʻi","Haleleʻa","Kalihikai","Mesic Shrubland",32
"Kauaʻi","Haleleʻa","Kalihikai","Not Vegetated",11
"Kauaʻi","Haleleʻa","Kalihikai","Wet Forest",5
"Kauaʻi","Haleleʻa","Kalihikai","Wet Grassland",22
"Kauaʻi","Haleleʻa","Kalihikai","Wet Shrubland",34
"Kauaʻi","Haleleʻa","Kalihiwai","Agriculture",38
"Kauaʻi","Haleleʻa","Kalihiwai","Developed",321
"Kauaʻi","Haleleʻa","Kalihiwai","Dry Forest",21
"Kauaʻi","Haleleʻa","Kalihiwai","Mesic Forest",175
"Kauaʻi","Haleleʻa","Kalihiwai","Mesic Grassland",249
"Kauaʻi","Haleleʻa","Kalihiwai","Mesic Shrubland",58
"Kauaʻi","Haleleʻa","Kalihiwai","Not Vegetated",69
"Kauaʻi","Haleleʻa","Kalihiwai","Wet Forest",958
"Kauaʻi","Haleleʻa","Kalihiwai","Wet Grassland",235
"Kauaʻi","Haleleʻa","Kalihiwai","Wet Shrubland",232
"Kauaʻi","Haleleʻa","Kalihiwai","Wetland",12
"Kauaʻi","Haleleʻa","Lumahaʻi","Agriculture",5
"Kauaʻi","Haleleʻa","Lumahaʻi","Developed",5
"Kauaʻi","Haleleʻa","Lumahaʻi","Dry Forest",5
"Kauaʻi","Haleleʻa","Lumahaʻi","Mesic Forest",50
"Kauaʻi","Haleleʻa","Lumahaʻi","Mesic Grassland",13
"Kauaʻi","Haleleʻa","Lumahaʻi","Mesic Shrubland",43
"Kauaʻi","Haleleʻa","Lumahaʻi","Not Vegetated",75
"Kauaʻi","Haleleʻa","Lumahaʻi","Wet Forest",2022
"Kauaʻi","Haleleʻa","Lumahaʻi","Wet Grassland",12
"Kauaʻi","Haleleʻa","Lumahaʻi","Wet Shrubland",174
"Kauaʻi","Haleleʻa","Lumahaʻi","Wetland",2
"Kauaʻi","Haleleʻa","Waikoko","Agriculture",2
"Kauaʻi","Haleleʻa","Waikoko","Developed",11
"Kauaʻi","Haleleʻa","Waikoko","Dry Forest",4
"Kauaʻi","Haleleʻa","Waikoko","Mesic Forest",23
"Kauaʻi","Haleleʻa","Waikoko","Mesic Grassland",18
"Kauaʻi","Haleleʻa","Waikoko","Mesic Shrubland",13
"Kauaʻi","Haleleʻa","Waikoko","Not Vegetated",6
"Kauaʻi","Haleleʻa","Waikoko","Wet Forest",1
"Kauaʻi","Haleleʻa","Waikoko","Wet Shrubland",3
"Kauaʻi","Haleleʻa","Wainiha","Agriculture",18
"Kauaʻi","Haleleʻa","Wainiha","Developed",124
"Kauaʻi","Haleleʻa","Wainiha","Dry Forest",4
"Kauaʻi","Haleleʻa","Wainiha","Mesic Forest",131
"Kauaʻi","Haleleʻa","Wainiha","Mesic Grassland",91
"Kauaʻi","Haleleʻa","Wainiha","Mesic Shrubland",78
"Kauaʻi","Haleleʻa","Wainiha","Not Vegetated",87
"Kauaʻi","Haleleʻa","Wainiha","Wet Forest",2661
"Kauaʻi","Haleleʻa","Wainiha","Wet Grassland",72
"Kauaʻi","Haleleʻa","Wainiha","Wet Shrubland",388
"Kauaʻi","Haleleʻa","Wainiha","Wetland",6
"Kauaʻi","Haleleʻa","Waipā","Agriculture",10
"Kauaʻi","Haleleʻa","Waipā","Developed",17
"Kauaʻi","Haleleʻa","Waipā","Dry Forest",6
"Kauaʻi","Haleleʻa","Waipā","Mesic Forest",19
"Kauaʻi","Haleleʻa","Waipā","Mesic Grassland",8
"Kauaʻi","Haleleʻa","Waipā","Mesic Shrubland",8
"Kauaʻi","Haleleʻa","Waipā","Not Vegetated",2
"Kauaʻi","Haleleʻa","Waipā","Wet Forest",132
"Kauaʻi","Haleleʻa","Waipā","Wet Grassland",22
"Kauaʻi","Haleleʻa","Waipā","Wet Shrubland",88
"Kauaʻi","Haleleʻa","Waipā","Wetland",1
"Kauaʻi","Haleleʻa","Waiʻoli","Agriculture",4
"Kauaʻi","Haleleʻa","Waiʻoli","Developed",55
"Kauaʻi","Haleleʻa","Waiʻoli","Dry Forest",4
"Kauaʻi","Haleleʻa","Waiʻoli","Mesic Forest",20
"Kauaʻi","Haleleʻa","Waiʻoli","Mesic Grassland",9
"Kauaʻi","Haleleʻa","Waiʻoli","Mesic Shrubland",2
"Kauaʻi","Haleleʻa","Waiʻoli","Not Vegetated",6
"Kauaʻi","Haleleʻa","Waiʻoli","Wet Forest",294
"Kauaʻi","Haleleʻa","Waiʻoli","Wet Grassland",29
"Kauaʻi","Haleleʻa","Waiʻoli","Wet Shrubland",129
"Kauaʻi","Haleleʻa","Waiʻoli","Wetland",1
"Kauaʻi","Kona","Hanapēpē","Agriculture",41
"Kauaʻi","Kona","Hanapēpē","Developed",291
"Kauaʻi","Kona","Hanapēpē","Dry Forest",142
"Kauaʻi","Kona","Hanapēpē","Dry Grassland",170
"Kauaʻi","Kona","Hanapēpē","Dry Shrubland",38
"Kauaʻi","Kona","Hanapēpē","Mesic Forest",506
"Kauaʻi","Kona","Hanapēpē","Mesic Grassland",358
"Kauaʻi","Kona","Hanapēpē","Mesic Shrubland",398
"Kauaʻi","Kona","Hanapēpē","Not Vegetated",175
"Kauaʻi","Kona","Hanapēpē","Wet Forest",974
"Kauaʻi","Kona","Hanapēpē","Wet Grassland",139
"Kauaʻi","Kona","Hanapēpē","Wet Shrubland",357
"Kauaʻi","Kona","Hanapēpē","Wetland",1
"Kauaʻi","Kona","Kalāheo","Agriculture",51
"Kauaʻi","Kona","Kalāheo","Developed",569
"Kauaʻi","Kona","Kalāheo","Dry Forest",23
"Kauaʻi","Kona","Kalāheo","Dry Grassland",40
"Kauaʻi","Kona","Kalāheo","Dry Shrubland",6
"Kauaʻi","Kona","Kalāheo","Mesic Forest",144
"Kauaʻi","Kona","Kalāheo","Mesic Grassland",230
"Kauaʻi","Kona","Kalāheo","Mesic Shrubland",18
"Kauaʻi","Kona","Kalāheo","Not Vegetated",104
"Kauaʻi","Kona","Kalāheo","Wet Forest",105
"Kauaʻi","Kona","Kalāheo","Wet Grassland",59
"Kauaʻi","Kona","Kalāheo","Wet Shrubland",60
"Kauaʻi","Kona","Kalāheo","Wetland",7
"Kauaʻi","Kona","Kōloa","Agriculture",50
"Kauaʻi","Kona","Kōloa","Developed",708
"Kauaʻi","Kona","Kōloa","Dry Forest",107
"Kauaʻi","Kona","Kōloa","Dry Grassland",103
"Kauaʻi","Kona","Kōloa","Dry Shrubland",49
"Kauaʻi","Kona","Kōloa","Mesic Forest",286
"Kauaʻi","Kona","Kōloa","Mesic Grassland",361
"Kauaʻi","Kona","Kōloa","Mesic Shrubland",61
"Kauaʻi","Kona","Kōloa","Not Vegetated",240
"Kauaʻi","Kona","Kōloa","Wet Forest",124
"Kauaʻi","Kona","Kōloa","Wet Grassland",73
"Kauaʻi","Kona","Kōloa","Wet Shrubland",43
"Kauaʻi","Kona","Kōloa","Wetland",11
"Kauaʻi","Kona","Lāwai","Agriculture",37
"Kauaʻi","Kona","Lāwai","Developed",362
"Kauaʻi","Kona","Lāwai","Dry Forest",15
"Kauaʻi","Kona","Lāwai","Dry Grassland",30
"Kauaʻi","Kona","Lāwai","Dry Shrubland",6
"Kauaʻi","Kona","Lāwai","Mesic Forest",162
"Kauaʻi","Kona","Lāwai","Mesic Grassland",208
"Kauaʻi","Kona","Lāwai","Mesic Shrubland",40
"Kauaʻi","Kona","Lāwai","Not Vegetated",66
"Kauaʻi","Kona","Lāwai","Wet Forest",67
"Kauaʻi","Kona","Lāwai","Wet Grassland",28
"Kauaʻi","Kona","Lāwai","Wet Shrubland",19
"Kauaʻi","Kona","Lāwai","Wetland",8
"Kauaʻi","Kona","Makaweli","Agriculture",173
"Kauaʻi","Kona","Makaweli","Developed",390
"Kauaʻi","Kona","Makaweli","Dry Forest",1124
"Kauaʻi","Kona","Makaweli","Dry Grassland",750
"Kauaʻi","Kona","Makaweli","Dry Shrubland",773
"Kauaʻi","Kona","Makaweli","Mesic Forest",1762
"Kauaʻi","Kona","Makaweli","Mesic Grassland",600
"Kauaʻi","Kona","Makaweli","Mesic Shrubland",649
"Kauaʻi","Kona","Makaweli","Not Vegetated",1196
"Kauaʻi","Kona","Makaweli","Wet Forest",1636
"Kauaʻi","Kona","Makaweli","Wet Grassland",67
"Kauaʻi","Kona","Makaweli","Wet Shrubland",108
"Kauaʻi","Kona","Makaweli","Wetland",22
"Kauaʻi","Kona","Māhāʻulepū","Agriculture",30
"Kauaʻi","Kona","Māhāʻulepū","Developed",28
"Kauaʻi","Kona","Māhāʻulepū","Dry Forest",121
"Kauaʻi","Kona","Māhāʻulepū","Dry Grassland",80
"Kauaʻi","Kona","Māhāʻulepū","Dry Shrubland",63
"Kauaʻi","Kona","Māhāʻulepū","Mesic Forest",56
"Kauaʻi","Kona","Māhāʻulepū","Mesic Grassland",61
"Kauaʻi","Kona","Māhāʻulepū","Mesic Shrubland",24
"Kauaʻi","Kona","Māhāʻulepū","Not Vegetated",70
"Kauaʻi","Kona","Māhāʻulepū","Wetland",1
"Kauaʻi","Kona","Pāʻā","Agriculture",28
"Kauaʻi","Kona","Pāʻā","Developed",154
"Kauaʻi","Kona","Pāʻā","Dry Forest",93
"Kauaʻi","Kona","Pāʻā","Dry Grassland",128
"Kauaʻi","Kona","Pāʻā","Dry Shrubland",57
"Kauaʻi","Kona","Pāʻā","Mesic Forest",152
"Kauaʻi","Kona","Pāʻā","Mesic Grassland",132
"Kauaʻi","Kona","Pāʻā","Mesic Shrubland",59
"Kauaʻi","Kona","Pāʻā","Not Vegetated",85
"Kauaʻi","Kona","Pāʻā","Wet Forest",3
"Kauaʻi","Kona","Pāʻā","Wetland",6
"Kauaʻi","Kona","Wahiawa","Agriculture",67
"Kauaʻi","Kona","Wahiawa","Developed",244
"Kauaʻi","Kona","Wahiawa","Dry Forest",22
"Kauaʻi","Kona","Wahiawa","Dry Grassland",52
"Kauaʻi","Kona","Wahiawa","Dry Shrubland",12
"Kauaʻi","Kona","Wahiawa","Mesic Forest",51
"Kauaʻi","Kona","Wahiawa","Mesic Grassland",81
"Kauaʻi","Kona","Wahiawa","Mesic Shrubland",38
"Kauaʻi","Kona","Wahiawa","Not Vegetated",45
"Kauaʻi","Kona","Wahiawa","Wet Forest",120
"Kauaʻi","Kona","Wahiawa","Wet Grassland",79
"Kauaʻi","Kona","Wahiawa","Wet Shrubland",141
"Kauaʻi","Kona","Wahiawa","Wetland",8
"Kauaʻi","Kona","Waimea","Agriculture",889
"Kauaʻi","Kona","Waimea","Developed",2219
"Kauaʻi","Kona","Waimea","Dry Forest",1636
"Kauaʻi","Kona","Waimea","Dry Grassland",619
"Kauaʻi","Kona","Waimea","Dry Shrubland",2290
"Kauaʻi","Kona","Waimea","Mesic Forest",6406
"Kauaʻi","Kona","Waimea","Mesic Grassland",319
"Kauaʻi","Kona","Waimea","Mesic Shrubland",1242
"Kauaʻi","Kona","Waimea","N/A Forest",122
"Kauaʻi","Kona","Waimea","Not Vegetated",4068
"Kauaʻi","Kona","Waimea","Wet Forest",3182
"Kauaʻi","Kona","Waimea","Wet Shrubland",36
"Kauaʻi","Kona","Waimea","Wetland",50
"Kauaʻi","Kona","Weliweli","Agriculture",15
"Kauaʻi","Kona","Weliweli","Developed",235
"Kauaʻi","Kona","Weliweli","Dry Forest",33
"Kauaʻi","Kona","Weliweli","Dry Grassland",18
"Kauaʻi","Kona","Weliweli","Dry Shrubland",17
"Kauaʻi","Kona","Weliweli","Mesic Forest",55
"Kauaʻi","Kona","Weliweli","Mesic Grassland",64
"Kauaʻi","Kona","Weliweli","Mesic Shrubland",14
"Kauaʻi","Kona","Weliweli","Not Vegetated",29
"Kauaʻi","Kona","Weliweli","Wetland",8
"Kauaʻi","Kona","ʻEleʻele","Agriculture",22
"Kauaʻi","Kona","ʻEleʻele","Developed",313
"Kauaʻi","Kona","ʻEleʻele","Dry Forest",31
"Kauaʻi","Kona","ʻEleʻele","Dry Grassland",41
"Kauaʻi","Kona","ʻEleʻele","Dry Shrubland",20
"Kauaʻi","Kona","ʻEleʻele","Not Vegetated",47
"Kauaʻi","Kona","ʻEleʻele","Wetland",1
"Kauaʻi","Koʻolau","Anahola","Agriculture",12
"Kauaʻi","Koʻolau","Anahola","Developed",261
"Kauaʻi","Koʻolau","Anahola","Dry Forest",158
"Kauaʻi","Koʻolau","Anahola","Dry Grassland",139
"Kauaʻi","Koʻolau","Anahola","Dry Shrubland",14
"Kauaʻi","Koʻolau","Anahola","Mesic Forest",264
"Kauaʻi","Koʻolau","Anahola","Mesic Grassland",206
"Kauaʻi","Koʻolau","Anahola","Mesic Shrubland",109
"Kauaʻi","Koʻolau","Anahola","Not Vegetated",24
"Kauaʻi","Koʻolau","Anahola","Wet Forest",252
"Kauaʻi","Koʻolau","Anahola","Wet Grassland",28
"Kauaʻi","Koʻolau","Anahola","Wet Shrubland",38
"Kauaʻi","Koʻolau","Anahola","Wetland",4
"Kauaʻi","Koʻolau","East Waiakalua","Agriculture",13
"Kauaʻi","Koʻolau","East Waiakalua","Developed",66
"Kauaʻi","Koʻolau","East Waiakalua","Dry Forest",7
"Kauaʻi","Koʻolau","East Waiakalua","Mesic Forest",32
"Kauaʻi","Koʻolau","East Waiakalua","Mesic Grassland",70
"Kauaʻi","Koʻolau","East Waiakalua","Mesic Shrubland",2
"Kauaʻi","Koʻolau","East Waiakalua","Not Vegetated",2
"Kauaʻi","Koʻolau","East Waiakalua","Wetland",2
"Kauaʻi","Koʻolau","Kaʻakaʻaniu","Agriculture",3
"Kauaʻi","Koʻolau","Kaʻakaʻaniu","Developed",21
"Kauaʻi","Koʻolau","Kaʻakaʻaniu","Dry Forest",32
"Kauaʻi","Koʻolau","Kaʻakaʻaniu","Dry Grassland",15
"Kauaʻi","Koʻolau","Kaʻakaʻaniu","Dry Shrubland",8
"Kauaʻi","Koʻolau","Kaʻakaʻaniu","Not Vegetated",5
"Kauaʻi","Koʻolau","Kāhili","Agriculture",13
"Kauaʻi","Koʻolau","Kāhili","Developed",115
"Kauaʻi","Koʻolau","Kāhili","Dry Forest",17
"Kauaʻi","Koʻolau","Kāhili","Mesic Forest",72
"Kauaʻi","Koʻolau","Kāhili","Mesic Grassland",87
"Kauaʻi","Koʻolau","Kāhili","Mesic Shrubland",29
"Kauaʻi","Koʻolau","Kāhili","Not Vegetated",24
"Kauaʻi","Koʻolau","Kāhili","Wet Forest",60
"Kauaʻi","Koʻolau","Kāhili","Wet Grassland",1
"Kauaʻi","Koʻolau","Kāhili","Wet Shrubland",6
"Kauaʻi","Koʻolau","Kāhili","Wetland",2
"Kauaʻi","Koʻolau","Kīlauea","Agriculture",25
"Kauaʻi","Koʻolau","Kīlauea","Developed",290
"Kauaʻi","Koʻolau","Kīlauea","Dry Forest",24
"Kauaʻi","Koʻolau","Kīlauea","Mesic Forest",117
"Kauaʻi","Koʻolau","Kīlauea","Mesic Grassland",189
"Kauaʻi","Koʻolau","Kīlauea","Mesic Shrubland",59
"Kauaʻi","Koʻolau","Kīlauea","Not Vegetated",14
"Kauaʻi","Koʻolau","Kīlauea","Wet Forest",44
"Kauaʻi","Koʻolau","Kīlauea","Wet Grassland",3
"Kauaʻi","Koʻolau","Kīlauea","Wet Shrubland",73
"Kauaʻi","Koʻolau","Kīlauea","Wetland",3
"Kauaʻi","Koʻolau","Lepeuli","Agriculture",1
"Kauaʻi","Koʻolau","Lepeuli","Developed",15
"Kauaʻi","Koʻolau","Lepeuli","Dry Forest",47
"Kauaʻi","Koʻolau","Lepeuli","Dry Grassland",17
"Kauaʻi","Koʻolau","Lepeuli","Dry Shrubland",9
"Kauaʻi","Koʻolau","Lepeuli","Mesic Forest",50
"Kauaʻi","Koʻolau","Lepeuli","Mesic Grassland",30
"Kauaʻi","Koʻolau","Lepeuli","Mesic Shrubland",1
"Kauaʻi","Koʻolau","Lepeuli","Not Vegetated",23
"Kauaʻi","Koʻolau","Lepeuli","Wetland",2
"Kauaʻi","Koʻolau","Moloaʻa","Agriculture",6
"Kauaʻi","Koʻolau","Moloaʻa","Developed",64
"Kauaʻi","Koʻolau","Moloaʻa","Dry Forest",71
"Kauaʻi","Koʻolau","Moloaʻa","Dry Grassland",29
"Kauaʻi","Koʻolau","Moloaʻa","Dry Shrubland",24
"Kauaʻi","Koʻolau","Moloaʻa","Mesic Forest",182
"Kauaʻi","Koʻolau","Moloaʻa","Mesic Grassland",135
"Kauaʻi","Koʻolau","Moloaʻa","Mesic Shrubland",109
"Kauaʻi","Koʻolau","Moloaʻa","Not Vegetated",30
"Kauaʻi","Koʻolau","Moloaʻa","Wet Forest",14
"Kauaʻi","Koʻolau","Moloaʻa","Wetland",1
"Kauaʻi","Koʻolau","Nāmāhana","Agriculture",2
"Kauaʻi","Koʻolau","Nāmāhana","Developed",69
"Kauaʻi","Koʻolau","Nāmāhana","Dry Forest",2
"Kauaʻi","Koʻolau","Nāmāhana","Mesic Forest",21
"Kauaʻi","Koʻolau","Nāmāhana","Mesic Grassland",28
"Kauaʻi","Koʻolau","Nāmāhana","Mesic Shrubland",17
"Kauaʻi","Koʻolau","Nāmāhana","Not Vegetated",1
"Kauaʻi","Koʻolau","Papaʻa","Agriculture",11
"Kauaʻi","Koʻolau","Papaʻa","Developed",55
"Kauaʻi","Koʻolau","Papaʻa","Dry Forest",51
"Kauaʻi","Koʻolau","Papaʻa","Dry Grassland",41
"Kauaʻi","Koʻolau","Papaʻa","Dry Shrubland",20
"Kauaʻi","Koʻolau","Papaʻa","Mesic Forest",50
"Kauaʻi","Koʻolau","Papaʻa","Mesic Grassland",34
"Kauaʻi","Koʻolau","Papaʻa","Mesic Shrubland",48
"Kauaʻi","Koʻolau","Papaʻa","Not Vegetated",37
"Kauaʻi","Koʻolau","Papaʻa","Wet Forest",2
"Kauaʻi","Koʻolau","Pīlaʻa","Agriculture",21
"Kauaʻi","Koʻolau","Pīlaʻa","Developed",56
"Kauaʻi","Koʻolau","Pīlaʻa","Dry Forest",25
"Kauaʻi","Koʻolau","Pīlaʻa","Dry Grassland",7
"Kauaʻi","Koʻolau","Pīlaʻa","Dry Shrubland",3
"Kauaʻi","Koʻolau","Pīlaʻa","Mesic Forest",43
"Kauaʻi","Koʻolau","Pīlaʻa","Mesic Grassland",63
"Kauaʻi","Koʻolau","Pīlaʻa","Mesic Shrubland",15
"Kauaʻi","Koʻolau","Pīlaʻa","Not Vegetated",23
"Kauaʻi","Koʻolau","Pīlaʻa","Wetland",2
"Kauaʻi","Koʻolau","Waiakalua","Mesic Forest",17
"Kauaʻi","Koʻolau","Waiakalua","Mesic Grassland",40
"Kauaʻi","Koʻolau","Waiakalua","Mesic Shrubland",59
"Kauaʻi","Koʻolau","Waiakalua","Wet Forest",110
"Kauaʻi","Koʻolau","Waiakalua","Wet Grassland",18
"Kauaʻi","Koʻolau","Waiakalua","Wet Shrubland",24
"Kauaʻi","Koʻolau","Waipake","Agriculture",7
"Kauaʻi","Koʻolau","Waipake","Developed",73
"Kauaʻi","Koʻolau","Waipake","Dry Forest",49
"Kauaʻi","Koʻolau","Waipake","Dry Grassland",17
"Kauaʻi","Koʻolau","Waipake","Dry Shrubland",12
"Kauaʻi","Koʻolau","Waipake","Mesic Forest",25
"Kauaʻi","Koʻolau","Waipake","Mesic Grassland",36
"Kauaʻi","Koʻolau","Waipake","Not Vegetated",10
"Kauaʻi","Koʻolau","West Waiakalua","Agriculture",2
"Kauaʻi","Koʻolau","West Waiakalua","Developed",24
"Kauaʻi","Koʻolau","West Waiakalua","Dry Forest",8
"Kauaʻi","Koʻolau","West Waiakalua","Mesic Forest",17
"Kauaʻi","Koʻolau","West Waiakalua","Mesic Grassland",32
"Kauaʻi","Koʻolau","West Waiakalua","Mesic Shrubland",2
"Kauaʻi","Koʻolau","West Waiakalua","Not Vegetated",1
"Kauaʻi","Koʻolau","ʻAliomanu","Agriculture",7
"Kauaʻi","Koʻolau","ʻAliomanu","Developed",86
"Kauaʻi","Koʻolau","ʻAliomanu","Dry Forest",37
"Kauaʻi","Koʻolau","ʻAliomanu","Dry Grassland",64
"Kauaʻi","Koʻolau","ʻAliomanu","Dry Shrubland",11
"Kauaʻi","Koʻolau","ʻAliomanu","Mesic Forest",93
"Kauaʻi","Koʻolau","ʻAliomanu","Mesic Grassland",63
"Kauaʻi","Koʻolau","ʻAliomanu","Mesic Shrubland",36
"Kauaʻi","Koʻolau","ʻAliomanu","Not Vegetated",26
"Kauaʻi","Koʻolau","ʻAliomanu","Wet Forest",4
"Kauaʻi","Nāpali","Hanakoa","Dry Shrubland",6
"Kauaʻi","Nāpali","Hanakoa","Mesic Forest",102
"Kauaʻi","Nāpali","Hanakoa","Mesic Grassland",4
"Kauaʻi","Nāpali","Hanakoa","Mesic Shrubland",28
"Kauaʻi","Nāpali","Hanakoa","Not Vegetated",8
"Kauaʻi","Nāpali","Hanakoa","Wet Forest",393
"Kauaʻi","Nāpali","Hanakoa","Wet Shrubland",11
"Kauaʻi","Nāpali","Hanakāpīʻai","Dry Shrubland",9
"Kauaʻi","Nāpali","Hanakāpīʻai","Mesic Forest",143
"Kauaʻi","Nāpali","Hanakāpīʻai","Mesic Grassland",59
"Kauaʻi","Nāpali","Hanakāpīʻai","Mesic Shrubland",76
"Kauaʻi","Nāpali","Hanakāpīʻai","Not Vegetated",10
"Kauaʻi","Nāpali","Hanakāpīʻai","Wet Forest",605
"Kauaʻi","Nāpali","Hanakāpīʻai","Wet Grassland",3
"Kauaʻi","Nāpali","Hanakāpīʻai","Wet Shrubland",20
"Kauaʻi","Nāpali","Hanakāpīʻai","Wetland",1
"Kauaʻi","Nāpali","Honopū","Developed",7
"Kauaʻi","Nāpali","Honopū","Dry Forest",13
"Kauaʻi","Nāpali","Honopū","Dry Shrubland",13
"Kauaʻi","Nāpali","Honopū","Mesic Forest",364
"Kauaʻi","Nāpali","Honopū","Mesic Grassland",4
"Kauaʻi","Nāpali","Honopū","Mesic Shrubland",11
"Kauaʻi","Nāpali","Honopū","Not Vegetated",85
"Kauaʻi","Nāpali","Honopū","Wet Shrubland",2
"Kauaʻi","Nāpali","Kalalau","Developed",3
"Kauaʻi","Nāpali","Kalalau","Dry Shrubland",12
"Kauaʻi","Nāpali","Kalalau","Mesic Forest",327
"Kauaʻi","Nāpali","Kalalau","Mesic Grassland",55
"Kauaʻi","Nāpali","Kalalau","Mesic Shrubland",47
"Kauaʻi","Nāpali","Kalalau","Not Vegetated",43
"Kauaʻi","Nāpali","Kalalau","Wet Forest",106
"Kauaʻi","Nāpali","Kalalau","Wet Shrubland",4
"Kauaʻi","Nāpali","Pōhakuao","Dry Shrubland",6
"Kauaʻi","Nāpali","Pōhakuao","Mesic Forest",63
"Kauaʻi","Nāpali","Pōhakuao","Mesic Grassland",4
"Kauaʻi","Nāpali","Pōhakuao","Mesic Shrubland",7
"Kauaʻi","Nāpali","Pōhakuao","Not Vegetated",8
"Kauaʻi","Nāpali","Pōhakuao","Wet Forest",1
"Kauaʻi","Puna","Hanamāʻulu","Agriculture",162
"Kauaʻi","Puna","Hanamāʻulu","Developed",855
"Kauaʻi","Puna","Hanamāʻulu","Dry Forest",92
"Kauaʻi","Puna","Hanamāʻulu","Dry Grassland",60
"Kauaʻi","Puna","Hanamāʻulu","Dry Shrubland",39
"Kauaʻi","Puna","Hanamāʻulu","Mesic Forest",228
"Kauaʻi","Puna","Hanamāʻulu","Mesic Grassland",373
"Kauaʻi","Puna","Hanamāʻulu","Mesic Shrubland",158
"Kauaʻi","Puna","Hanamāʻulu","Not Vegetated",93
"Kauaʻi","Puna","Hanamāʻulu","Wet Forest",369
"Kauaʻi","Puna","Hanamāʻulu","Wet Grassland",200
"Kauaʻi","Puna","Hanamāʻulu","Wet Shrubland",366
"Kauaʻi","Puna","Hanamāʻulu","Wetland",7
"Kauaʻi","Puna","Haʻikū","Agriculture",55
"Kauaʻi","Puna","Haʻikū","Developed",425
"Kauaʻi","Puna","Haʻikū","Dry Forest",86
"Kauaʻi","Puna","Haʻikū","Mesic Forest",359
"Kauaʻi","Puna","Haʻikū","Mesic Grassland",428
"Kauaʻi","Puna","Haʻikū","Mesic Shrubland",101
"Kauaʻi","Puna","Haʻikū","Not Vegetated",118
"Kauaʻi","Puna","Haʻikū","Wet Forest",184
"Kauaʻi","Puna","Haʻikū","Wet Grassland",97
"Kauaʻi","Puna","Haʻikū","Wet Shrubland",57
"Kauaʻi","Puna","Haʻikū","Wetland",11
"Kauaʻi","Puna","Kalapakī","Agriculture",22
"Kauaʻi","Puna","Kalapakī","Developed",855
"Kauaʻi","Puna","Kalapakī","Dry Forest",70
"Kauaʻi","Puna","Kalapakī","Dry Grassland",138
"Kauaʻi","Puna","Kalapakī","Dry Shrubland",29
"Kauaʻi","Puna","Kalapakī","Mesic Forest",23
"Kauaʻi","Puna","Kalapakī","Mesic Grassland",65
"Kauaʻi","Puna","Kalapakī","Mesic Shrubland",7
"Kauaʻi","Puna","Kalapakī","Not Vegetated",90
"Kauaʻi","Puna","Kalapakī","Wetland",15
"Kauaʻi","Puna","Kamalomaloʻo","Developed",22
"Kauaʻi","Puna","Kamalomaloʻo","Dry Forest",52
"Kauaʻi","Puna","Kamalomaloʻo","Dry Grassland",22
"Kauaʻi","Puna","Kamalomaloʻo","Dry Shrubland",3
"Kauaʻi","Puna","Kamalomaloʻo","Mesic Forest",42
"Kauaʻi","Puna","Kamalomaloʻo","Mesic Grassland",55
"Kauaʻi","Puna","Kamalomaloʻo","Mesic Shrubland",55
"Kauaʻi","Puna","Kamalomaloʻo","Not Vegetated",20
"Kauaʻi","Puna","Kamalomaloʻo","Wet Forest",6
"Kauaʻi","Puna","Kamalomaloʻo","Wet Shrubland",9
"Kauaʻi","Puna","Kamalomaloʻo","Wetland",10
"Kauaʻi","Puna","Kapaʻa","Agriculture",114
"Kauaʻi","Puna","Kapaʻa","Developed",1164
"Kauaʻi","Puna","Kapaʻa","Dry Forest",98
"Kauaʻi","Puna","Kapaʻa","Dry Grassland",109
"Kauaʻi","Puna","Kapaʻa","Dry Shrubland",22
"Kauaʻi","Puna","Kapaʻa","Mesic Forest",333
"Kauaʻi","Puna","Kapaʻa","Mesic Grassland",368
"Kauaʻi","Puna","Kapaʻa","Mesic Shrubland",182
"Kauaʻi","Puna","Kapaʻa","N/A Forest",2
"Kauaʻi","Puna","Kapaʻa","Not Vegetated",65
"Kauaʻi","Puna","Kapaʻa","Wet Forest",238
"Kauaʻi","Puna","Kapaʻa","Wet Grassland",1
"Kauaʻi","Puna","Kapaʻa","Wet Shrubland",54
"Kauaʻi","Puna","Kapaʻa","Wetland",13
"Kauaʻi","Puna","Keālia","Agriculture",241
"Kauaʻi","Puna","Keālia","Developed",108
"Kauaʻi","Puna","Keālia","Dry Forest",145
"Kauaʻi","Puna","Keālia","Dry Grassland",160
"Kauaʻi","Puna","Keālia","Dry Shrubland",7
"Kauaʻi","Puna","Keālia","Mesic Forest",230
"Kauaʻi","Puna","Keālia","Mesic Grassland",163
"Kauaʻi","Puna","Keālia","Mesic Shrubland",170
"Kauaʻi","Puna","Keālia","Not Vegetated",63
"Kauaʻi","Puna","Keālia","Wet Forest",168
"Kauaʻi","Puna","Keālia","Wet Grassland",29
"Kauaʻi","Puna","Keālia","Wet Shrubland",35
"Kauaʻi","Puna","Keālia","Wetland",4
"Kauaʻi","Puna","Kīpū","Agriculture",1
"Kauaʻi","Puna","Kīpū","Developed",13
"Kauaʻi","Puna","Kīpū","Dry Forest",4
"Kauaʻi","Puna","Kīpū","Dry Shrubland",5
"Kauaʻi","Puna","Kīpū","Mesic Forest",103
"Kauaʻi","Puna","Kīpū","Mesic Grassland",48
"Kauaʻi","Puna","Kīpū","Mesic Shrubland",56
"Kauaʻi","Puna","Kīpū","Not Vegetated",10
"Kauaʻi","Puna","Kīpū","Wet Forest",3
"Kauaʻi","Puna","Kīpū","Wetland",18
"Kauaʻi","Puna","Kīpū Kai","Developed",14
"Kauaʻi","Puna","Kīpū Kai","Dry Forest",55
"Kauaʻi","Puna","Kīpū Kai","Dry Grassland",17
"Kauaʻi","Puna","Kīpū Kai","Dry Shrubland",15
"Kauaʻi","Puna","Kīpū Kai","Mesic Forest",31
"Kauaʻi","Puna","Kīpū Kai","Mesic Grassland",20
"Kauaʻi","Puna","Kīpū Kai","Mesic Shrubland",4
"Kauaʻi","Puna","Kīpū Kai","Not Vegetated",26
"Kauaʻi","Puna","Niumalu","Agriculture",5
"Kauaʻi","Puna","Niumalu","Developed",200
"Kauaʻi","Puna","Niumalu","Dry Forest",97
"Kauaʻi","Puna","Niumalu","Dry Grassland",49
"Kauaʻi","Puna","Niumalu","Dry Shrubland",36
"Kauaʻi","Puna","Niumalu","Mesic Forest",64
"Kauaʻi","Puna","Niumalu","Mesic Grassland",124
"Kauaʻi","Puna","Niumalu","Mesic Shrubland",47
"Kauaʻi","Puna","Niumalu","Not Vegetated",80
"Kauaʻi","Puna","Niumalu","Wetland",12
"Kauaʻi","Puna","North Olohena","Agriculture",5
"Kauaʻi","Puna","North Olohena","Developed",85
"Kauaʻi","Puna","North Olohena","Dry Forest",4
"Kauaʻi","Puna","North Olohena","Dry Grassland",8
"Kauaʻi","Puna","North Olohena","Mesic Forest",30
"Kauaʻi","Puna","North Olohena","Mesic Grassland",55
"Kauaʻi","Puna","North Olohena","Mesic Shrubland",22
"Kauaʻi","Puna","North Olohena","Not Vegetated",5
"Kauaʻi","Puna","Nāwiliwili","Agriculture",8
"Kauaʻi","Puna","Nāwiliwili","Developed",658
"Kauaʻi","Puna","Nāwiliwili","Dry Forest",59
"Kauaʻi","Puna","Nāwiliwili","Dry Grassland",14
"Kauaʻi","Puna","Nāwiliwili","Mesic Forest",45
"Kauaʻi","Puna","Nāwiliwili","Mesic Grassland",205
"Kauaʻi","Puna","Nāwiliwili","Mesic Shrubland",21
"Kauaʻi","Puna","Nāwiliwili","Not Vegetated",48
"Kauaʻi","Puna","Nāwiliwili","Wetland",3
"Kauaʻi","Puna","South Olohena","Agriculture",17
"Kauaʻi","Puna","South Olohena","Developed",219
"Kauaʻi","Puna","South Olohena","Dry Forest",4
"Kauaʻi","Puna","South Olohena","Dry Grassland",4
"Kauaʻi","Puna","South Olohena","Mesic Forest",43
"Kauaʻi","Puna","South Olohena","Mesic Grassland",61
"Kauaʻi","Puna","South Olohena","Mesic Shrubland",26
"Kauaʻi","Puna","South Olohena","Not Vegetated",6
"Kauaʻi","Puna","Wailua","Agriculture",126
"Kauaʻi","Puna","Wailua","Developed",1139
"Kauaʻi","Puna","Wailua","Dry Forest",81
"Kauaʻi","Puna","Wailua","Dry Grassland",111
"Kauaʻi","Puna","Wailua","Dry Shrubland",3
"Kauaʻi","Puna","Wailua","Mesic Forest",409
"Kauaʻi","Puna","Wailua","Mesic Grassland",549
"Kauaʻi","Puna","Wailua","Mesic Shrubland",193
"Kauaʻi","Puna","Wailua","N/A Forest",23
"Kauaʻi","Puna","Wailua","Not Vegetated",81
"Kauaʻi","Puna","Wailua","Wet Forest",841
"Kauaʻi","Puna","Wailua","Wet Grassland",243
"Kauaʻi","Puna","Wailua","Wet Shrubland",386
"Kauaʻi","Puna","Wailua","Wetland",16
"Kauaʻi","Puna","Waipouli","Agriculture",31
"Kauaʻi","Puna","Waipouli","Developed",319
"Kauaʻi","Puna","Waipouli","Dry Forest",16
"Kauaʻi","Puna","Waipouli","Dry Grassland",6
"Kauaʻi","Puna","Waipouli","Mesic Forest",137
"Kauaʻi","Puna","Waipouli","Mesic Grassland",217
"Kauaʻi","Puna","Waipouli","Mesic Shrubland",138
"Kauaʻi","Puna","Waipouli","Not Vegetated",36
"Kauaʻi","Puna","Waipouli","Wetland",5
"Lānaʻi","Lāhainā","Kalulu","Developed",484
"Lānaʻi","Lāhainā","Kalulu","Dry Forest",278
"Lānaʻi","Lāhainā","Kalulu","Dry Grassland",148
"Lānaʻi","Lāhainā","Kalulu","Dry Shrubland",323
"Lānaʻi","Lāhainā","Kalulu","Mesic Forest",42
"Lānaʻi","Lāhainā","Kalulu","Mesic Grassland",13
"Lānaʻi","Lāhainā","Kalulu","Mesic Shrubland",56
"Lānaʻi","Lāhainā","Kalulu","Not Vegetated",59
"Lānaʻi","Lāhainā","Kalulu","Wet Forest",49
"Lānaʻi","Lāhainā","Kalulu","Wet Grassland",1
"Lānaʻi","Lāhainā","Kalulu","Wet Shrubland",9
"Lānaʻi","Lāhainā","Kalulu","Wetland",2
"Lānaʻi","Lāhainā","Kamao","Developed",142
"Lānaʻi","Lāhainā","Kamao","Dry Forest",159
"Lānaʻi","Lāhainā","Kamao","Dry Grassland",109
"Lānaʻi","Lāhainā","Kamao","Dry Shrubland",214
"Lānaʻi","Lāhainā","Kamao","Not Vegetated",57
"Lānaʻi","Lāhainā","Kamoku","Agriculture",1
"Lānaʻi","Lāhainā","Kamoku","Developed",1145
"Lānaʻi","Lāhainā","Kamoku","Dry Forest",502
"Lānaʻi","Lāhainā","Kamoku","Dry Grassland",336
"Lānaʻi","Lāhainā","Kamoku","Dry Shrubland",388
"Lānaʻi","Lāhainā","Kamoku","Mesic Forest",27
"Lānaʻi","Lāhainā","Kamoku","Mesic Grassland",3
"Lānaʻi","Lāhainā","Kamoku","Mesic Shrubland",8
"Lānaʻi","Lāhainā","Kamoku","Not Vegetated",66
"Lānaʻi","Lāhainā","Kamoku","Wet Forest",33
"Lānaʻi","Lāhainā","Kamoku","Wetland",11
"Lānaʻi","Lāhainā","Kaohai","Developed",279
"Lānaʻi","Lāhainā","Kaohai","Dry Forest",446
"Lānaʻi","Lāhainā","Kaohai","Dry Grassland",312
"Lānaʻi","Lāhainā","Kaohai","Dry Shrubland",779
"Lānaʻi","Lāhainā","Kaohai","Mesic Forest",108
"Lānaʻi","Lāhainā","Kaohai","Mesic Grassland",83
"Lānaʻi","Lāhainā","Kaohai","Mesic Shrubland",227
"Lānaʻi","Lāhainā","Kaohai","Not Vegetated",79
"Lānaʻi","Lāhainā","Kaohai","Wet Forest",38
"Lānaʻi","Lāhainā","Kaohai","Wetland",2
"Lānaʻi","Lāhainā","Kaunolū","Developed",506
"Lānaʻi","Lāhainā","Kaunolū","Dry Forest",385
"Lānaʻi","Lāhainā","Kaunolū","Dry Grassland",141
"Lānaʻi","Lāhainā","Kaunolū","Dry Shrubland",339
"Lānaʻi","Lāhainā","Kaunolū","Mesic Forest",27
"Lānaʻi","Lāhainā","Kaunolū","Mesic Grassland",6
"Lānaʻi","Lāhainā","Kaunolū","Mesic Shrubland",48
"Lānaʻi","Lāhainā","Kaunolū","Not Vegetated",102
"Lānaʻi","Lāhainā","Kaunolū","Wet Forest",20
"Lānaʻi","Lāhainā","Kaunolū","Wet Grassland",3
"Lānaʻi","Lāhainā","Kaunolū","Wet Shrubland",22
"Lānaʻi","Lāhainā","Kaunolū","Wetland",1
"Lānaʻi","Lāhainā","Kaʻā","Developed",563
"Lānaʻi","Lāhainā","Kaʻā","Dry Forest",1202
"Lānaʻi","Lāhainā","Kaʻā","Dry Grassland",747
"Lānaʻi","Lāhainā","Kaʻā","Dry Shrubland",1077
"Lānaʻi","Lāhainā","Kaʻā","Mesic Forest",18
"Lānaʻi","Lāhainā","Kaʻā","Not Vegetated",255
"Lānaʻi","Lāhainā","Keāliaaupuni","Developed",280
"Lānaʻi","Lāhainā","Keāliaaupuni","Dry Forest",234
"Lānaʻi","Lāhainā","Keāliaaupuni","Dry Grassland",119
"Lānaʻi","Lāhainā","Keāliaaupuni","Dry Shrubland",194
"Lānaʻi","Lāhainā","Keāliaaupuni","Mesic Forest",30
"Lānaʻi","Lāhainā","Keāliaaupuni","Mesic Grassland",13
"Lānaʻi","Lāhainā","Keāliaaupuni","Mesic Shrubland",22
"Lānaʻi","Lāhainā","Keāliaaupuni","Not Vegetated",36
"Lānaʻi","Lāhainā","Keāliaaupuni","Wet Forest",11
"Lānaʻi","Lāhainā","Keāliaaupuni","Wetland",1
"Lānaʻi","Lāhainā","Keāliakapu","Developed",120
"Lānaʻi","Lāhainā","Keāliakapu","Dry Forest",105
"Lānaʻi","Lāhainā","Keāliakapu","Dry Grassland",44
"Lānaʻi","Lāhainā","Keāliakapu","Dry Shrubland",49
"Lānaʻi","Lāhainā","Keāliakapu","Mesic Forest",16
"Lānaʻi","Lāhainā","Keāliakapu","Mesic Grassland",2
"Lānaʻi","Lāhainā","Keāliakapu","Mesic Shrubland",12
"Lānaʻi","Lāhainā","Keāliakapu","Not Vegetated",19
"Lānaʻi","Lāhainā","Keāliakapu","Wet Forest",3
"Lānaʻi","Lāhainā","Mahana","Developed",188
"Lānaʻi","Lāhainā","Mahana","Dry Forest",410
"Lānaʻi","Lāhainā","Mahana","Dry Grassland",405
"Lānaʻi","Lāhainā","Mahana","Dry Shrubland",788
"Lānaʻi","Lāhainā","Mahana","Mesic Forest",17
"Lānaʻi","Lāhainā","Mahana","Mesic Grassland",1
"Lānaʻi","Lāhainā","Mahana","Mesic Shrubland",5
"Lānaʻi","Lāhainā","Mahana","Not Vegetated",53
"Lānaʻi","Lāhainā","Mahana","Wet Forest",48
"Lānaʻi","Lāhainā","Maunalei","Developed",85
"Lānaʻi","Lāhainā","Maunalei","Dry Forest",301
"Lānaʻi","Lāhainā","Maunalei","Dry Grassland",190
"Lānaʻi","Lāhainā","Maunalei","Dry Shrubland",380
"Lānaʻi","Lāhainā","Maunalei","Mesic Forest",12
"Lānaʻi","Lāhainā","Maunalei","Mesic Grassland",5
"Lānaʻi","Lāhainā","Maunalei","Mesic Shrubland",36
"Lānaʻi","Lāhainā","Maunalei","Not Vegetated",31
"Lānaʻi","Lāhainā","Maunalei","Wet Forest",13
"Lānaʻi","Lāhainā","Paomai","Developed",238
"Lānaʻi","Lāhainā","Paomai","Dry Forest",619
"Lānaʻi","Lāhainā","Paomai","Dry Grassland",442
"Lānaʻi","Lāhainā","Paomai","Dry Shrubland",1027
"Lānaʻi","Lāhainā","Paomai","Mesic Forest",26
"Lānaʻi","Lāhainā","Paomai","Mesic Grassland",14
"Lānaʻi","Lāhainā","Paomai","Mesic Shrubland",1
"Lānaʻi","Lāhainā","Paomai","Not Vegetated",139
"Lānaʻi","Lāhainā","Paomai","Wet Forest",26
"Lānaʻi","Lāhainā","Paʻawili","Developed",65
"Lānaʻi","Lāhainā","Paʻawili","Dry Forest",151
"Lānaʻi","Lāhainā","Paʻawili","Dry Grassland",45
"Lānaʻi","Lāhainā","Paʻawili","Dry Shrubland",188
"Lānaʻi","Lāhainā","Paʻawili","Mesic Forest",7
"Lānaʻi","Lāhainā","Paʻawili","Mesic Grassland",7
"Lānaʻi","Lāhainā","Paʻawili","Mesic Shrubland",28
"Lānaʻi","Lāhainā","Paʻawili","Not Vegetated",27
"Lānaʻi","Lāhainā","Paʻawili","Wet Forest",3
"Lānaʻi","Lāhainā","Pālāwai","Developed",526
"Lānaʻi","Lāhainā","Pālāwai","Dry Forest",391
"Lānaʻi","Lāhainā","Pālāwai","Dry Grassland",222
"Lānaʻi","Lāhainā","Pālāwai","Dry Shrubland",352
"Lānaʻi","Lāhainā","Pālāwai","Mesic Forest",31
"Lānaʻi","Lāhainā","Pālāwai","Mesic Grassland",25
"Lānaʻi","Lāhainā","Pālāwai","Mesic Shrubland",73
"Lānaʻi","Lāhainā","Pālāwai","Not Vegetated",168
"Lānaʻi","Lāhainā","Pālāwai","Wet Forest",17
"Lānaʻi","Lāhainā","Pālāwai","Wet Grassland",1
"Lānaʻi","Lāhainā","Pālāwai","Wet Shrubland",8
"Lānaʻi","Lāhainā","Pālāwai","Wetland",4
"Maui","Honuaʻula","Kalihi","Developed",79
"Maui","Honuaʻula","Kalihi","Dry Forest",88
"Maui","Honuaʻula","Kalihi","Dry Grassland",63
"Maui","Honuaʻula","Kalihi","Dry Shrubland",95
"Maui","Honuaʻula","Kalihi","Not Vegetated",23
"Maui","Honuaʻula","Kaloʻi","Developed",40
"Maui","Honuaʻula","Kaloʻi","Dry Forest",85
"Maui","Honuaʻula","Kaloʻi","Dry Grassland",75
"Maui","Honuaʻula","Kaloʻi","Dry Shrubland",140
"Maui","Honuaʻula","Kaloʻi","Mesic Grassland",6
"Maui","Honuaʻula","Kaloʻi","Mesic Shrubland",13
"Maui","Honuaʻula","Kaloʻi","Not Vegetated",47
"Maui","Honuaʻula","Kanahena","Developed",70
"Maui","Honuaʻula","Kanahena","Dry Forest",47
"Maui","Honuaʻula","Kanahena","Dry Grassland",42
"Maui","Honuaʻula","Kanahena","Dry Shrubland",98
"Maui","Honuaʻula","Kanahena","Not Vegetated",34
"Maui","Honuaʻula","Kanaio","Developed",202
"Maui","Honuaʻula","Kanaio","Dry Forest",149
"Maui","Honuaʻula","Kanaio","Dry Grassland",264
"Maui","Honuaʻula","Kanaio","Dry Shrubland",261
"Maui","Honuaʻula","Kanaio","Mesic Forest",14
"Maui","Honuaʻula","Kanaio","Mesic Grassland",195
"Maui","Honuaʻula","Kanaio","Mesic Shrubland",99
"Maui","Honuaʻula","Kanaio","Not Vegetated",236
"Maui","Honuaʻula","Kanaio","Wet Shrubland",49
"Maui","Honuaʻula","Keauhou","Developed",63
"Maui","Honuaʻula","Keauhou","Dry Forest",19
"Maui","Honuaʻula","Keauhou","Dry Grassland",39
"Maui","Honuaʻula","Keauhou","Dry Shrubland",14
"Maui","Honuaʻula","Keauhou","Mesic Forest",10
"Maui","Honuaʻula","Keauhou","Mesic Grassland",15
"Maui","Honuaʻula","Keauhou","Mesic Shrubland",19
"Maui","Honuaʻula","Keauhou","Not Vegetated",116
"Maui","Honuaʻula","Kualapa","Developed",57
"Maui","Honuaʻula","Kualapa","Dry Forest",40
"Maui","Honuaʻula","Kualapa","Dry Grassland",30
"Maui","Honuaʻula","Kualapa","Dry Shrubland",60
"Maui","Honuaʻula","Kualapa","Not Vegetated",26
"Maui","Honuaʻula","Mohopilo","Agriculture",1
"Maui","Honuaʻula","Mohopilo","Developed",324
"Maui","Honuaʻula","Mohopilo","Dry Forest",143
"Maui","Honuaʻula","Mohopilo","Dry Grassland",199
"Maui","Honuaʻula","Mohopilo","Dry Shrubland",136
"Maui","Honuaʻula","Mohopilo","Not Vegetated",156
"Maui","Honuaʻula","Mohopilo","Wetland",2
"Maui","Honuaʻula","Palauea","Developed",222
"Maui","Honuaʻula","Palauea","Dry Forest",67
"Maui","Honuaʻula","Palauea","Dry Grassland",94
"Maui","Honuaʻula","Palauea","Dry Shrubland",38
"Maui","Honuaʻula","Palauea","Mesic Forest",13
"Maui","Honuaʻula","Palauea","Mesic Grassland",19
"Maui","Honuaʻula","Palauea","Mesic Shrubland",14
"Maui","Honuaʻula","Palauea","Not Vegetated",187
"Maui","Honuaʻula","Palauea","Wetland",1
"Maui","Honuaʻula","Papaka Kai","Developed",33
"Maui","Honuaʻula","Papaka Kai","Dry Forest",67
"Maui","Honuaʻula","Papaka Kai","Dry Grassland",71
"Maui","Honuaʻula","Papaka Kai","Dry Shrubland",84
"Maui","Honuaʻula","Papaka Kai","Not Vegetated",14
"Maui","Honuaʻula","Papaka Uka","Developed",4
"Maui","Honuaʻula","Papaka Uka","Dry Forest",6
"Maui","Honuaʻula","Papaka Uka","Dry Grassland",5
"Maui","Honuaʻula","Papaka Uka","Dry Shrubland",4
"Maui","Honuaʻula","Papaka Uka","Not Vegetated",4
"Maui","Honuaʻula","Papaʻanui","Agriculture",2
"Maui","Honuaʻula","Papaʻanui","Developed",514
"Maui","Honuaʻula","Papaʻanui","Dry Forest",162
"Maui","Honuaʻula","Papaʻanui","Dry Grassland",302
"Maui","Honuaʻula","Papaʻanui","Dry Shrubland",191
"Maui","Honuaʻula","Papaʻanui","Mesic Forest",35
"Maui","Honuaʻula","Papaʻanui","Mesic Grassland",108
"Maui","Honuaʻula","Papaʻanui","Mesic Shrubland",83
"Maui","Honuaʻula","Papaʻanui","Not Vegetated",544
"Maui","Honuaʻula","Papaʻanui","Wetland",1
"Maui","Hāmākualoa","East Hanawana","Developed",36
"Maui","Hāmākualoa","East Hanawana","Mesic Forest",5
"Maui","Hāmākualoa","East Hanawana","Not Vegetated",31
"Maui","Hāmākualoa","East Hanawana","Wet Forest",27
"Maui","Hāmākualoa","East Hanawana","Wet Grassland",3
"Maui","Hāmākualoa","East Kaupakulua","Agriculture",13
"Maui","Hāmākualoa","East Kaupakulua","Developed",306
"Maui","Hāmākualoa","East Kaupakulua","Mesic Forest",40
"Maui","Hāmākualoa","East Kaupakulua","Mesic Grassland",27
"Maui","Hāmākualoa","East Kaupakulua","Not Vegetated",101
"Maui","Hāmākualoa","East Kaupakulua","Wet Forest",85
"Maui","Hāmākualoa","East Kaupakulua","Wet Grassland",53
"Maui","Hāmākualoa","Halehaku","Agriculture",10
"Maui","Hāmākualoa","Halehaku","Developed",141
"Maui","Hāmākualoa","Halehaku","Mesic Forest",125
"Maui","Hāmākualoa","Halehaku","Mesic Grassland",100
"Maui","Hāmākualoa","Halehaku","Not Vegetated",355
"Maui","Hāmākualoa","Halehaku","Wet Forest",377
"Maui","Hāmākualoa","Halehaku","Wet Grassland",30
"Maui","Hāmākualoa","Halehaku","Wet Shrubland",17
"Maui","Hāmākualoa","Halehaku","Wetland",2
"Maui","Hāmākualoa","Hanehoi","Developed",101
"Maui","Hāmākualoa","Hanehoi","Mesic Forest",16
"Maui","Hāmākualoa","Hanehoi","Mesic Grassland",9
"Maui","Hāmākualoa","Hanehoi","Mesic Shrubland",2
"Maui","Hāmākualoa","Hanehoi","Not Vegetated",100
"Maui","Hāmākualoa","Hanehoi","Wet Forest",52
"Maui","Hāmākualoa","Hanehoi","Wet Grassland",16
"Maui","Hāmākualoa","Hanehoi","Wet Shrubland",5
"Maui","Hāmākualoa","Haʻikū","Agriculture",118
"Maui","Hāmākualoa","Haʻikū","Developed",1339
"Maui","Hāmākualoa","Haʻikū","Dry Forest",1
"Maui","Hāmākualoa","Haʻikū","Dry Grassland",3
"Maui","Hāmākualoa","Haʻikū","Mesic Forest",480
"Maui","Hāmākualoa","Haʻikū","Mesic Grassland",256
"Maui","Hāmākualoa","Haʻikū","Mesic Shrubland",3
"Maui","Hāmākualoa","Haʻikū","Not Vegetated",220
"Maui","Hāmākualoa","Haʻikū","Wet Forest",80
"Maui","Hāmākualoa","Haʻikū","Wet Grassland",22
"Maui","Hāmākualoa","Haʻikū","Wetland",8
"Maui","Hāmākualoa","Haʻikū Uka","Developed",54
"Maui","Hāmākualoa","Haʻikū Uka","Mesic Forest",35
"Maui","Hāmākualoa","Haʻikū Uka","Mesic Grassland",2
"Maui","Hāmākualoa","Haʻikū Uka","Mesic Shrubland",5
"Maui","Hāmākualoa","Haʻikū Uka","Not Vegetated",154
"Maui","Hāmākualoa","Haʻikū Uka","Wet Forest",1627
"Maui","Hāmākualoa","Haʻikū Uka","Wet Grassland",10
"Maui","Hāmākualoa","Haʻikū Uka","Wet Shrubland",17
"Maui","Hāmākualoa","Haʻikū Uka","Wetland",1
"Maui","Hāmākualoa","Honopou","Agriculture",6
"Maui","Hāmākualoa","Honopou","Developed",497
"Maui","Hāmākualoa","Honopou","Mesic Forest",173
"Maui","Hāmākualoa","Honopou","Mesic Grassland",118
"Maui","Hāmākualoa","Honopou","Not Vegetated",443
"Maui","Hāmākualoa","Honopou","Wet Forest",733
"Maui","Hāmākualoa","Honopou","Wet Grassland",7
"Maui","Hāmākualoa","Honopou","Wet Shrubland",2
"Maui","Hāmākualoa","Hāmākualoa","Agriculture",144
"Maui","Hāmākualoa","Hāmākualoa","Developed",1354
"Maui","Hāmākualoa","Hāmākualoa","Mesic Forest",201
"Maui","Hāmākualoa","Hāmākualoa","Mesic Grassland",125
"Maui","Hāmākualoa","Hāmākualoa","Not Vegetated",106
"Maui","Hāmākualoa","Hāmākualoa","Wetland",4
"Maui","Hāmākualoa","Keaaula","Agriculture",1
"Maui","Hāmākualoa","Keaaula","Developed",104
"Maui","Hāmākualoa","Keaaula","Mesic Forest",25
"Maui","Hāmākualoa","Keaaula","Mesic Grassland",26
"Maui","Hāmākualoa","Keaaula","Not Vegetated",14
"Maui","Hāmākualoa","Kealiʻiiki","Agriculture",4
"Maui","Hāmākualoa","Kealiʻiiki","Developed",82
"Maui","Hāmākualoa","Kealiʻiiki","Mesic Forest",9
"Maui","Hāmākualoa","Kealiʻiiki","Mesic Grassland",4
"Maui","Hāmākualoa","Kealiʻiiki","Not Vegetated",6
"Maui","Hāmākualoa","Kuiaha","Agriculture",7
"Maui","Hāmākualoa","Kuiaha","Developed",55
"Maui","Hāmākualoa","Kuiaha","Mesic Forest",35
"Maui","Hāmākualoa","Kuiaha","Mesic Grassland",9
"Maui","Hāmākualoa","Kuiaha","Not Vegetated",30
"Maui","Hāmākualoa","Mokupapa","Developed",48
"Maui","Hāmākualoa","Mokupapa","Mesic Forest",19
"Maui","Hāmākualoa","Mokupapa","Mesic Grassland",21
"Maui","Hāmākualoa","Mokupapa","Not Vegetated",31
"Maui","Hāmākualoa","Mokupapa","Wet Forest",4
"Maui","Hāmākualoa","Paʻuwela","Agriculture",13
"Maui","Hāmākualoa","Paʻuwela","Developed",232
"Maui","Hāmākualoa","Paʻuwela","Mesic Forest",43
"Maui","Hāmākualoa","Paʻuwela","Mesic Grassland",17
"Maui","Hāmākualoa","Paʻuwela","Not Vegetated",27
"Maui","Hāmākualoa","Peahi","Agriculture",47
"Maui","Hāmākualoa","Peahi","Developed",509
"Maui","Hāmākualoa","Peahi","Mesic Forest",134
"Maui","Hāmākualoa","Peahi","Mesic Grassland",86
"Maui","Hāmākualoa","Peahi","Not Vegetated",166
"Maui","Hāmākualoa","Peahi","Wet Forest",121
"Maui","Hāmākualoa","Peahi","Wet Grassland",11
"Maui","Hāmākualoa","Peahi","Wet Shrubland",4
"Maui","Hāmākualoa","Peahi","Wetland",1
"Maui","Hāmākualoa","Ulumalu","Agriculture",53
"Maui","Hāmākualoa","Ulumalu","Developed",546
"Maui","Hāmākualoa","Ulumalu","Mesic Forest",92
"Maui","Hāmākualoa","Ulumalu","Mesic Grassland",20
"Maui","Hāmākualoa","Ulumalu","Not Vegetated",56
"Maui","Hāmākualoa","Ulumalu","Wet Forest",86
"Maui","Hāmākualoa","Ulumalu","Wet Grassland",20
"Maui","Hāmākualoa","Waipiʻoiki","Developed",40
"Maui","Hāmākualoa","Waipiʻoiki","Mesic Forest",6
"Maui","Hāmākualoa","Waipiʻoiki","Mesic Grassland",5
"Maui","Hāmākualoa","Waipiʻoiki","Not Vegetated",26
"Maui","Hāmākualoa","Waipiʻoiki","Wet Forest",44
"Maui","Hāmākualoa","Waipiʻoiki","Wet Shrubland",4
"Maui","Hāmākualoa","Waipiʻonui","Developed",55
"Maui","Hāmākualoa","Waipiʻonui","Mesic Forest",20
"Maui","Hāmākualoa","Waipiʻonui","Mesic Grassland",15
"Maui","Hāmākualoa","Waipiʻonui","Not Vegetated",24
"Maui","Hāmākualoa","Waipiʻonui","Wet Forest",12
"Maui","Hāmākualoa","Waipiʻonui","Wet Grassland",1
"Maui","Hāmākualoa","West Hanawana","Developed",45
"Maui","Hāmākualoa","West Hanawana","Mesic Forest",13
"Maui","Hāmākualoa","West Hanawana","Mesic Grassland",2
"Maui","Hāmākualoa","West Hanawana","Mesic Shrubland",2
"Maui","Hāmākualoa","West Hanawana","Not Vegetated",35
"Maui","Hāmākualoa","West Hanawana","Wet Forest",24
"Maui","Hāmākualoa","West Hanawana","Wet Grassland",5
"Maui","Hāmākualoa","West Kaupakulua","Agriculture",9
"Maui","Hāmākualoa","West Kaupakulua","Developed",126
"Maui","Hāmākualoa","West Kaupakulua","Dry Forest",1
"Maui","Hāmākualoa","West Kaupakulua","Mesic Forest",50
"Maui","Hāmākualoa","West Kaupakulua","Mesic Grassland",15
"Maui","Hāmākualoa","West Kaupakulua","Not Vegetated",41
"Maui","Hāmākualoa","West Kaupakulua","Wet Forest",22
"Maui","Hāmākualoa","West Kaupakulua","Wet Grassland",28
"Maui","Hāmākualoa","West Kaupakulua","Wetland",1
"Maui","Hāmākualoa","ʻŌpana","Agriculture",12
"Maui","Hāmākualoa","ʻŌpana","Developed",239
"Maui","Hāmākualoa","ʻŌpana","Mesic Forest",57
"Maui","Hāmākualoa","ʻŌpana","Mesic Grassland",27
"Maui","Hāmākualoa","ʻŌpana","Not Vegetated",98
"Maui","Hāmākualoa","ʻŌpana","Wet Forest",127
"Maui","Hāmākualoa","ʻŌpana","Wet Grassland",10
"Maui","Hāmākuapoko","Hāliʻimaile","Agriculture",57
"Maui","Hāmākuapoko","Hāliʻimaile","Developed",880
"Maui","Hāmākuapoko","Hāliʻimaile","Dry Forest",88
"Maui","Hāmākuapoko","Hāliʻimaile","Dry Grassland",18
"Maui","Hāmākuapoko","Hāliʻimaile","Dry Shrubland",3
"Maui","Hāmākuapoko","Hāliʻimaile","Mesic Forest",94
"Maui","Hāmākuapoko","Hāliʻimaile","Mesic Grassland",36
"Maui","Hāmākuapoko","Hāliʻimaile","Mesic Shrubland",2
"Maui","Hāmākuapoko","Hāliʻimaile","Not Vegetated",41
"Maui","Hāmākuapoko","Hāliʻimaile","Wetland",4
"Maui","Hāmākuapoko","Hāmākuapoko","Agriculture",43
"Maui","Hāmākuapoko","Hāmākuapoko","Developed",1289
"Maui","Hāmākuapoko","Hāmākuapoko","Dry Forest",178
"Maui","Hāmākuapoko","Hāmākuapoko","Dry Grassland",74
"Maui","Hāmākuapoko","Hāmākuapoko","Dry Shrubland",9
"Maui","Hāmākuapoko","Hāmākuapoko","Mesic Forest",64
"Maui","Hāmākuapoko","Hāmākuapoko","Mesic Grassland",20
"Maui","Hāmākuapoko","Hāmākuapoko","Mesic Shrubland",4
"Maui","Hāmākuapoko","Hāmākuapoko","Not Vegetated",87
"Maui","Hāmākuapoko","Hāmākuapoko","Wetland",9
"Maui","Hāmākuapoko","Makawao","Agriculture",67
"Maui","Hāmākuapoko","Makawao","Developed",2245
"Maui","Hāmākuapoko","Makawao","Dry Forest",13
"Maui","Hāmākuapoko","Makawao","Dry Grassland",7
"Maui","Hāmākuapoko","Makawao","Mesic Forest",1297
"Maui","Hāmākuapoko","Makawao","Mesic Grassland",204
"Maui","Hāmākuapoko","Makawao","Mesic Shrubland",2
"Maui","Hāmākuapoko","Makawao","Not Vegetated",281
"Maui","Hāmākuapoko","Makawao","Wet Forest",137
"Maui","Hāmākuapoko","Makawao","Wetland",1
"Maui","Hāna","East Honomāʻele","Agriculture",3
"Maui","Hāna","East Honomāʻele","Developed",40
"Maui","Hāna","East Honomāʻele","Mesic Forest",53
"Maui","Hāna","East Honomāʻele","Mesic Grassland",13
"Maui","Hāna","East Honomāʻele","Not Vegetated",32
"Maui","Hāna","East Honomāʻele","Wet Forest",41
"Maui","Hāna","East Honomāʻele","Wet Grassland",12
"Maui","Hāna","East Honomāʻele","Wet Shrubland",10
"Maui","Hāna","Haneoʻo","Developed",44
"Maui","Hāna","Haneoʻo","Mesic Forest",122
"Maui","Hāna","Haneoʻo","Mesic Grassland",30
"Maui","Hāna","Haneoʻo","Not Vegetated",12
"Maui","Hāna","Haneoʻo","Wet Forest",14
"Maui","Hāna","Haneoʻo","Wet Grassland",1
"Maui","Hāna","Haneoʻo","Wet Shrubland",4
"Maui","Hāna","Honokalani","Agriculture",4
"Maui","Hāna","Honokalani","Developed",38
"Maui","Hāna","Honokalani","Mesic Forest",44
"Maui","Hāna","Honokalani","Mesic Grassland",23
"Maui","Hāna","Honokalani","Not Vegetated",6
"Maui","Hāna","Hāmoa","Developed",7
"Maui","Hāna","Hāmoa","Mesic Forest",26
"Maui","Hāna","Hāmoa","Mesic Grassland",8
"Maui","Hāna","Kawaipapa","Agriculture",5
"Maui","Hāna","Kawaipapa","Developed",426
"Maui","Hāna","Kawaipapa","Dry Forest",6
"Maui","Hāna","Kawaipapa","Mesic Forest",598
"Maui","Hāna","Kawaipapa","Mesic Grassland",189
"Maui","Hāna","Kawaipapa","Not Vegetated",360
"Maui","Hāna","Kawaipapa","Wet Forest",1089
"Maui","Hāna","Kawaipapa","Wet Grassland",85
"Maui","Hāna","Kawaipapa","Wet Shrubland",309
"Maui","Hāna","Kawaipapa","Wetland",8
"Maui","Hāna","Kawela","Developed",240
"Maui","Hāna","Kawela","Mesic Forest",216
"Maui","Hāna","Kawela","Mesic Grassland",81
"Maui","Hāna","Kawela","Not Vegetated",23
"Maui","Hāna","Kawela","Wet Forest",84
"Maui","Hāna","Kawela","Wet Grassland",38
"Maui","Hāna","Kawela","Wet Shrubland",9
"Maui","Hāna","Kākiʻo","Developed",76
"Maui","Hāna","Kākiʻo","Dry Forest",3
"Maui","Hāna","Kākiʻo","Mesic Forest",93
"Maui","Hāna","Kākiʻo","Mesic Grassland",26
"Maui","Hāna","Kākiʻo","Not Vegetated",4
"Maui","Hāna","Kākiʻo","Wet Forest",25
"Maui","Hāna","Kākiʻo","Wet Grassland",7
"Maui","Hāna","Kākiʻo","Wet Shrubland",19
"Maui","Hāna","Mokae","Developed",21
"Maui","Hāna","Mokae","Dry Forest",1
"Maui","Hāna","Mokae","Mesic Forest",80
"Maui","Hāna","Mokae","Mesic Grassland",8
"Maui","Hāna","Mokae","Not Vegetated",4
"Maui","Hāna","Mokae","Wet Forest",10
"Maui","Hāna","Mokae","Wet Shrubland",24
"Maui","Hāna","Mūʻolea","Developed",22
"Maui","Hāna","Mūʻolea","Mesic Forest",50
"Maui","Hāna","Mūʻolea","Mesic Grassland",23
"Maui","Hāna","Mūʻolea","Mesic Shrubland",1
"Maui","Hāna","Mūʻolea","Not Vegetated",6
"Maui","Hāna","Mūʻolea","Wet Forest",16
"Maui","Hāna","Mūʻolea","Wet Grassland",18
"Maui","Hāna","Mūʻolea","Wet Shrubland",14
"Maui","Hāna","Puaʻaluʻu","Agriculture",1
"Maui","Hāna","Puaʻaluʻu","Developed",4
"Maui","Hāna","Puaʻaluʻu","Mesic Forest",17
"Maui","Hāna","Puaʻaluʻu","Mesic Grassland",9
"Maui","Hāna","Puaʻaluʻu","Wet Forest",2
"Maui","Hāna","Puaʻaluʻu","Wet Grassland",1
"Maui","Hāna","Puʻuhaoa","Developed",33
"Maui","Hāna","Puʻuhaoa","Mesic Forest",64
"Maui","Hāna","Puʻuhaoa","Mesic Grassland",40
"Maui","Hāna","Puʻuhaoa","Mesic Shrubland",1
"Maui","Hāna","Puʻuhaoa","Not Vegetated",7
"Maui","Hāna","Puʻuhaoa","Wet Forest",120
"Maui","Hāna","Puʻuhaoa","Wet Grassland",36
"Maui","Hāna","Puʻuhaoa","Wet Shrubland",75
"Maui","Hāna","Wailua","Developed",3
"Maui","Hāna","Wailua","Mesic Forest",26
"Maui","Hāna","Wailua","Mesic Grassland",3
"Maui","Hāna","Wailua","Wet Forest",47
"Maui","Hāna","Wailua","Wet Grassland",18
"Maui","Hāna","Wailua","Wet Shrubland",10
"Maui","Hāna","Waiohonu","Developed",102
"Maui","Hāna","Waiohonu","Mesic Forest",175
"Maui","Hāna","Waiohonu","Mesic Grassland",111
"Maui","Hāna","Waiohonu","Mesic Shrubland",3
"Maui","Hāna","Waiohonu","Not Vegetated",16
"Maui","Hāna","Waiohonu","Wet Forest",13
"Maui","Hāna","Waiohonu","Wet Grassland",5
"Maui","Hāna","Waiohonu","Wet Shrubland",8
"Maui","Hāna","West Honomāʻele","Agriculture",7
"Maui","Hāna","West Honomāʻele","Developed",72
"Maui","Hāna","West Honomāʻele","Mesic Forest",42
"Maui","Hāna","West Honomāʻele","Mesic Grassland",17
"Maui","Hāna","West Honomāʻele","Not Vegetated",101
"Maui","Hāna","West Honomāʻele","Wet Forest",104
"Maui","Hāna","West Honomāʻele","Wet Grassland",22
"Maui","Hāna","West Honomāʻele","Wet Shrubland",6
"Maui","Hāna","Wākiu","Agriculture",6
"Maui","Hāna","Wākiu","Developed",118
"Maui","Hāna","Wākiu","Mesic Forest",164
"Maui","Hāna","Wākiu","Mesic Grassland",61
"Maui","Hāna","Wākiu","Not Vegetated",7
"Maui","Hāna","Wākiu","Wet Forest",8
"Maui","Hāna","Wākiu","Wet Grassland",11
"Maui","Hāna","Wākiu","Wet Shrubland",11
"Maui","Kahikinui","Auwahi","Developed",114
"Maui","Kahikinui","Auwahi","Dry Forest",109
"Maui","Kahikinui","Auwahi","Dry Grassland",199
"Maui","Kahikinui","Auwahi","Dry Shrubland",130
"Maui","Kahikinui","Auwahi","Mesic Grassland",156
"Maui","Kahikinui","Auwahi","Mesic Shrubland",37
"Maui","Kahikinui","Auwahi","Not Vegetated",156
"Maui","Kahikinui","Auwahi","Wet Shrubland",2
"Maui","Kahikinui","Kahikinui","Developed",284
"Maui","Kahikinui","Kahikinui","Dry Forest",220
"Maui","Kahikinui","Kahikinui","Dry Grassland",789
"Maui","Kahikinui","Kahikinui","Dry Shrubland",357
"Maui","Kahikinui","Kahikinui","Mesic Forest",355
"Maui","Kahikinui","Kahikinui","Mesic Grassland",503
"Maui","Kahikinui","Kahikinui","Mesic Shrubland",91
"Maui","Kahikinui","Kahikinui","Not Vegetated",1665
"Maui","Kahikinui","Kahikinui","Wet Shrubland",1
"Maui","Kaupō","Naholoku","Developed",257
"Maui","Kaupō","Naholoku","Dry Forest",143
"Maui","Kaupō","Naholoku","Dry Grassland",64
"Maui","Kaupō","Naholoku","Dry Shrubland",65
"Maui","Kaupō","Naholoku","Mesic Forest",535
"Maui","Kaupō","Naholoku","Mesic Grassland",276
"Maui","Kaupō","Naholoku","Mesic Shrubland",148
"Maui","Kaupō","Naholoku","Not Vegetated",605
"Maui","Kaupō","Naholoku","Wet Forest",39
"Maui","Kaupō","Naholoku","Wet Grassland",2
"Maui","Kaupō","Naholoku","Wet Shrubland",5
"Maui","Kaupō","Nakula","Developed",62
"Maui","Kaupō","Nakula","Dry Forest",65
"Maui","Kaupō","Nakula","Dry Grassland",92
"Maui","Kaupō","Nakula","Dry Shrubland",75
"Maui","Kaupō","Nakula","Mesic Forest",240
"Maui","Kaupō","Nakula","Mesic Grassland",248
"Maui","Kaupō","Nakula","Mesic Shrubland",185
"Maui","Kaupō","Nakula","Not Vegetated",365
"Maui","Kaupō","Nakula","Wet Shrubland",35
"Maui","Kaupō","Nuʻu","Agriculture",1
"Maui","Kaupō","Nuʻu","Developed",32
"Maui","Kaupō","Nuʻu","Dry Forest",369
"Maui","Kaupō","Nuʻu","Dry Grassland",176
"Maui","Kaupō","Nuʻu","Dry Shrubland",206
"Maui","Kaupō","Nuʻu","Mesic Forest",33
"Maui","Kaupō","Nuʻu","Mesic Grassland",356
"Maui","Kaupō","Nuʻu","Mesic Shrubland",553
"Maui","Kaupō","Nuʻu","Not Vegetated",524
"Maui","Kaupō","Nuʻu","Wet Shrubland",58
"Maui","Kaupō","Nuʻu","Wetland",1
"Maui","Koʻolau","East Makaīwa","Developed",127
"Maui","Koʻolau","East Makaīwa","Not Vegetated",386
"Maui","Koʻolau","East Makaīwa","Wet Forest",784
"Maui","Koʻolau","East Makaīwa","Wet Grassland",48
"Maui","Koʻolau","East Makaīwa","Wet Shrubland",33
"Maui","Koʻolau","Honomanü","Developed",105
"Maui","Koʻolau","Honomanü","Not Vegetated",374
"Maui","Koʻolau","Honomanü","Wet Forest",788
"Maui","Koʻolau","Honomanü","Wet Grassland",68
"Maui","Koʻolau","Honomanü","Wet Shrubland",74
"Maui","Koʻolau","Keʻanae","Agriculture",4
"Maui","Koʻolau","Keʻanae","Developed",235
"Maui","Koʻolau","Keʻanae","Mesic Forest",21
"Maui","Koʻolau","Keʻanae","Mesic Grassland",2
"Maui","Koʻolau","Keʻanae","Mesic Shrubland",3
"Maui","Koʻolau","Keʻanae","Not Vegetated",677
"Maui","Koʻolau","Keʻanae","Wet Forest",1972
"Maui","Koʻolau","Keʻanae","Wet Grassland",141
"Maui","Koʻolau","Keʻanae","Wet Shrubland",102
"Maui","Koʻolau","Keʻanae","Wetland",1
"Maui","Koʻolau","Koʻolau","Developed",368
"Maui","Koʻolau","Koʻolau","Mesic Forest",42
"Maui","Koʻolau","Koʻolau","Mesic Grassland",4
"Maui","Koʻolau","Koʻolau","Mesic Shrubland",24
"Maui","Koʻolau","Koʻolau","Not Vegetated",957
"Maui","Koʻolau","Koʻolau","Wet Forest",3057
"Maui","Koʻolau","Koʻolau","Wet Grassland",92
"Maui","Koʻolau","Koʻolau","Wet Shrubland",80
"Maui","Koʻolau","Paʻakea","Developed",6
"Maui","Koʻolau","Paʻakea","Not Vegetated",17
"Maui","Koʻolau","Paʻakea","Wet Forest",15
"Maui","Koʻolau","Puʻuomāile","Developed",43
"Maui","Koʻolau","Puʻuomāile","Mesic Forest",2
"Maui","Koʻolau","Puʻuomāile","Mesic Grassland",1
"Maui","Koʻolau","Puʻuomāile","Not Vegetated",28
"Maui","Koʻolau","Puʻuomāile","Wet Forest",28
"Maui","Koʻolau","Puʻuomāile","Wet Grassland",12
"Maui","Koʻolau","Puʻuomāile","Wet Shrubland",2
"Maui","Koʻolau","Pāpaʻaʻea","Developed",27
"Maui","Koʻolau","Pāpaʻaʻea","Mesic Forest",1
"Maui","Koʻolau","Pāpaʻaʻea","Not Vegetated",56
"Maui","Koʻolau","Pāpaʻaʻea","Wet Forest",68
"Maui","Koʻolau","Pāpaʻaʻea","Wet Grassland",12
"Maui","Koʻolau","Pāpaʻaʻea","Wet Shrubland",9
"Maui","Koʻolau","Wailuaiki","Developed",14
"Maui","Koʻolau","Wailuaiki","Not Vegetated",54
"Maui","Koʻolau","Wailuaiki","Wet Forest",169
"Maui","Koʻolau","Wailuaiki","Wet Grassland",6
"Maui","Koʻolau","Wailuaiki","Wet Shrubland",14
"Maui","Koʻolau","Wailuanui","Agriculture",7
"Maui","Koʻolau","Wailuanui","Developed",113
"Maui","Koʻolau","Wailuanui","Not Vegetated",225
"Maui","Koʻolau","Wailuanui","Wet Forest",456
"Maui","Koʻolau","Wailuanui","Wet Grassland",64
"Maui","Koʻolau","Wailuanui","Wet Shrubland",52
"Maui","Koʻolau","West Makaīwa","Developed",67
"Maui","Koʻolau","West Makaīwa","Mesic Forest",3
"Maui","Koʻolau","West Makaīwa","Not Vegetated",191
"Maui","Koʻolau","West Makaīwa","Wet Forest",557
"Maui","Koʻolau","West Makaīwa","Wet Grassland",25
"Maui","Koʻolau","West Makaīwa","Wet Shrubland",6
"Maui","Koʻolau","West Makaīwa","Wetland",1
"Maui","Koʻolau","ʻUlaʻino","Developed",28
"Maui","Koʻolau","ʻUlaʻino","Not Vegetated",41
"Maui","Koʻolau","ʻUlaʻino","Wet Forest",42
"Maui","Koʻolau","ʻUlaʻino","Wet Grassland",2
"Maui","Koʻolau","ʻUlaʻino","Wet Shrubland",2
"Maui","Kula","Aʻapueo","Agriculture",45
"Maui","Kula","Aʻapueo","Developed",850
"Maui","Kula","Aʻapueo","Dry Forest",321
"Maui","Kula","Aʻapueo","Dry Grassland",98
"Maui","Kula","Aʻapueo","Dry Shrubland",14
"Maui","Kula","Aʻapueo","Mesic Forest",32
"Maui","Kula","Aʻapueo","Mesic Grassland",27
"Maui","Kula","Aʻapueo","Mesic Shrubland",8
"Maui","Kula","Aʻapueo","Not Vegetated",83
"Maui","Kula","Kalialinui","Agriculture",35
"Maui","Kula","Kalialinui","Developed",902
"Maui","Kula","Kalialinui","Dry Forest",500
"Maui","Kula","Kalialinui","Dry Grassland",122
"Maui","Kula","Kalialinui","Dry Shrubland",233
"Maui","Kula","Kalialinui","Mesic Forest",916
"Maui","Kula","Kalialinui","Mesic Grassland",411
"Maui","Kula","Kalialinui","Mesic Shrubland",287
"Maui","Kula","Kalialinui","Not Vegetated",802
"Maui","Kula","Kalialinui","Wet Forest",235
"Maui","Kula","Kalialinui","Wet Shrubland",12
"Maui","Kula","Kalialinui","Wetland",3
"Maui","Kula","Kamaʻole","Agriculture",3
"Maui","Kula","Kamaʻole","Developed",1120
"Maui","Kula","Kamaʻole","Dry Forest",314
"Maui","Kula","Kamaʻole","Dry Grassland",386
"Maui","Kula","Kamaʻole","Dry Shrubland",173
"Maui","Kula","Kamaʻole","Mesic Forest",31
"Maui","Kula","Kamaʻole","Mesic Grassland",146
"Maui","Kula","Kamaʻole","Mesic Shrubland",64
"Maui","Kula","Kamaʻole","Not Vegetated",380
"Maui","Kula","Kamehameiki","Agriculture",11
"Maui","Kula","Kamehameiki","Developed",166
"Maui","Kula","Kamehameiki","Dry Forest",51
"Maui","Kula","Kamehameiki","Dry Grassland",11
"Maui","Kula","Kamehameiki","Dry Shrubland",32
"Maui","Kula","Kamehameiki","Mesic Forest",10
"Maui","Kula","Kamehameiki","Mesic Grassland",5
"Maui","Kula","Kamehameiki","Mesic Shrubland",14
"Maui","Kula","Kamehameiki","Not Vegetated",19
"Maui","Kula","Kamehamenui","Agriculture",23
"Maui","Kula","Kamehamenui","Developed",347
"Maui","Kula","Kamehamenui","Dry Forest",192
"Maui","Kula","Kamehamenui","Dry Grassland",154
"Maui","Kula","Kamehamenui","Dry Shrubland",304
"Maui","Kula","Kamehamenui","Mesic Forest",20
"Maui","Kula","Kamehamenui","Mesic Grassland",89
"Maui","Kula","Kamehamenui","Mesic Shrubland",96
"Maui","Kula","Kamehamenui","Not Vegetated",209
"Maui","Kula","Kaʻonoʻulu","Agriculture",7
"Maui","Kula","Kaʻonoʻulu","Developed",352
"Maui","Kula","Kaʻonoʻulu","Dry Forest",470
"Maui","Kula","Kaʻonoʻulu","Dry Grassland",413
"Maui","Kula","Kaʻonoʻulu","Dry Shrubland",81
"Maui","Kula","Kaʻonoʻulu","Mesic Forest",26
"Maui","Kula","Kaʻonoʻulu","Mesic Grassland",42
"Maui","Kula","Kaʻonoʻulu","Mesic Shrubland",78
"Maui","Kula","Kaʻonoʻulu","Not Vegetated",166
"Maui","Kula","Kaʻonoʻulu","Wetland",1
"Maui","Kula","Kēōkea","Agriculture",4
"Maui","Kula","Kēōkea","Developed",529
"Maui","Kula","Kēōkea","Dry Forest",419
"Maui","Kula","Kēōkea","Dry Grassland",159
"Maui","Kula","Kēōkea","Dry Shrubland",88
"Maui","Kula","Kēōkea","Mesic Forest",21
"Maui","Kula","Kēōkea","Mesic Grassland",36
"Maui","Kula","Kēōkea","Mesic Shrubland",45
"Maui","Kula","Kēōkea","Not Vegetated",222
"Maui","Kula","Kēōkea","Wetland",1
"Maui","Kula","Kōheo 1-2","Agriculture",1
"Maui","Kula","Kōheo 1-2","Developed",63
"Maui","Kula","Kōheo 1-2","Dry Forest",133
"Maui","Kula","Kōheo 1-2","Dry Grassland",116
"Maui","Kula","Kōheo 1-2","Dry Shrubland",28
"Maui","Kula","Kōheo 1-2","Mesic Forest",10
"Maui","Kula","Kōheo 1-2","Mesic Grassland",28
"Maui","Kula","Kōheo 1-2","Mesic Shrubland",27
"Maui","Kula","Kōheo 1-2","Not Vegetated",33
"Maui","Kula","Makaʻehu","Agriculture",60
"Maui","Kula","Makaʻehu","Developed",2093
"Maui","Kula","Makaʻehu","Dry Forest",287
"Maui","Kula","Makaʻehu","Dry Grassland",61
"Maui","Kula","Makaʻehu","Dry Shrubland",7
"Maui","Kula","Makaʻehu","Mesic Forest",186
"Maui","Kula","Makaʻehu","Mesic Grassland",51
"Maui","Kula","Makaʻehu","Not Vegetated",112
"Maui","Kula","Makaʻehu","Wet Shrubland",7
"Maui","Kula","Makaʻehu","Wetland",8
"Maui","Kula","Paeahu","Developed",1180
"Maui","Kula","Paeahu","Dry Forest",211
"Maui","Kula","Paeahu","Dry Grassland",248
"Maui","Kula","Paeahu","Dry Shrubland",100
"Maui","Kula","Paeahu","Mesic Forest",16
"Maui","Kula","Paeahu","Mesic Grassland",68
"Maui","Kula","Paeahu","Mesic Shrubland",22
"Maui","Kula","Paeahu","Not Vegetated",370
"Maui","Kula","Pūlehuiki","Agriculture",19
"Maui","Kula","Pūlehuiki","Developed",369
"Maui","Kula","Pūlehuiki","Dry Forest",83
"Maui","Kula","Pūlehuiki","Dry Grassland",23
"Maui","Kula","Pūlehuiki","Dry Shrubland",45
"Maui","Kula","Pūlehuiki","Mesic Forest",17
"Maui","Kula","Pūlehuiki","Mesic Grassland",9
"Maui","Kula","Pūlehuiki","Mesic Shrubland",18
"Maui","Kula","Pūlehuiki","Not Vegetated",59
"Maui","Kula","Pūlehunui","Agriculture",55
"Maui","Kula","Pūlehunui","Developed",1728
"Maui","Kula","Pūlehunui","Dry Forest",947
"Maui","Kula","Pūlehunui","Dry Grassland",371
"Maui","Kula","Pūlehunui","Dry Shrubland",112
"Maui","Kula","Pūlehunui","Mesic Forest",55
"Maui","Kula","Pūlehunui","Mesic Grassland",86
"Maui","Kula","Pūlehunui","Mesic Shrubland",58
"Maui","Kula","Pūlehunui","Not Vegetated",230
"Maui","Kula","Pūlehunui","Wetland",12
"Maui","Kula","Waiakoa","Agriculture",19
"Maui","Kula","Waiakoa","Developed",915
"Maui","Kula","Waiakoa","Dry Forest",344
"Maui","Kula","Waiakoa","Dry Grassland",267
"Maui","Kula","Waiakoa","Dry Shrubland",221
"Maui","Kula","Waiakoa","Mesic Forest",31
"Maui","Kula","Waiakoa","Mesic Grassland",12
"Maui","Kula","Waiakoa","Mesic Shrubland",46
"Maui","Kula","Waiakoa","Not Vegetated",148
"Maui","Kula","Waiohuli","Agriculture",15
"Maui","Kula","Waiohuli","Developed",1193
"Maui","Kula","Waiohuli","Dry Forest",688
"Maui","Kula","Waiohuli","Dry Grassland",479
"Maui","Kula","Waiohuli","Dry Shrubland",96
"Maui","Kula","Waiohuli","Mesic Forest",31
"Maui","Kula","Waiohuli","Mesic Grassland",56
"Maui","Kula","Waiohuli","Mesic Shrubland",98
"Maui","Kula","Waiohuli","Not Vegetated",193
"Maui","Kula","Waiohuli","Wetland",3
"Maui","Kula","ʻAlae 1-2","Agriculture",5
"Maui","Kula","ʻAlae 1-2","Developed",113
"Maui","Kula","ʻAlae 1-2","Dry Forest",148
"Maui","Kula","ʻAlae 1-2","Dry Grassland",181
"Maui","Kula","ʻAlae 1-2","Dry Shrubland",56
"Maui","Kula","ʻAlae 1-2","Mesic Forest",3
"Maui","Kula","ʻAlae 1-2","Mesic Shrubland",2
"Maui","Kula","ʻAlae 1-2","Not Vegetated",51
"Maui","Kula","ʻAlae 3-4","Agriculture",7
"Maui","Kula","ʻAlae 3-4","Developed",216
"Maui","Kula","ʻAlae 3-4","Dry Forest",77
"Maui","Kula","ʻAlae 3-4","Dry Grassland",60
"Maui","Kula","ʻAlae 3-4","Dry Shrubland",74
"Maui","Kula","ʻAlae 3-4","Mesic Forest",5
"Maui","Kula","ʻAlae 3-4","Mesic Shrubland",3
"Maui","Kula","ʻAlae 3-4","Not Vegetated",40
"Maui","Kula","ʻŌmaʻopio","Agriculture",51
"Maui","Kula","ʻŌmaʻopio","Developed",1309
"Maui","Kula","ʻŌmaʻopio","Dry Forest",273
"Maui","Kula","ʻŌmaʻopio","Dry Grassland",125
"Maui","Kula","ʻŌmaʻopio","Dry Shrubland",48
"Maui","Kula","ʻŌmaʻopio","Mesic Forest",5
"Maui","Kula","ʻŌmaʻopio","Mesic Grassland",37
"Maui","Kula","ʻŌmaʻopio","Mesic Shrubland",8
"Maui","Kula","ʻŌmaʻopio","Not Vegetated",101
"Maui","Kula","ʻŌmaʻopio","Wetland",1
"Maui","Kāʻanapali","Honokahua","Agriculture",14
"Maui","Kāʻanapali","Honokahua","Developed",613
"Maui","Kāʻanapali","Honokahua","Dry Forest",88
"Maui","Kāʻanapali","Honokahua","Dry Grassland",124
"Maui","Kāʻanapali","Honokahua","Dry Shrubland",24
"Maui","Kāʻanapali","Honokahua","Mesic Forest",56
"Maui","Kāʻanapali","Honokahua","Mesic Grassland",41
"Maui","Kāʻanapali","Honokahua","Mesic Shrubland",1
"Maui","Kāʻanapali","Honokahua","Not Vegetated",17
"Maui","Kāʻanapali","Honokahua","Wet Forest",273
"Maui","Kāʻanapali","Honokahua","Wet Shrubland",1
"Maui","Kāʻanapali","Honokahua","Wetland",4
"Maui","Kāʻanapali","Honokeana","Agriculture",8
"Maui","Kāʻanapali","Honokeana","Developed",252
"Maui","Kāʻanapali","Honokeana","Dry Forest",19
"Maui","Kāʻanapali","Honokeana","Dry Grassland",2
"Maui","Kāʻanapali","Honokeana","Dry Shrubland",5
"Maui","Kāʻanapali","Honokeana","Mesic Forest",15
"Maui","Kāʻanapali","Honokeana","Mesic Grassland",11
"Maui","Kāʻanapali","Honokeana","Not Vegetated",4
"Maui","Kāʻanapali","Honokōhau","Agriculture",47
"Maui","Kāʻanapali","Honokōhau","Developed",395
"Maui","Kāʻanapali","Honokōhau","Dry Forest",63
"Maui","Kāʻanapali","Honokōhau","Dry Grassland",91
"Maui","Kāʻanapali","Honokōhau","Dry Shrubland",73
"Maui","Kāʻanapali","Honokōhau","Mesic Forest",162
"Maui","Kāʻanapali","Honokōhau","Mesic Grassland",115
"Maui","Kāʻanapali","Honokōhau","Mesic Shrubland",72
"Maui","Kāʻanapali","Honokōhau","Not Vegetated",31
"Maui","Kāʻanapali","Honokōhau","Wet Forest",646
"Maui","Kāʻanapali","Honokōhau","Wet Grassland",29
"Maui","Kāʻanapali","Honokōhau","Wet Shrubland",163
"Maui","Kāʻanapali","Honokōhau","Wetland",12
"Maui","Kāʻanapali","Honokōwai","Agriculture",13
"Maui","Kāʻanapali","Honokōwai","Developed",550
"Maui","Kāʻanapali","Honokōwai","Dry Forest",32
"Maui","Kāʻanapali","Honokōwai","Dry Grassland",11
"Maui","Kāʻanapali","Honokōwai","Dry Shrubland",3
"Maui","Kāʻanapali","Honokōwai","Mesic Forest",126
"Maui","Kāʻanapali","Honokōwai","Mesic Grassland",13
"Maui","Kāʻanapali","Honokōwai","Mesic Shrubland",9
"Maui","Kāʻanapali","Honokōwai","Not Vegetated",14
"Maui","Kāʻanapali","Honokōwai","Wet Forest",399
"Maui","Kāʻanapali","Honokōwai","Wet Grassland",7
"Maui","Kāʻanapali","Honokōwai","Wet Shrubland",14
"Maui","Kāʻanapali","Honokōwai","Wetland",12
"Maui","Kāʻanapali","Honolua","Agriculture",53
"Maui","Kāʻanapali","Honolua","Developed",485
"Maui","Kāʻanapali","Honolua","Dry Forest",60
"Maui","Kāʻanapali","Honolua","Dry Grassland",61
"Maui","Kāʻanapali","Honolua","Dry Shrubland",20
"Maui","Kāʻanapali","Honolua","Mesic Forest",107
"Maui","Kāʻanapali","Honolua","Mesic Grassland",43
"Maui","Kāʻanapali","Honolua","Mesic Shrubland",33
"Maui","Kāʻanapali","Honolua","Not Vegetated",26
"Maui","Kāʻanapali","Honolua","Wet Forest",208
"Maui","Kāʻanapali","Honolua","Wet Shrubland",6
"Maui","Kāʻanapali","Kahakuloa","Agriculture",3
"Maui","Kāʻanapali","Kahakuloa","Developed",725
"Maui","Kāʻanapali","Kahakuloa","Dry Forest",136
"Maui","Kāʻanapali","Kahakuloa","Dry Grassland",225
"Maui","Kāʻanapali","Kahakuloa","Dry Shrubland",110
"Maui","Kāʻanapali","Kahakuloa","Mesic Forest",316
"Maui","Kāʻanapali","Kahakuloa","Mesic Grassland",297
"Maui","Kāʻanapali","Kahakuloa","Mesic Shrubland",24
"Maui","Kāʻanapali","Kahakuloa","Not Vegetated",60
"Maui","Kāʻanapali","Kahakuloa","Wet Forest",816
"Maui","Kāʻanapali","Kahakuloa","Wet Grassland",146
"Maui","Kāʻanapali","Kahakuloa","Wet Shrubland",105
"Maui","Kāʻanapali","Kahakuloa","Wetland",7
"Maui","Kāʻanapali","Kahana","Agriculture",46
"Maui","Kāʻanapali","Kahana","Developed",685
"Maui","Kāʻanapali","Kahana","Dry Forest",42
"Maui","Kāʻanapali","Kahana","Dry Grassland",9
"Maui","Kāʻanapali","Kahana","Dry Shrubland",10
"Maui","Kāʻanapali","Kahana","Mesic Forest",84
"Maui","Kāʻanapali","Kahana","Mesic Grassland",13
"Maui","Kāʻanapali","Kahana","Mesic Shrubland",3
"Maui","Kāʻanapali","Kahana","Not Vegetated",2
"Maui","Kāʻanapali","Kahana","Wet Forest",39
"Maui","Kāʻanapali","Kahana","Wet Grassland",1
"Maui","Kāʻanapali","Kahana","Wet Shrubland",3
"Maui","Kāʻanapali","Kahana","Wetland",2
"Maui","Kāʻanapali","Mailepai","Agriculture",15
"Maui","Kāʻanapali","Mailepai","Developed",125
"Maui","Kāʻanapali","Mailepai","Dry Forest",7
"Maui","Kāʻanapali","Mailepai","Dry Grassland",9
"Maui","Kāʻanapali","Mailepai","Dry Shrubland",4
"Maui","Kāʻanapali","Mailepai","Mesic Forest",23
"Maui","Kāʻanapali","Mailepai","Mesic Grassland",17
"Maui","Kāʻanapali","Mailepai","Mesic Shrubland",1
"Maui","Kāʻanapali","Mailepai","Not Vegetated",4
"Maui","Kāʻanapali","Mailepai","Wet Forest",2
"Maui","Kāʻanapali","Moʻomoku","Agriculture",4
"Maui","Kāʻanapali","Moʻomoku","Developed",25
"Maui","Kāʻanapali","Moʻomoku","Dry Forest",3
"Maui","Kāʻanapali","Moʻomoku","Dry Grassland",2
"Maui","Kāʻanapali","Moʻomoku","Mesic Forest",7
"Maui","Kāʻanapali","Moʻomoku","Mesic Grassland",13
"Maui","Kāʻanapali","Moʻomoku","Mesic Shrubland",1
"Maui","Kāʻanapali","Moʻomoku","Wetland",1
"Maui","Kāʻanapali","Māhinahina 4","Agriculture",7
"Maui","Kāʻanapali","Māhinahina 4","Developed",85
"Maui","Kāʻanapali","Māhinahina 4","Dry Forest",10
"Maui","Kāʻanapali","Māhinahina 4","Mesic Forest",8
"Maui","Kāʻanapali","Māhinahina 4","Not Vegetated",1
"Maui","Kāʻanapali","Māhinahina 4","Wetland",2
"Maui","Kāʻanapali","Nāpili 1","Mesic Forest",4
"Maui","Kāʻanapali","Nāpili 1","Mesic Grassland",1
"Maui","Kāʻanapali","Nāpili 2-3","Agriculture",11
"Maui","Kāʻanapali","Nāpili 2-3","Developed",254
"Maui","Kāʻanapali","Nāpili 2-3","Dry Forest",41
"Maui","Kāʻanapali","Nāpili 2-3","Dry Grassland",59
"Maui","Kāʻanapali","Nāpili 2-3","Dry Shrubland",3
"Maui","Kāʻanapali","Nāpili 2-3","Mesic Forest",11
"Maui","Kāʻanapali","Nāpili 2-3","Mesic Grassland",2
"Maui","Kāʻanapali","Nāpili 2-3","Not Vegetated",7
"Maui","Kāʻanapali","Nāpili 2-3","Wetland",1
"Maui","Kāʻanapali","Nāpili 4-5","Agriculture",13
"Maui","Kāʻanapali","Nāpili 4-5","Developed",102
"Maui","Kāʻanapali","Nāpili 4-5","Dry Forest",12
"Maui","Kāʻanapali","Nāpili 4-5","Dry Grassland",6
"Maui","Kāʻanapali","Nāpili 4-5","Mesic Forest",3
"Maui","Kāʻanapali","Nāpili 4-5","Mesic Grassland",4
"Maui","Kāʻanapali","Nāpili 4-5","Not Vegetated",2
"Maui","Kāʻanapali","Nāpili 4-5","Wetland",3
"Maui","Kāʻanapali","ʻAlaeloa","Agriculture",24
"Maui","Kāʻanapali","ʻAlaeloa","Developed",264
"Maui","Kāʻanapali","ʻAlaeloa","Dry Forest",40
"Maui","Kāʻanapali","ʻAlaeloa","Dry Grassland",12
"Maui","Kāʻanapali","ʻAlaeloa","Dry Shrubland",9
"Maui","Kāʻanapali","ʻAlaeloa","Mesic Forest",12
"Maui","Kāʻanapali","ʻAlaeloa","Mesic Grassland",9
"Maui","Kāʻanapali","ʻAlaeloa","Not Vegetated",2
"Maui","Kīpahulu","Kaʻāpahu","Developed",16
"Maui","Kīpahulu","Kaʻāpahu","Dry Forest",15
"Maui","Kīpahulu","Kaʻāpahu","Mesic Forest",149
"Maui","Kīpahulu","Kaʻāpahu","Mesic Grassland",17
"Maui","Kīpahulu","Kaʻāpahu","Mesic Shrubland",36
"Maui","Kīpahulu","Kaʻāpahu","Not Vegetated",20
"Maui","Kīpahulu","Kaʻāpahu","Wet Forest",75
"Maui","Kīpahulu","Kaʻāpahu","Wet Grassland",4
"Maui","Kīpahulu","Kaʻāpahu","Wet Shrubland",20
"Maui","Kīpahulu","Kaʻāpahu","Wetland",2
"Maui","Kīpahulu","Kukuiʻula","Agriculture",1
"Maui","Kīpahulu","Kukuiʻula","Developed",74
"Maui","Kīpahulu","Kukuiʻula","Dry Forest",8
"Maui","Kīpahulu","Kukuiʻula","Dry Shrubland",5
"Maui","Kīpahulu","Kukuiʻula","Mesic Forest",167
"Maui","Kīpahulu","Kukuiʻula","Mesic Grassland",49
"Maui","Kīpahulu","Kukuiʻula","Mesic Shrubland",22
"Maui","Kīpahulu","Kukuiʻula","Not Vegetated",5
"Maui","Kīpahulu","Kukuiʻula","Wet Forest",14
"Maui","Kīpahulu","Kukuiʻula","Wet Grassland",4
"Maui","Kīpahulu","Kukuiʻula","Wet Shrubland",1
"Maui","Kīpahulu","Kukuiʻulaiki","Developed",2
"Maui","Kīpahulu","Kukuiʻulaiki","Mesic Forest",18
"Maui","Kīpahulu","Kukuiʻulaiki","Mesic Grassland",6
"Maui","Kīpahulu","Kukuiʻulaiki","Mesic Shrubland",1
"Maui","Kīpahulu","Kīkoʻo","Agriculture",2
"Maui","Kīpahulu","Kīkoʻo","Developed",73
"Maui","Kīpahulu","Kīkoʻo","Mesic Forest",126
"Maui","Kīpahulu","Kīkoʻo","Mesic Grassland",55
"Maui","Kīpahulu","Kīkoʻo","Mesic Shrubland",6
"Maui","Kīpahulu","Kīkoʻo","Not Vegetated",6
"Maui","Kīpahulu","Kīkoʻo","Wet Forest",1
"Maui","Kīpahulu","ʻAlaeiki","Agriculture",2
"Maui","Kīpahulu","ʻAlaeiki","Developed",12
"Maui","Kīpahulu","ʻAlaeiki","Mesic Forest",43
"Maui","Kīpahulu","ʻAlaeiki","Mesic Grassland",25
"Maui","Kīpahulu","ʻAlaeiki","Mesic Shrubland",2
"Maui","Kīpahulu","ʻAlaeiki","Not Vegetated",2
"Maui","Kīpahulu","ʻAlaeiki","Wet Forest",19
"Maui","Kīpahulu","ʻAlaeiki","Wet Grassland",5
"Maui","Kīpahulu","ʻAlaeiki","Wet Shrubland",6
"Maui","Kīpahulu","ʻAlaenui","Agriculture",5
"Maui","Kīpahulu","ʻAlaenui","Developed",18
"Maui","Kīpahulu","ʻAlaenui","Dry Forest",24
"Maui","Kīpahulu","ʻAlaenui","Dry Shrubland",12
"Maui","Kīpahulu","ʻAlaenui","Mesic Forest",204
"Maui","Kīpahulu","ʻAlaenui","Mesic Grassland",42
"Maui","Kīpahulu","ʻAlaenui","Mesic Shrubland",4
"Maui","Kīpahulu","ʻAlaenui","Not Vegetated",246
"Maui","Kīpahulu","ʻAlaenui","Wet Forest",836
"Maui","Kīpahulu","ʻAlaenui","Wet Grassland",39
"Maui","Kīpahulu","ʻAlaenui","Wet Shrubland",199
"Maui","Kīpahulu","ʻAlaenui","Wetland",20
"Maui","Lāhainā","Aki","Agriculture",3
"Maui","Lāhainā","Aki","Developed",25
"Maui","Lāhainā","Aki","Dry Forest",14
"Maui","Lāhainā","Aki","Dry Grassland",5
"Maui","Lāhainā","Aki","Mesic Forest",1
"Maui","Lāhainā","Aki","Mesic Grassland",4
"Maui","Lāhainā","Aki","Mesic Shrubland",5
"Maui","Lāhainā","Grant 3584","Dry Forest",1
"Maui","Lāhainā","Grant 3584","Dry Grassland",1
"Maui","Lāhainā","Grant 3584","Mesic Forest",30
"Maui","Lāhainā","Grant 3584","Mesic Grassland",1
"Maui","Lāhainā","Grant 3584","Mesic Shrubland",1
"Maui","Lāhainā","Grant 3584","Wet Forest",14
"Maui","Lāhainā","Halakaʻa","Agriculture",2
"Maui","Lāhainā","Halakaʻa","Developed",1
"Maui","Lāhainā","Halakaʻa","Dry Forest",5
"Maui","Lāhainā","Halakaʻa","Dry Grassland",7
"Maui","Lāhainā","Halakaʻa","Dry Shrubland",7
"Maui","Lāhainā","Halakaʻa","Mesic Forest",1
"Maui","Lāhainā","Halakaʻa","Mesic Grassland",1
"Maui","Lāhainā","Halakaʻa","Mesic Shrubland",6
"Maui","Lāhainā","Halakaʻa","Not Vegetated",7
"Maui","Lāhainā","Hanakaʻōʻō","Agriculture",19
"Maui","Lāhainā","Hanakaʻōʻō","Developed",914
"Maui","Lāhainā","Hanakaʻōʻō","Dry Forest",23
"Maui","Lāhainā","Hanakaʻōʻō","Dry Grassland",63
"Maui","Lāhainā","Hanakaʻōʻō","Dry Shrubland",6
"Maui","Lāhainā","Hanakaʻōʻō","Mesic Forest",61
"Maui","Lāhainā","Hanakaʻōʻō","Mesic Grassland",7
"Maui","Lāhainā","Hanakaʻōʻō","Mesic Shrubland",1
"Maui","Lāhainā","Hanakaʻōʻō","Not Vegetated",6
"Maui","Lāhainā","Hanakaʻōʻō","Wet Forest",67
"Maui","Lāhainā","Hanakaʻōʻō","Wetland",8
"Maui","Lāhainā","Hāhākea","Dry Shrubland",1
"Maui","Lāhainā","Hāhākea","Mesic Forest",27
"Maui","Lāhainā","Hāhākea","Mesic Grassland",5
"Maui","Lāhainā","Hāhākea","Mesic Shrubland",1
"Maui","Lāhainā","Hāhākea","Wet Forest",90
"Maui","Lāhainā","Hāhākea","Wet Shrubland",5
"Maui","Lāhainā","Hāhākea","Wetland",1
"Maui","Lāhainā","Kahua","Agriculture",1
"Maui","Lāhainā","Kahua","Developed",15
"Maui","Lāhainā","Kahua","Dry Forest",3
"Maui","Lāhainā","Kahua","Mesic Forest",1
"Maui","Lāhainā","Kahua","Wetland",1
"Maui","Lāhainā","Kapunakea","Agriculture",1
"Maui","Lāhainā","Kapunakea","Developed",6
"Maui","Lāhainā","Kapunakea","Dry Forest",2
"Maui","Lāhainā","Kapunakea","Mesic Forest",6
"Maui","Lāhainā","Kapunakea","Mesic Grassland",2
"Maui","Lāhainā","Kauaʻula","Developed",2
"Maui","Lāhainā","Kauaʻula","Dry Shrubland",11
"Maui","Lāhainā","Kauaʻula","Mesic Forest",77
"Maui","Lāhainā","Kauaʻula","Mesic Grassland",10
"Maui","Lāhainā","Kauaʻula","Mesic Shrubland",18
"Maui","Lāhainā","Kauaʻula","Wet Forest",92
"Maui","Lāhainā","Kauaʻula","Wet Grassland",1
"Maui","Lāhainā","Kauaʻula","Wet Shrubland",81
"Maui","Lāhainā","Koʻokā","Developed",1
"Maui","Lāhainā","Koʻokā","Dry Forest",1
"Maui","Lāhainā","Koʻokā","Dry Grassland",2
"Maui","Lāhainā","Koʻokā","Dry Shrubland",1
"Maui","Lāhainā","Kuholilea","Agriculture",2
"Maui","Lāhainā","Kuholilea","Developed",29
"Maui","Lāhainā","Kuholilea","Dry Forest",6
"Maui","Lāhainā","Kuholilea","Dry Grassland",9
"Maui","Lāhainā","Kuholilea","Dry Shrubland",2
"Maui","Lāhainā","Kuholilea","Mesic Forest",5
"Maui","Lāhainā","Kuholilea","Mesic Grassland",3
"Maui","Lāhainā","Kuholilea","Mesic Shrubland",10
"Maui","Lāhainā","Kuholilea","Not Vegetated",1
"Maui","Lāhainā","Kuholilea","Wet Forest",2
"Maui","Lāhainā","Kuholilea","Wetland",1
"Maui","Lāhainā","Kuhua","Agriculture",4
"Maui","Lāhainā","Kuhua","Developed",31
"Maui","Lāhainā","Kuhua","Dry Forest",5
"Maui","Lāhainā","Kuhua","Dry Grassland",6
"Maui","Lāhainā","Kuhua","Dry Shrubland",1
"Maui","Lāhainā","Kuhua","Mesic Forest",9
"Maui","Lāhainā","Kuhua","Mesic Grassland",2
"Maui","Lāhainā","Kuhua","Not Vegetated",2
"Maui","Lāhainā","Kuhua","Wet Forest",5
"Maui","Lāhainā","Kuhua","Wetland",1
"Maui","Lāhainā","Kuʻia","Agriculture",18
"Maui","Lāhainā","Kuʻia","Developed",239
"Maui","Lāhainā","Kuʻia","Dry Forest",34
"Maui","Lāhainā","Kuʻia","Dry Grassland",133
"Maui","Lāhainā","Kuʻia","Dry Shrubland",68
"Maui","Lāhainā","Kuʻia","Mesic Forest",55
"Maui","Lāhainā","Kuʻia","Mesic Grassland",15
"Maui","Lāhainā","Kuʻia","Mesic Shrubland",31
"Maui","Lāhainā","Kuʻia","Not Vegetated",5
"Maui","Lāhainā","Kuʻia","Wet Forest",27
"Maui","Lāhainā","Kuʻia","Wet Shrubland",11
"Maui","Lāhainā","Kuʻia","Wetland",1
"Maui","Lāhainā","Launiupoko","Agriculture",12
"Maui","Lāhainā","Launiupoko","Developed",510
"Maui","Lāhainā","Launiupoko","Dry Forest",40
"Maui","Lāhainā","Launiupoko","Dry Grassland",150
"Maui","Lāhainā","Launiupoko","Dry Shrubland",144
"Maui","Lāhainā","Launiupoko","Mesic Forest",72
"Maui","Lāhainā","Launiupoko","Mesic Grassland",38
"Maui","Lāhainā","Launiupoko","Mesic Shrubland",54
"Maui","Lāhainā","Launiupoko","Not Vegetated",28
"Maui","Lāhainā","Launiupoko","Wet Forest",58
"Maui","Lāhainā","Launiupoko","Wet Grassland",7
"Maui","Lāhainā","Launiupoko","Wet Shrubland",9
"Maui","Lāhainā","Moaliʻi","Developed",142
"Maui","Lāhainā","Moaliʻi","Dry Grassland",2
"Maui","Lāhainā","Moaliʻi","Dry Shrubland",4
"Maui","Lāhainā","Moaliʻi","Not Vegetated",4
"Maui","Lāhainā","Mākila","Developed",10
"Maui","Lāhainā","Mākila","Dry Forest",3
"Maui","Lāhainā","Mākila","Dry Grassland",9
"Maui","Lāhainā","Mākila","Dry Shrubland",5
"Maui","Lāhainā","Mākila","Mesic Forest",3
"Maui","Lāhainā","Mākila","Mesic Grassland",3
"Maui","Lāhainā","Mākila","Mesic Shrubland",5
"Maui","Lāhainā","Mākila","Not Vegetated",3
"Maui","Lāhainā","Olowalu","Agriculture",28
"Maui","Lāhainā","Olowalu","Developed",188
"Maui","Lāhainā","Olowalu","Dry Forest",59
"Maui","Lāhainā","Olowalu","Dry Grassland",190
"Maui","Lāhainā","Olowalu","Dry Shrubland",240
"Maui","Lāhainā","Olowalu","Mesic Forest",112
"Maui","Lāhainā","Olowalu","Mesic Grassland",124
"Maui","Lāhainā","Olowalu","Mesic Shrubland",104
"Maui","Lāhainā","Olowalu","Not Vegetated",52
"Maui","Lāhainā","Olowalu","Wet Forest",114
"Maui","Lāhainā","Olowalu","Wet Grassland",21
"Maui","Lāhainā","Olowalu","Wet Shrubland",122
"Maui","Lāhainā","Panaʻewa","Agriculture",3
"Maui","Lāhainā","Panaʻewa","Developed",105
"Maui","Lāhainā","Panaʻewa","Dry Forest",22
"Maui","Lāhainā","Panaʻewa","Dry Grassland",21
"Maui","Lāhainā","Panaʻewa","Dry Shrubland",37
"Maui","Lāhainā","Panaʻewa","Mesic Forest",110
"Maui","Lāhainā","Panaʻewa","Mesic Grassland",27
"Maui","Lāhainā","Panaʻewa","Mesic Shrubland",14
"Maui","Lāhainā","Panaʻewa","Not Vegetated",5
"Maui","Lāhainā","Panaʻewa","Wet Forest",114
"Maui","Lāhainā","Panaʻewa","Wet Grassland",3
"Maui","Lāhainā","Panaʻewa","Wet Shrubland",50
"Maui","Lāhainā","Panaʻewa","Wetland",1
"Maui","Lāhainā","Paunau","Agriculture",15
"Maui","Lāhainā","Paunau","Developed",724
"Maui","Lāhainā","Paunau","Dry Forest",20
"Maui","Lāhainā","Paunau","Dry Grassland",38
"Maui","Lāhainā","Paunau","Dry Shrubland",49
"Maui","Lāhainā","Paunau","Mesic Forest",42
"Maui","Lāhainā","Paunau","Mesic Grassland",6
"Maui","Lāhainā","Paunau","Mesic Shrubland",21
"Maui","Lāhainā","Paunau","Not Vegetated",29
"Maui","Lāhainā","Paunau","Wet Forest",204
"Maui","Lāhainā","Paunau","Wet Grassland",1
"Maui","Lāhainā","Paunau","Wet Shrubland",9
"Maui","Lāhainā","Paunau","Wetland",4
"Maui","Lāhainā","Polaiki","Agriculture",1
"Maui","Lāhainā","Polaiki","Developed",5
"Maui","Lāhainā","Polaiki","Dry Forest",8
"Maui","Lāhainā","Polaiki","Dry Grassland",13
"Maui","Lāhainā","Polaiki","Dry Shrubland",4
"Maui","Lāhainā","Polaiki","Mesic Shrubland",1
"Maui","Lāhainā","Polaiki","Not Vegetated",2
"Maui","Lāhainā","Polanui","Agriculture",6
"Maui","Lāhainā","Polanui","Developed",132
"Maui","Lāhainā","Polanui","Dry Forest",6
"Maui","Lāhainā","Polanui","Dry Grassland",28
"Maui","Lāhainā","Polanui","Dry Shrubland",15
"Maui","Lāhainā","Polanui","Not Vegetated",3
"Maui","Lāhainā","Polanui","Wetland",1
"Maui","Lāhainā","Puʻuki","Agriculture",4
"Maui","Lāhainā","Puʻuki","Developed",25
"Maui","Lāhainā","Puʻuki","Dry Forest",5
"Maui","Lāhainā","Puʻuki","Dry Grassland",4
"Maui","Lāhainā","Puʻuki","Mesic Forest",18
"Maui","Lāhainā","Puʻuki","Mesic Grassland",6
"Maui","Lāhainā","Puʻuki","Mesic Shrubland",5
"Maui","Lāhainā","Puʻuki","Wet Forest",11
"Maui","Lāhainā","Puʻuki","Wet Shrubland",1
"Maui","Lāhainā","Pāhoa","Agriculture",2
"Maui","Lāhainā","Pāhoa","Developed",62
"Maui","Lāhainā","Pāhoa","Dry Forest",12
"Maui","Lāhainā","Pāhoa","Dry Grassland",9
"Maui","Lāhainā","Pāhoa","Dry Shrubland",10
"Maui","Lāhainā","Pāhoa","Not Vegetated",1
"Maui","Lāhainā","Pāhoa","Wetland",1
"Maui","Lāhainā","Pūehuehuiki","Developed",8
"Maui","Lāhainā","Pūehuehuiki","Dry Forest",1
"Maui","Lāhainā","Pūehuehuiki","Dry Grassland",7
"Maui","Lāhainā","Pūehuehuiki","Dry Shrubland",4
"Maui","Lāhainā","Pūehuehunui","Agriculture",15
"Maui","Lāhainā","Pūehuehunui","Developed",68
"Maui","Lāhainā","Pūehuehunui","Dry Forest",26
"Maui","Lāhainā","Pūehuehunui","Dry Grassland",5
"Maui","Lāhainā","Pūehuehunui","Dry Shrubland",12
"Maui","Lāhainā","Pūehuehunui","Mesic Forest",34
"Maui","Lāhainā","Pūehuehunui","Mesic Grassland",16
"Maui","Lāhainā","Pūehuehunui","Mesic Shrubland",29
"Maui","Lāhainā","Pūehuehunui","Not Vegetated",13
"Maui","Lāhainā","Pūehuehunui","Wet Forest",24
"Maui","Lāhainā","Pūehuehunui","Wet Shrubland",6
"Maui","Lāhainā","Pūʻou","Agriculture",1
"Maui","Lāhainā","Pūʻou","Developed",3
"Maui","Lāhainā","Pūʻou","Dry Forest",4
"Maui","Lāhainā","Pūʻou","Dry Grassland",14
"Maui","Lāhainā","Pūʻou","Dry Shrubland",12
"Maui","Lāhainā","Pūʻou","Not Vegetated",2
"Maui","Lāhainā","Ukumehame","Agriculture",29
"Maui","Lāhainā","Ukumehame","Developed",316
"Maui","Lāhainā","Ukumehame","Dry Forest",115
"Maui","Lāhainā","Ukumehame","Dry Grassland",679
"Maui","Lāhainā","Ukumehame","Dry Shrubland",544
"Maui","Lāhainā","Ukumehame","Mesic Forest",221
"Maui","Lāhainā","Ukumehame","Mesic Grassland",213
"Maui","Lāhainā","Ukumehame","Mesic Shrubland",152
"Maui","Lāhainā","Ukumehame","Not Vegetated",86
"Maui","Lāhainā","Ukumehame","Wet Forest",65
"Maui","Lāhainā","Ukumehame","Wet Grassland",5
"Maui","Lāhainā","Ukumehame","Wet Shrubland",99
"Maui","Lāhainā","Wahikuli","Agriculture",9
"Maui","Lāhainā","Wahikuli","Developed",376
"Maui","Lāhainā","Wahikuli","Dry Forest",17
"Maui","Lāhainā","Wahikuli","Dry Grassland",16
"Maui","Lāhainā","Wahikuli","Dry Shrubland",13
"Maui","Lāhainā","Wahikuli","Mesic Forest",38
"Maui","Lāhainā","Wahikuli","Mesic Grassland",17
"Maui","Lāhainā","Wahikuli","Mesic Shrubland",5
"Maui","Lāhainā","Wahikuli","Not Vegetated",6
"Maui","Lāhainā","Wahikuli","Wet Forest",61
"Maui","Lāhainā","Wahikuli","Wet Grassland",2
"Maui","Lāhainā","Wahikuli","Wet Shrubland",2
"Maui","Lāhainā","Waineʻe","Agriculture",1
"Maui","Lāhainā","Waineʻe","Developed",16
"Maui","Lāhainā","Waineʻe","Dry Forest",8
"Maui","Lāhainā","Waineʻe","Dry Grassland",36
"Maui","Lāhainā","Waineʻe","Dry Shrubland",8
"Maui","Pūʻali Komohana","Waiehu","Agriculture",10
"Maui","Pūʻali Komohana","Waiehu","Developed",587
"Maui","Pūʻali Komohana","Waiehu","Dry Forest",51
"Maui","Pūʻali Komohana","Waiehu","Dry Grassland",59
"Maui","Pūʻali Komohana","Waiehu","Dry Shrubland",5
"Maui","Pūʻali Komohana","Waiehu","Mesic Forest",50
"Maui","Pūʻali Komohana","Waiehu","Mesic Grassland",28
"Maui","Pūʻali Komohana","Waiehu","Mesic Shrubland",9
"Maui","Pūʻali Komohana","Waiehu","Not Vegetated",25
"Maui","Pūʻali Komohana","Waiehu","Wet Forest",110
"Maui","Pūʻali Komohana","Waiehu","Wet Grassland",28
"Maui","Pūʻali Komohana","Waiehu","Wet Shrubland",129
"Maui","Pūʻali Komohana","Waiehu","Wetland",3
"Maui","Pūʻali Komohana","Waiheʻe","Agriculture",13
"Maui","Pūʻali Komohana","Waiheʻe","Developed",409
"Maui","Pūʻali Komohana","Waiheʻe","Dry Forest",93
"Maui","Pūʻali Komohana","Waiheʻe","Dry Grassland",113
"Maui","Pūʻali Komohana","Waiheʻe","Dry Shrubland",41
"Maui","Pūʻali Komohana","Waiheʻe","Mesic Forest",61
"Maui","Pūʻali Komohana","Waiheʻe","Mesic Grassland",87
"Maui","Pūʻali Komohana","Waiheʻe","Mesic Shrubland",10
"Maui","Pūʻali Komohana","Waiheʻe","Not Vegetated",30
"Maui","Pūʻali Komohana","Waiheʻe","Wet Forest",376
"Maui","Pūʻali Komohana","Waiheʻe","Wet Grassland",103
"Maui","Pūʻali Komohana","Waiheʻe","Wet Shrubland",351
"Maui","Pūʻali Komohana","Waiheʻe","Wetland",3
"Maui","Pūʻali Komohana","Waikapū","Agriculture",85
"Maui","Pūʻali Komohana","Waikapū","Developed",1507
"Maui","Pūʻali Komohana","Waikapū","Dry Forest",461
"Maui","Pūʻali Komohana","Waikapū","Dry Grassland",477
"Maui","Pūʻali Komohana","Waikapū","Dry Shrubland",214
"Maui","Pūʻali Komohana","Waikapū","Mesic Forest",306
"Maui","Pūʻali Komohana","Waikapū","Mesic Grassland",215
"Maui","Pūʻali Komohana","Waikapū","Mesic Shrubland",82
"Maui","Pūʻali Komohana","Waikapū","Not Vegetated",176
"Maui","Pūʻali Komohana","Waikapū","Wet Forest",121
"Maui","Pūʻali Komohana","Waikapū","Wet Grassland",11
"Maui","Pūʻali Komohana","Waikapū","Wet Shrubland",118
"Maui","Pūʻali Komohana","Waikapū","Wetland",21
"Maui","Pūʻali Komohana","Wailuku","Agriculture",89
"Maui","Pūʻali Komohana","Wailuku","Developed",7340
"Maui","Pūʻali Komohana","Wailuku","Dry Forest",351
"Maui","Pūʻali Komohana","Wailuku","Dry Grassland",462
"Maui","Pūʻali Komohana","Wailuku","Dry Shrubland",156
"Maui","Pūʻali Komohana","Wailuku","Mesic Forest",218
"Maui","Pūʻali Komohana","Wailuku","Mesic Grassland",117
"Maui","Pūʻali Komohana","Wailuku","Mesic Shrubland",32
"Maui","Pūʻali Komohana","Wailuku","Not Vegetated",154
"Maui","Pūʻali Komohana","Wailuku","Wet Forest",285
"Maui","Pūʻali Komohana","Wailuku","Wet Grassland",33
"Maui","Pūʻali Komohana","Wailuku","Wet Shrubland",313
"Maui","Pūʻali Komohana","Wailuku","Wetland",23
"Molokaʻi","Kona","East ʻŌhiʻa","Developed",15
"Molokaʻi","Kona","East ʻŌhiʻa","Dry Forest",27
"Molokaʻi","Kona","East ʻŌhiʻa","Dry Shrubland",9
"Molokaʻi","Kona","East ʻŌhiʻa","Mesic Forest",36
"Molokaʻi","Kona","East ʻŌhiʻa","Mesic Shrubland",12
"Molokaʻi","Kona","East ʻŌhiʻa","Not Vegetated",1
"Molokaʻi","Kona","East ʻŌhiʻa","Wet Forest",16
"Molokaʻi","Kona","East ʻŌhiʻa","Wet Shrubland",6
"Molokaʻi","Kona","East ʻŌhiʻa","Wetland",2
"Molokaʻi","Kona","Honomuni","Developed",17
"Molokaʻi","Kona","Honomuni","Dry Forest",32
"Molokaʻi","Kona","Honomuni","Dry Grassland",5
"Molokaʻi","Kona","Honomuni","Dry Shrubland",21
"Molokaʻi","Kona","Honomuni","Mesic Forest",86
"Molokaʻi","Kona","Honomuni","Mesic Shrubland",31
"Molokaʻi","Kona","Honomuni","Not Vegetated",4
"Molokaʻi","Kona","Honomuni","Wet Forest",54
"Molokaʻi","Kona","Honomuni","Wet Shrubland",26
"Molokaʻi","Kona","Honomuni","Wetland",1
"Molokaʻi","Kona","Honoulimaloʻo","Developed",23
"Molokaʻi","Kona","Honoulimaloʻo","Dry Forest",76
"Molokaʻi","Kona","Honoulimaloʻo","Dry Grassland",36
"Molokaʻi","Kona","Honoulimaloʻo","Dry Shrubland",70
"Molokaʻi","Kona","Honoulimaloʻo","Mesic Forest",93
"Molokaʻi","Kona","Honoulimaloʻo","Mesic Shrubland",28
"Molokaʻi","Kona","Honoulimaloʻo","Not Vegetated",11
"Molokaʻi","Kona","Honoulimaloʻo","Wet Forest",12
"Molokaʻi","Kona","Honoulimaloʻo","Wet Shrubland",4
"Molokaʻi","Kona","Honouliwai","Agriculture",1
"Molokaʻi","Kona","Honouliwai","Developed",6
"Molokaʻi","Kona","Honouliwai","Dry Forest",54
"Molokaʻi","Kona","Honouliwai","Dry Grassland",12
"Molokaʻi","Kona","Honouliwai","Dry Shrubland",57
"Molokaʻi","Kona","Honouliwai","Mesic Forest",156
"Molokaʻi","Kona","Honouliwai","Mesic Grassland",4
"Molokaʻi","Kona","Honouliwai","Mesic Shrubland",40
"Molokaʻi","Kona","Honouliwai","Not Vegetated",1
"Molokaʻi","Kona","Honouliwai","Wet Forest",32
"Molokaʻi","Kona","Honouliwai","Wet Shrubland",8
"Molokaʻi","Kona","Hoʻolehua","Agriculture",19
"Molokaʻi","Kona","Hoʻolehua","Developed",434
"Molokaʻi","Kona","Hoʻolehua","Dry Forest",228
"Molokaʻi","Kona","Hoʻolehua","Dry Grassland",284
"Molokaʻi","Kona","Hoʻolehua","Dry Shrubland",293
"Molokaʻi","Kona","Hoʻolehua","Not Vegetated",20
"Molokaʻi","Kona","Hoʻolehua","Wetland",4
"Molokaʻi","Kona","Kahananui","Developed",5
"Molokaʻi","Kona","Kahananui","Dry Forest",19
"Molokaʻi","Kona","Kahananui","Dry Shrubland",11
"Molokaʻi","Kona","Kahananui","Mesic Forest",15
"Molokaʻi","Kona","Kahananui","Mesic Shrubland",6
"Molokaʻi","Kona","Kahananui","Wet Forest",3
"Molokaʻi","Kona","Kahananui","Wet Shrubland",6
"Molokaʻi","Kona","Kahananui","Wetland",1
"Molokaʻi","Kona","Kahanui","Agriculture",5
"Molokaʻi","Kona","Kahanui","Developed",360
"Molokaʻi","Kona","Kahanui","Dry Forest",245
"Molokaʻi","Kona","Kahanui","Dry Grassland",100
"Molokaʻi","Kona","Kahanui","Dry Shrubland",131
"Molokaʻi","Kona","Kahanui","Mesic Forest",214
"Molokaʻi","Kona","Kahanui","Mesic Grassland",31
"Molokaʻi","Kona","Kahanui","Mesic Shrubland",148
"Molokaʻi","Kona","Kahanui","N/A Forest",9
"Molokaʻi","Kona","Kahanui","Not Vegetated",14
"Molokaʻi","Kona","Kahanui","Wet Forest",92
"Molokaʻi","Kona","Kahanui","Wet Shrubland",53
"Molokaʻi","Kona","Kahanui","Wetland",35
"Molokaʻi","Kona","Kainalu","Developed",41
"Molokaʻi","Kona","Kainalu","Dry Forest",51
"Molokaʻi","Kona","Kainalu","Dry Grassland",26
"Molokaʻi","Kona","Kainalu","Dry Shrubland",31
"Molokaʻi","Kona","Kainalu","Mesic Forest",95
"Molokaʻi","Kona","Kainalu","Mesic Grassland",16
"Molokaʻi","Kona","Kainalu","Mesic Shrubland",57
"Molokaʻi","Kona","Kainalu","Not Vegetated",6
"Molokaʻi","Kona","Kainalu","Wet Forest",59
"Molokaʻi","Kona","Kainalu","Wet Grassland",3
"Molokaʻi","Kona","Kainalu","Wet Shrubland",62
"Molokaʻi","Kona","Kainalu","Wetland",3
"Molokaʻi","Kona","Kalamaʻula","Agriculture",3
"Molokaʻi","Kona","Kalamaʻula","Developed",260
"Molokaʻi","Kona","Kalamaʻula","Dry Forest",282
"Molokaʻi","Kona","Kalamaʻula","Dry Grassland",196
"Molokaʻi","Kona","Kalamaʻula","Dry Shrubland",282
"Molokaʻi","Kona","Kalamaʻula","Mesic Forest",301
"Molokaʻi","Kona","Kalamaʻula","Mesic Grassland",3
"Molokaʻi","Kona","Kalamaʻula","Mesic Shrubland",126
"Molokaʻi","Kona","Kalamaʻula","N/A Forest",25
"Molokaʻi","Kona","Kalamaʻula","Not Vegetated",178
"Molokaʻi","Kona","Kalamaʻula","Wetland",11
"Molokaʻi","Kona","Kaluako‘i","Agriculture",11
"Molokaʻi","Kona","Kaluako‘i","Developed",1649
"Molokaʻi","Kona","Kaluako‘i","Dry Forest",2547
"Molokaʻi","Kona","Kaluako‘i","Dry Grassland",3042
"Molokaʻi","Kona","Kaluako‘i","Dry Shrubland",2536
"Molokaʻi","Kona","Kaluako‘i","Not Vegetated",1241
"Molokaʻi","Kona","Kaluako‘i","Wetland",20
"Molokaʻi","Kona","Kalua‘aha","Developed",24
"Molokaʻi","Kona","Kalua‘aha","Dry Forest",138
"Molokaʻi","Kona","Kalua‘aha","Dry Grassland",19
"Molokaʻi","Kona","Kalua‘aha","Dry Shrubland",78
"Molokaʻi","Kona","Kalua‘aha","Mesic Forest",75
"Molokaʻi","Kona","Kalua‘aha","Mesic Grassland",5
"Molokaʻi","Kona","Kalua‘aha","Mesic Shrubland",16
"Molokaʻi","Kona","Kalua‘aha","Not Vegetated",3
"Molokaʻi","Kona","Kalua‘aha","Wet Forest",16
"Molokaʻi","Kona","Kalua‘aha","Wet Shrubland",3
"Molokaʻi","Kona","Kalua‘aha","Wetland",4
"Molokaʻi","Kona","Kamalō","Developed",91
"Molokaʻi","Kona","Kamalō","Dry Forest",201
"Molokaʻi","Kona","Kamalō","Dry Grassland",24
"Molokaʻi","Kona","Kamalō","Dry Shrubland",59
"Molokaʻi","Kona","Kamalō","Mesic Forest",21
"Molokaʻi","Kona","Kamalō","Mesic Grassland",17
"Molokaʻi","Kona","Kamalō","Mesic Shrubland",78
"Molokaʻi","Kona","Kamalō","Not Vegetated",36
"Molokaʻi","Kona","Kamalō","Wet Forest",31
"Molokaʻi","Kona","Kamalō","Wet Grassland",2
"Molokaʻi","Kona","Kamalō","Wet Shrubland",35
"Molokaʻi","Kona","Kamalō","Wetland",13
"Molokaʻi","Kona","Kamanoni","Developed",3
"Molokaʻi","Kona","Kamanoni","Dry Forest",6
"Molokaʻi","Kona","Kamanoni","Dry Grassland",4
"Molokaʻi","Kona","Kamanoni","Dry Shrubland",3
"Molokaʻi","Kona","Kamanoni","Mesic Forest",10
"Molokaʻi","Kona","Kamanoni","Mesic Grassland",2
"Molokaʻi","Kona","Kamanoni","Mesic Shrubland",7
"Molokaʻi","Kona","Kamiloloa","Developed",45
"Molokaʻi","Kona","Kamiloloa","Dry Forest",114
"Molokaʻi","Kona","Kamiloloa","Dry Grassland",50
"Molokaʻi","Kona","Kamiloloa","Dry Shrubland",55
"Molokaʻi","Kona","Kamiloloa","Mesic Forest",106
"Molokaʻi","Kona","Kamiloloa","Mesic Grassland",2
"Molokaʻi","Kona","Kamiloloa","Mesic Shrubland",85
"Molokaʻi","Kona","Kamiloloa","N/A Forest",11
"Molokaʻi","Kona","Kamiloloa","Not Vegetated",60
"Molokaʻi","Kona","Kamiloloa","Wet Forest",8
"Molokaʻi","Kona","Kamiloloa","Wet Shrubland",4
"Molokaʻi","Kona","Kamiloloa (Government)","Developed",122
"Molokaʻi","Kona","Kamiloloa (Government)","Dry Forest",118
"Molokaʻi","Kona","Kamiloloa (Government)","Dry Grassland",63
"Molokaʻi","Kona","Kamiloloa (Government)","Dry Shrubland",61
"Molokaʻi","Kona","Kamiloloa (Government)","Mesic Forest",128
"Molokaʻi","Kona","Kamiloloa (Government)","Mesic Grassland",3
"Molokaʻi","Kona","Kamiloloa (Government)","Mesic Shrubland",43
"Molokaʻi","Kona","Kamiloloa (Government)","N/A Forest",5
"Molokaʻi","Kona","Kamiloloa (Government)","Not Vegetated",14
"Molokaʻi","Kona","Kamiloloa (Government)","Wet Forest",16
"Molokaʻi","Kona","Kamiloloa (Government)","Wet Shrubland",2
"Molokaʻi","Kona","Kamiloloa (Government)","Wetland",3
"Molokaʻi","Kona","Kapa‘akea","Agriculture",1
"Molokaʻi","Kona","Kapa‘akea","Developed",43
"Molokaʻi","Kona","Kapa‘akea","Dry Forest",191
"Molokaʻi","Kona","Kapa‘akea","Dry Grassland",108
"Molokaʻi","Kona","Kapa‘akea","Dry Shrubland",178
"Molokaʻi","Kona","Kapa‘akea","Mesic Forest",30
"Molokaʻi","Kona","Kapa‘akea","Mesic Shrubland",16
"Molokaʻi","Kona","Kapa‘akea","N/A Forest",2
"Molokaʻi","Kona","Kapa‘akea","Not Vegetated",29
"Molokaʻi","Kona","Kapuaoko‘olau","Developed",18
"Molokaʻi","Kona","Kapuaoko‘olau","Dry Forest",52
"Molokaʻi","Kona","Kapuaoko‘olau","Dry Grassland",14
"Molokaʻi","Kona","Kapuaoko‘olau","Dry Shrubland",26
"Molokaʻi","Kona","Kapuaoko‘olau","Not Vegetated",13
"Molokaʻi","Kona","Kapuaoko‘olau","Wetland",5
"Molokaʻi","Kona","Kapulei","Developed",37
"Molokaʻi","Kona","Kapulei","Dry Forest",105
"Molokaʻi","Kona","Kapulei","Dry Grassland",3
"Molokaʻi","Kona","Kapulei","Dry Shrubland",68
"Molokaʻi","Kona","Kapulei","Mesic Forest",30
"Molokaʻi","Kona","Kapulei","Mesic Grassland",7
"Molokaʻi","Kona","Kapulei","Mesic Shrubland",47
"Molokaʻi","Kona","Kapulei","Not Vegetated",17
"Molokaʻi","Kona","Kapulei","Wet Forest",10
"Molokaʻi","Kona","Kapulei","Wet Grassland",2
"Molokaʻi","Kona","Kapulei","Wet Shrubland",36
"Molokaʻi","Kona","Kapulei","Wetland",13
"Molokaʻi","Kona","Kaunakakai","Agriculture",5
"Molokaʻi","Kona","Kaunakakai","Developed",469
"Molokaʻi","Kona","Kaunakakai","Dry Forest",284
"Molokaʻi","Kona","Kaunakakai","Dry Grassland",133
"Molokaʻi","Kona","Kaunakakai","Dry Shrubland",250
"Molokaʻi","Kona","Kaunakakai","Mesic Forest",212
"Molokaʻi","Kona","Kaunakakai","Mesic Grassland",2
"Molokaʻi","Kona","Kaunakakai","Mesic Shrubland",57
"Molokaʻi","Kona","Kaunakakai","N/A Forest",8
"Molokaʻi","Kona","Kaunakakai","Not Vegetated",87
"Molokaʻi","Kona","Kaunakakai","Wetland",10
"Molokaʻi","Kona","Kawela","Developed",188
"Molokaʻi","Kona","Kawela","Dry Forest",349
"Molokaʻi","Kona","Kawela","Dry Grassland",138
"Molokaʻi","Kona","Kawela","Dry Shrubland",159
"Molokaʻi","Kona","Kawela","Mesic Forest",221
"Molokaʻi","Kona","Kawela","Mesic Grassland",37
"Molokaʻi","Kona","Kawela","Mesic Shrubland",286
"Molokaʻi","Kona","Kawela","N/A Forest",14
"Molokaʻi","Kona","Kawela","Not Vegetated",84
"Molokaʻi","Kona","Kawela","Wet Forest",51
"Molokaʻi","Kona","Kawela","Wet Grassland",2
"Molokaʻi","Kona","Kawela","Wet Shrubland",67
"Molokaʻi","Kona","Kawela","Wetland",7
"Molokaʻi","Kona","Kaʻamola","Developed",61
"Molokaʻi","Kona","Kaʻamola","Dry Forest",82
"Molokaʻi","Kona","Kaʻamola","Dry Grassland",18
"Molokaʻi","Kona","Kaʻamola","Dry Shrubland",30
"Molokaʻi","Kona","Kaʻamola","Mesic Forest",12
"Molokaʻi","Kona","Kaʻamola","Mesic Shrubland",5
"Molokaʻi","Kona","Kaʻamola","Not Vegetated",4
"Molokaʻi","Kona","Kaʻamola","Wetland",8
"Molokaʻi","Kona","Ka‘ili‘ula","Developed",39
"Molokaʻi","Kona","Ka‘ili‘ula","Dry Forest",26
"Molokaʻi","Kona","Ka‘ili‘ula","Dry Grassland",4
"Molokaʻi","Kona","Ka‘ili‘ula","Dry Shrubland",16
"Molokaʻi","Kona","Ka‘ili‘ula","Mesic Forest",5
"Molokaʻi","Kona","Ka‘ili‘ula","Mesic Shrubland",6
"Molokaʻi","Kona","Ka‘ili‘ula","Not Vegetated",3
"Molokaʻi","Kona","Ka‘ili‘ula","Wetland",2
"Molokaʻi","Kona","Keawanui","Developed",16
"Molokaʻi","Kona","Keawanui","Dry Forest",46
"Molokaʻi","Kona","Keawanui","Dry Grassland",5
"Molokaʻi","Kona","Keawanui","Dry Shrubland",24
"Molokaʻi","Kona","Keawanui","Mesic Forest",20
"Molokaʻi","Kona","Keawanui","Mesic Shrubland",22
"Molokaʻi","Kona","Keawanui","Not Vegetated",1
"Molokaʻi","Kona","Keawanui","Wet Forest",1
"Molokaʻi","Kona","Keonekūʻino","Developed",1
"Molokaʻi","Kona","Keonekūʻino","Dry Forest",10
"Molokaʻi","Kona","Keonekūʻino","Dry Shrubland",1
"Molokaʻi","Kona","Keonekūʻino","Wetland",4
"Molokaʻi","Kona","Keōpukaloa","Developed",10
"Molokaʻi","Kona","Keōpukaloa","Dry Forest",86
"Molokaʻi","Kona","Keōpukaloa","Dry Grassland",37
"Molokaʻi","Kona","Keōpukaloa","Dry Shrubland",77
"Molokaʻi","Kona","Keōpukaloa","Mesic Forest",249
"Molokaʻi","Kona","Keōpukaloa","Mesic Grassland",4
"Molokaʻi","Kona","Keōpukaloa","Mesic Shrubland",41
"Molokaʻi","Kona","Keōpukaloa","Not Vegetated",18
"Molokaʻi","Kona","Keōpukaloa","Wet Forest",46
"Molokaʻi","Kona","Keōpukaloa","Wet Shrubland",15
"Molokaʻi","Kona","Keōpukaloa","Wetland",1
"Molokaʻi","Kona","Keōpukaʻuʻuku","Developed",3
"Molokaʻi","Kona","Keōpukaʻuʻuku","Dry Forest",52
"Molokaʻi","Kona","Keōpukaʻuʻuku","Dry Grassland",27
"Molokaʻi","Kona","Keōpukaʻuʻuku","Dry Shrubland",40
"Molokaʻi","Kona","Keōpukaʻuʻuku","Mesic Forest",36
"Molokaʻi","Kona","Keōpukaʻuʻuku","Mesic Shrubland",9
"Molokaʻi","Kona","Keōpukaʻuʻuku","Not Vegetated",9
"Molokaʻi","Kona","Kumimi","Agriculture",1
"Molokaʻi","Kona","Kumimi","Developed",9
"Molokaʻi","Kona","Kumimi","Dry Forest",16
"Molokaʻi","Kona","Kumimi","Dry Grassland",4
"Molokaʻi","Kona","Kumimi","Dry Shrubland",15
"Molokaʻi","Kona","Kumimi","Not Vegetated",6
"Molokaʻi","Kona","Kumimi","Wetland",2
"Molokaʻi","Kona","Kïauea","Not Vegetated",1
"Molokaʻi","Kona","Kīpū","Developed",25
"Molokaʻi","Kona","Kīpū","Dry Forest",36
"Molokaʻi","Kona","Kīpū","Dry Grassland",34
"Molokaʻi","Kona","Kīpū","Dry Shrubland",81
"Molokaʻi","Kona","Kīpū","Mesic Forest",1
"Molokaʻi","Kona","Kūpeke","Developed",9
"Molokaʻi","Kona","Kūpeke","Dry Forest",49
"Molokaʻi","Kona","Kūpeke","Dry Grassland",11
"Molokaʻi","Kona","Kūpeke","Dry Shrubland",29
"Molokaʻi","Kona","Kūpeke","Mesic Forest",14
"Molokaʻi","Kona","Kūpeke","Mesic Shrubland",8
"Molokaʻi","Kona","Kūpeke","Wet Forest",4
"Molokaʻi","Kona","Kūpeke","Wet Shrubland",6
"Molokaʻi","Kona","Kūpeke","Wetland",1
"Molokaʻi","Kona","Lūpehu","Developed",9
"Molokaʻi","Kona","Lūpehu","Dry Forest",48
"Molokaʻi","Kona","Lūpehu","Dry Grassland",21
"Molokaʻi","Kona","Lūpehu","Dry Shrubland",50
"Molokaʻi","Kona","Lūpehu","Mesic Forest",109
"Molokaʻi","Kona","Lūpehu","Mesic Grassland",4
"Molokaʻi","Kona","Lūpehu","Mesic Shrubland",35
"Molokaʻi","Kona","Lūpehu","Not Vegetated",4
"Molokaʻi","Kona","Makakupa‘ia","Developed",42
"Molokaʻi","Kona","Makakupa‘ia","Dry Forest",106
"Molokaʻi","Kona","Makakupa‘ia","Dry Grassland",7
"Molokaʻi","Kona","Makakupa‘ia","Dry Shrubland",26
"Molokaʻi","Kona","Makakupa‘ia","Mesic Forest",101
"Molokaʻi","Kona","Makakupa‘ia","Mesic Shrubland",116
"Molokaʻi","Kona","Makakupa‘ia","N/A Forest",14
"Molokaʻi","Kona","Makakupa‘ia","Not Vegetated",51
"Molokaʻi","Kona","Makakupa‘ia","Wet Forest",40
"Molokaʻi","Kona","Makakupa‘ia","Wet Shrubland",10
"Molokaʻi","Kona","Makakupa‘ia","Wetland",3
"Molokaʻi","Kona","Manawai","Developed",3
"Molokaʻi","Kona","Manawai","Dry Forest",26
"Molokaʻi","Kona","Manawai","Dry Grassland",1
"Molokaʻi","Kona","Manawai","Dry Shrubland",11
"Molokaʻi","Kona","Manawai","Mesic Forest",18
"Molokaʻi","Kona","Manawai","Mesic Shrubland",18
"Molokaʻi","Kona","Manawai","Not Vegetated",2
"Molokaʻi","Kona","Manawai","Wet Forest",12
"Molokaʻi","Kona","Manawai","Wet Shrubland",6
"Molokaʻi","Kona","Manawai","Wetland",3
"Molokaʻi","Kona","Mapulehu","Developed",18
"Molokaʻi","Kona","Mapulehu","Dry Forest",124
"Molokaʻi","Kona","Mapulehu","Dry Grassland",5
"Molokaʻi","Kona","Mapulehu","Dry Shrubland",41
"Molokaʻi","Kona","Mapulehu","Mesic Forest",86
"Molokaʻi","Kona","Mapulehu","Mesic Grassland",2
"Molokaʻi","Kona","Mapulehu","Mesic Shrubland",11
"Molokaʻi","Kona","Mapulehu","Not Vegetated",1
"Molokaʻi","Kona","Mapulehu","Wet Forest",118
"Molokaʻi","Kona","Mapulehu","Wet Shrubland",19
"Molokaʻi","Kona","Mapulehu","Wetland",9
"Molokaʻi","Kona","Moakea","Agriculture",1
"Molokaʻi","Kona","Moakea","Developed",4
"Molokaʻi","Kona","Moakea","Dry Forest",81
"Molokaʻi","Kona","Moakea","Dry Grassland",42
"Molokaʻi","Kona","Moakea","Dry Shrubland",73
"Molokaʻi","Kona","Moakea","Mesic Forest",152
"Molokaʻi","Kona","Moakea","Mesic Grassland",7
"Molokaʻi","Kona","Moakea","Mesic Shrubland",21
"Molokaʻi","Kona","Moakea","Not Vegetated",6
"Molokaʻi","Kona","Moakea","Wet Forest",4
"Molokaʻi","Kona","Moanui","Agriculture",1
"Molokaʻi","Kona","Moanui","Developed",10
"Molokaʻi","Kona","Moanui","Dry Forest",37
"Molokaʻi","Kona","Moanui","Dry Grassland",10
"Molokaʻi","Kona","Moanui","Dry Shrubland",34
"Molokaʻi","Kona","Moanui","Mesic Forest",99
"Molokaʻi","Kona","Moanui","Mesic Grassland",2
"Molokaʻi","Kona","Moanui","Mesic Shrubland",33
"Molokaʻi","Kona","Moanui","Not Vegetated",3
"Molokaʻi","Kona","Moanui","Wet Forest",39
"Molokaʻi","Kona","Moanui","Wet Shrubland",24
"Molokaʻi","Kona","Moanui","Wetland",1
"Molokaʻi","Kona","Mākolelau","Developed",9
"Molokaʻi","Kona","Mākolelau","Dry Forest",100
"Molokaʻi","Kona","Mākolelau","Dry Grassland",23
"Molokaʻi","Kona","Mākolelau","Dry Shrubland",44
"Molokaʻi","Kona","Mākolelau","Mesic Forest",5
"Molokaʻi","Kona","Mākolelau","Mesic Grassland",9
"Molokaʻi","Kona","Mākolelau","Mesic Shrubland",35
"Molokaʻi","Kona","Mākolelau","Not Vegetated",13
"Molokaʻi","Kona","Mākolelau","Wetland",3
"Molokaʻi","Kona","Nihoa","Dry Forest",15
"Molokaʻi","Kona","Nihoa","Dry Grassland",4
"Molokaʻi","Kona","Nihoa","Dry Shrubland",9
"Molokaʻi","Kona","Nihoa","Mesic Forest",1
"Molokaʻi","Kona","Nihoa","Not Vegetated",2
"Molokaʻi","Kona","Nāʻiwa","Agriculture",41
"Molokaʻi","Kona","Nāʻiwa","Developed",632
"Molokaʻi","Kona","Nāʻiwa","Dry Forest",370
"Molokaʻi","Kona","Nāʻiwa","Dry Grassland",285
"Molokaʻi","Kona","Nāʻiwa","Dry Shrubland",406
"Molokaʻi","Kona","Nāʻiwa","Mesic Forest",25
"Molokaʻi","Kona","Nāʻiwa","Mesic Grassland",13
"Molokaʻi","Kona","Nāʻiwa","Mesic Shrubland",28
"Molokaʻi","Kona","Nāʻiwa","Not Vegetated",66
"Molokaʻi","Kona","Nāʻiwa","Wetland",9
"Molokaʻi","Kona","Puaʻahala","Developed",10
"Molokaʻi","Kona","Puaʻahala","Dry Forest",54
"Molokaʻi","Kona","Puaʻahala","Dry Grassland",3
"Molokaʻi","Kona","Puaʻahala","Dry Shrubland",26
"Molokaʻi","Kona","Puaʻahala","Mesic Forest",11
"Molokaʻi","Kona","Puaʻahala","Mesic Shrubland",21
"Molokaʻi","Kona","Puaʻahala","Not Vegetated",4
"Molokaʻi","Kona","Puaʻahala","Wet Forest",1
"Molokaʻi","Kona","Puaʻahala","Wetland",6
"Molokaʻi","Kona","Puna‘ula","Developed",2
"Molokaʻi","Kona","Puna‘ula","Dry Forest",25
"Molokaʻi","Kona","Puna‘ula","Dry Grassland",1
"Molokaʻi","Kona","Puna‘ula","Dry Shrubland",15
"Molokaʻi","Kona","Puna‘ula","Mesic Forest",24
"Molokaʻi","Kona","Puna‘ula","Mesic Shrubland",3
"Molokaʻi","Kona","Puna‘ula","Wet Forest",12
"Molokaʻi","Kona","Puna‘ula","Wet Shrubland",9
"Molokaʻi","Kona","Puna‘ula","Wetland",3
"Molokaʻi","Kona","Pālāʻau","Agriculture",68
"Molokaʻi","Kona","Pālāʻau","Developed",672
"Molokaʻi","Kona","Pālāʻau","Dry Forest",493
"Molokaʻi","Kona","Pālāʻau","Dry Grassland",898
"Molokaʻi","Kona","Pālāʻau","Dry Shrubland",801
"Molokaʻi","Kona","Pālāʻau","Mesic Forest",1
"Molokaʻi","Kona","Pālāʻau","Mesic Grassland",4
"Molokaʻi","Kona","Pālāʻau","Mesic Shrubland",2
"Molokaʻi","Kona","Pālāʻau","Not Vegetated",250
"Molokaʻi","Kona","Pālāʻau","Wetland",6
"Molokaʻi","Kona","Pōhakupili","Developed",3
"Molokaʻi","Kona","Pōhakupili","Dry Forest",31
"Molokaʻi","Kona","Pōhakupili","Dry Grassland",14
"Molokaʻi","Kona","Pōhakupili","Dry Shrubland",28
"Molokaʻi","Kona","Pōhakupili","Mesic Forest",70
"Molokaʻi","Kona","Pōhakupili","Mesic Grassland",8
"Molokaʻi","Kona","Pōhakupili","Mesic Shrubland",32
"Molokaʻi","Kona","Pōhakupili","Not Vegetated",5
"Molokaʻi","Kona","Pūkoʻo 1","Developed",29
"Molokaʻi","Kona","Pūkoʻo 1","Dry Forest",56
"Molokaʻi","Kona","Pūkoʻo 1","Dry Grassland",29
"Molokaʻi","Kona","Pūkoʻo 1","Dry Shrubland",48
"Molokaʻi","Kona","Pūkoʻo 1","Mesic Forest",34
"Molokaʻi","Kona","Pūkoʻo 1","Mesic Shrubland",8
"Molokaʻi","Kona","Pūkoʻo 1","Not Vegetated",3
"Molokaʻi","Kona","Pūkoʻo 1","Wet Forest",4
"Molokaʻi","Kona","Pūkoʻo 1","Wet Shrubland",10
"Molokaʻi","Kona","Pūkoʻo 1","Wetland",3
"Molokaʻi","Kona","Pūkoʻo 2","Developed",9
"Molokaʻi","Kona","Pūkoʻo 2","Dry Forest",23
"Molokaʻi","Kona","Pūkoʻo 2","Dry Grassland",3
"Molokaʻi","Kona","Pūkoʻo 2","Dry Shrubland",7
"Molokaʻi","Kona","Pūkoʻo 2","Not Vegetated",3
"Molokaʻi","Kona","Pūkoʻo 2","Wetland",1
"Molokaʻi","Kona","Pūniuʻōhua 1","Developed",8
"Molokaʻi","Kona","Pūniuʻōhua 1","Dry Forest",24
"Molokaʻi","Kona","Pūniuʻōhua 1","Dry Grassland",6
"Molokaʻi","Kona","Pūniuʻōhua 1","Dry Shrubland",8
"Molokaʻi","Kona","Pūniuʻōhua 1","Mesic Forest",17
"Molokaʻi","Kona","Pūniuʻōhua 1","Mesic Grassland",7
"Molokaʻi","Kona","Pūniuʻōhua 1","Mesic Shrubland",11
"Molokaʻi","Kona","Pūniuʻōhua 1","Not Vegetated",2
"Molokaʻi","Kona","Pūniuʻōhua 2","Developed",3
"Molokaʻi","Kona","Pūniuʻōhua 2","Dry Forest",16
"Molokaʻi","Kona","Pūniuʻōhua 2","Dry Grassland",3
"Molokaʻi","Kona","Pūniuʻōhua 2","Dry Shrubland",12
"Molokaʻi","Kona","Pūniuʻōhua 2","Mesic Forest",26
"Molokaʻi","Kona","Pūniuʻōhua 2","Mesic Grassland",8
"Molokaʻi","Kona","Pūniuʻōhua 2","Mesic Shrubland",18
"Molokaʻi","Kona","Pūniuʻōhua 2","Wetland",1
"Molokaʻi","Kona","Pūʻelelū","Developed",10
"Molokaʻi","Kona","Pūʻelelū","Dry Forest",26
"Molokaʻi","Kona","Pūʻelelū","Dry Grassland",8
"Molokaʻi","Kona","Pūʻelelū","Dry Shrubland",10
"Molokaʻi","Kona","Pūʻelelū","Mesic Forest",24
"Molokaʻi","Kona","Pūʻelelū","Mesic Grassland",5
"Molokaʻi","Kona","Pūʻelelū","Mesic Shrubland",11
"Molokaʻi","Kona","Pūʻelelū","Not Vegetated",6
"Molokaʻi","Kona","Pūʻelelū","Wetland",1
"Molokaʻi","Kona","Waialua","Developed",31
"Molokaʻi","Kona","Waialua","Dry Forest",59
"Molokaʻi","Kona","Waialua","Dry Grassland",24
"Molokaʻi","Kona","Waialua","Dry Shrubland",68
"Molokaʻi","Kona","Waialua","Mesic Forest",196
"Molokaʻi","Kona","Waialua","Mesic Grassland",8
"Molokaʻi","Kona","Waialua","Mesic Shrubland",64
"Molokaʻi","Kona","Waialua","Not Vegetated",4
"Molokaʻi","Kona","Waialua","Wet Forest",63
"Molokaʻi","Kona","Waialua","Wet Shrubland",32
"Molokaʻi","Kona","Waialua","Wetland",2
"Molokaʻi","Kona","West ʻŌhiʻa","Developed",7
"Molokaʻi","Kona","West ʻŌhiʻa","Dry Forest",45
"Molokaʻi","Kona","West ʻŌhiʻa","Dry Grassland",1
"Molokaʻi","Kona","West ʻŌhiʻa","Dry Shrubland",18
"Molokaʻi","Kona","West ʻŌhiʻa","Mesic Forest",17
"Molokaʻi","Kona","West ʻŌhiʻa","Mesic Shrubland",8
"Molokaʻi","Kona","West ʻŌhiʻa","Wet Forest",3
"Molokaʻi","Kona","West ʻŌhiʻa","Wetland",4
"Molokaʻi","Kona","‘Aha‘ino 1","Developed",1
"Molokaʻi","Kona","‘Aha‘ino 1","Dry Forest",32
"Molokaʻi","Kona","‘Aha‘ino 1","Dry Grassland",7
"Molokaʻi","Kona","‘Aha‘ino 1","Dry Shrubland",25
"Molokaʻi","Kona","‘Aha‘ino 1","Mesic Forest",15
"Molokaʻi","Kona","‘Aha‘ino 1","Mesic Shrubland",11
"Molokaʻi","Kona","‘Aha‘ino 1","Wet Forest",17
"Molokaʻi","Kona","‘Aha‘ino 1","Wet Shrubland",15
"Molokaʻi","Kona","‘Aha‘ino 2","Developed",32
"Molokaʻi","Kona","‘Aha‘ino 2","Dry Forest",31
"Molokaʻi","Kona","‘Aha‘ino 2","Dry Grassland",9
"Molokaʻi","Kona","‘Aha‘ino 2","Dry Shrubland",18
"Molokaʻi","Kona","‘Aha‘ino 2","Mesic Forest",39
"Molokaʻi","Kona","‘Aha‘ino 2","Mesic Shrubland",14
"Molokaʻi","Kona","‘Aha‘ino 2","Not Vegetated",2
"Molokaʻi","Kona","‘Aha‘ino 2","Wet Forest",12
"Molokaʻi","Kona","‘Aha‘ino 2","Wet Shrubland",7
"Molokaʻi","Kona","‘Aha‘ino 2","Wetland",1
"Molokaʻi","Kona","‘Ualapu‘e","Agriculture",3
"Molokaʻi","Kona","‘Ualapu‘e","Developed",58
"Molokaʻi","Kona","‘Ualapu‘e","Dry Forest",102
"Molokaʻi","Kona","‘Ualapu‘e","Dry Grassland",1
"Molokaʻi","Kona","‘Ualapu‘e","Dry Shrubland",88
"Molokaʻi","Kona","‘Ualapu‘e","Mesic Forest",22
"Molokaʻi","Kona","‘Ualapu‘e","Mesic Shrubland",16
"Molokaʻi","Kona","‘Ualapu‘e","Not Vegetated",2
"Molokaʻi","Kona","‘Ualapu‘e","Wet Forest",15
"Molokaʻi","Kona","‘Ualapu‘e","Wet Shrubland",6
"Molokaʻi","Kona","‘Ualapu‘e","Wetland",2
"Molokaʻi","Kona","‘Ïloli","Developed",12
"Molokaʻi","Kona","‘Ïloli","Dry Forest",7
"Molokaʻi","Kona","‘Ïloli","Dry Grassland",7
"Molokaʻi","Kona","‘Ïloli","Dry Shrubland",5
"Molokaʻi","Kona","‘Ïloli","Mesic Forest",38
"Molokaʻi","Kona","‘Ïloli","Mesic Grassland",5
"Molokaʻi","Kona","‘Ïloli","Mesic Shrubland",20
"Molokaʻi","Kona","‘Ïloli","Not Vegetated",4
"Molokaʻi","Kona","‘Ïloli","Wetland",2
"Molokaʻi","Koʻolau","Hālawa","Developed",14
"Molokaʻi","Koʻolau","Hālawa","Dry Forest",118
"Molokaʻi","Koʻolau","Hālawa","Dry Grassland",16
"Molokaʻi","Koʻolau","Hālawa","Dry Shrubland",47
"Molokaʻi","Koʻolau","Hālawa","Mesic Forest",1039
"Molokaʻi","Koʻolau","Hālawa","Mesic Grassland",33
"Molokaʻi","Koʻolau","Hālawa","Mesic Shrubland",329
"Molokaʻi","Koʻolau","Hālawa","Not Vegetated",49
"Molokaʻi","Koʻolau","Hālawa","Wet Forest",692
"Molokaʻi","Koʻolau","Hālawa","Wet Grassland",16
"Molokaʻi","Koʻolau","Hālawa","Wet Shrubland",372
"Molokaʻi","Koʻolau","Hālawa","Wetland",2
"Molokaʻi","Koʻolau","Kaiamiki","Mesic Forest",30
"Molokaʻi","Koʻolau","Kaiamiki","Mesic Grassland",2
"Molokaʻi","Koʻolau","Kaiamiki","Mesic Shrubland",5
"Molokaʻi","Koʻolau","Kalaupapa","Developed",115
"Molokaʻi","Koʻolau","Kalaupapa","Dry Forest",53
"Molokaʻi","Koʻolau","Kalaupapa","Dry Grassland",37
"Molokaʻi","Koʻolau","Kalaupapa","Dry Shrubland",38
"Molokaʻi","Koʻolau","Kalaupapa","Mesic Forest",38
"Molokaʻi","Koʻolau","Kalaupapa","Mesic Grassland",11
"Molokaʻi","Koʻolau","Kalaupapa","Mesic Shrubland",45
"Molokaʻi","Koʻolau","Kalaupapa","Not Vegetated",35
"Molokaʻi","Koʻolau","Kalaupapa","Wetland",1
"Molokaʻi","Koʻolau","Kalawao","Coastal Strand",20
"Molokaʻi","Koʻolau","Kalawao","Developed",53
"Molokaʻi","Koʻolau","Kalawao","Dry Forest",25
"Molokaʻi","Koʻolau","Kalawao","Dry Grassland",11
"Molokaʻi","Koʻolau","Kalawao","Dry Shrubland",4
"Molokaʻi","Koʻolau","Kalawao","Mesic Forest",123
"Molokaʻi","Koʻolau","Kalawao","Mesic Grassland",8
"Molokaʻi","Koʻolau","Kalawao","Mesic Shrubland",79
"Molokaʻi","Koʻolau","Kalawao","Not Vegetated",21
"Molokaʻi","Koʻolau","Kalawao","Wet Forest",5
"Molokaʻi","Koʻolau","Kalawao","Wet Shrubland",11
"Molokaʻi","Koʻolau","Kīloa","Dry Shrubland",1
"Molokaʻi","Koʻolau","Kīloa","Mesic Forest",32
"Molokaʻi","Koʻolau","Kīloa","Mesic Grassland",7
"Molokaʻi","Koʻolau","Kīloa","Mesic Shrubland",15
"Molokaʻi","Koʻolau","Kīloa","Wet Shrubland",1
"Molokaʻi","Koʻolau","Makanalua","Developed",114
"Molokaʻi","Koʻolau","Makanalua","Dry Forest",19
"Molokaʻi","Koʻolau","Makanalua","Dry Grassland",35
"Molokaʻi","Koʻolau","Makanalua","Dry Shrubland",16
"Molokaʻi","Koʻolau","Makanalua","Mesic Forest",260
"Molokaʻi","Koʻolau","Makanalua","Mesic Grassland",5
"Molokaʻi","Koʻolau","Makanalua","Mesic Shrubland",39
"Molokaʻi","Koʻolau","Makanalua","Not Vegetated",39
"Molokaʻi","Koʻolau","Makanalua","Wetland",2
"Molokaʻi","Koʻolau","Pelekunu","Dry Forest",19
"Molokaʻi","Koʻolau","Pelekunu","Dry Shrubland",1
"Molokaʻi","Koʻolau","Pelekunu","Mesic Forest",487
"Molokaʻi","Koʻolau","Pelekunu","Mesic Grassland",42
"Molokaʻi","Koʻolau","Pelekunu","Mesic Shrubland",180
"Molokaʻi","Koʻolau","Pelekunu","Not Vegetated",17
"Molokaʻi","Koʻolau","Pelekunu","Wet Forest",320
"Molokaʻi","Koʻolau","Pelekunu","Wet Grassland",13
"Molokaʻi","Koʻolau","Pelekunu","Wet Shrubland",276
"Molokaʻi","Koʻolau","Waikolu","Developed",4
"Molokaʻi","Koʻolau","Waikolu","Dry Forest",22
"Molokaʻi","Koʻolau","Waikolu","Mesic Forest",259
"Molokaʻi","Koʻolau","Waikolu","Mesic Grassland",40
"Molokaʻi","Koʻolau","Waikolu","Mesic Shrubland",173
"Molokaʻi","Koʻolau","Waikolu","N/A Forest",1
"Molokaʻi","Koʻolau","Waikolu","Not Vegetated",13
"Molokaʻi","Koʻolau","Waikolu","Wet Forest",122
"Molokaʻi","Koʻolau","Waikolu","Wet Grassland",11
"Molokaʻi","Koʻolau","Waikolu","Wet Shrubland",232
"Molokaʻi","Koʻolau","Waikolu","Wetland",1
"Molokaʻi","Koʻolau","Wailau","Dry Forest",20
"Molokaʻi","Koʻolau","Wailau","Dry Shrubland",5
"Molokaʻi","Koʻolau","Wailau","Mesic Forest",371
"Molokaʻi","Koʻolau","Wailau","Mesic Grassland",39
"Molokaʻi","Koʻolau","Wailau","Mesic Shrubland",35
"Molokaʻi","Koʻolau","Wailau","Not Vegetated",17
"Molokaʻi","Koʻolau","Wailau","Wet Forest",803
"Molokaʻi","Koʻolau","Wailau","Wet Grassland",20
"Molokaʻi","Koʻolau","Wailau","Wet Shrubland",364
"Molokaʻi","Koʻolau","Wailau","Wetland",1
"Molokaʻi","Koʻolau","Wawaeolepe","Dry Shrubland",1
"Molokaʻi","Koʻolau","Wawaeolepe","Mesic Forest",28
"Molokaʻi","Koʻolau","Wawaeolepe","Mesic Grassland",2
"Molokaʻi","Koʻolau","Wawaeolepe","Mesic Shrubland",3
"Molokaʻi","Koʻolau","Wawaeolepe","Wet Forest",4
"Molokaʻi","Koʻolau","Wawaeolepe","Wet Shrubland",3
"Molokini","Honuaʻula","N/A","Dry Grassland",7
"Molokini","Honuaʻula","N/A","Dry Shrubland",8
"Molokini","Honuaʻula","N/A","Not Vegetated",5
"Niʻihau","Kona","Waimea","Developed",420
"Niʻihau","Kona","Waimea","Dry Forest",1461
"Niʻihau","Kona","Waimea","Dry Grassland",81
"Niʻihau","Kona","Waimea","Dry Shrubland",1999
"Niʻihau","Kona","Waimea","Mesic Shrubland",274
"Niʻihau","Kona","Waimea","Not Vegetated",709
"Niʻihau","Kona","Waimea","Wetland",28
"Oʻahu","Kona","Honolulu","Developed",3246
"Oʻahu","Kona","Honolulu","Dry Forest",25
"Oʻahu","Kona","Honolulu","Dry Grassland",16
"Oʻahu","Kona","Honolulu","Dry Shrubland",19
"Oʻahu","Kona","Honolulu","Mesic Forest",107
"Oʻahu","Kona","Honolulu","Mesic Grassland",66
"Oʻahu","Kona","Honolulu","Mesic Shrubland",64
"Oʻahu","Kona","Honolulu","N/A Forest",43
"Oʻahu","Kona","Honolulu","Not Vegetated",53
"Oʻahu","Kona","Honolulu","Wet Forest",314
"Oʻahu","Kona","Honolulu","Wet Grassland",40
"Oʻahu","Kona","Honolulu","Wet Shrubland",48
"Oʻahu","Kona","Honolulu","Wetland",9
"Oʻahu","Kona","Kahauiki","Developed",461
"Oʻahu","Kona","Kahauiki","Dry Forest",32
"Oʻahu","Kona","Kahauiki","Dry Grassland",11
"Oʻahu","Kona","Kahauiki","Dry Shrubland",19
"Oʻahu","Kona","Kahauiki","Mesic Forest",32
"Oʻahu","Kona","Kahauiki","Mesic Grassland",14
"Oʻahu","Kona","Kahauiki","Mesic Shrubland",27
"Oʻahu","Kona","Kahauiki","N/A Forest",2
"Oʻahu","Kona","Kahauiki","Not Vegetated",21
"Oʻahu","Kona","Kahauiki","Wet Forest",66
"Oʻahu","Kona","Kalihi","Developed",1323
"Oʻahu","Kona","Kalihi","Dry Forest",7
"Oʻahu","Kona","Kalihi","Dry Shrubland",1
"Oʻahu","Kona","Kalihi","Mesic Forest",24
"Oʻahu","Kona","Kalihi","Mesic Grassland",11
"Oʻahu","Kona","Kalihi","Mesic Shrubland",59
"Oʻahu","Kona","Kalihi","N/A Forest",30
"Oʻahu","Kona","Kalihi","Not Vegetated",32
"Oʻahu","Kona","Kalihi","Wet Forest",215
"Oʻahu","Kona","Kalihi","Wet Grassland",1
"Oʻahu","Kona","Kalihi","Wet Shrubland",50
"Oʻahu","Kona","Kapālama","Developed",772
"Oʻahu","Kona","Kapālama","Dry Forest",8
"Oʻahu","Kona","Kapālama","Dry Shrubland",3
"Oʻahu","Kona","Kapālama","Mesic Forest",21
"Oʻahu","Kona","Kapālama","Mesic Grassland",3
"Oʻahu","Kona","Kapālama","Mesic Shrubland",15
"Oʻahu","Kona","Kapālama","N/A Forest",6
"Oʻahu","Kona","Kapālama","Not Vegetated",17
"Oʻahu","Kona","Kapālama","Wet Forest",15
"Oʻahu","Kona","Kapālama","Wet Shrubland",2
"Oʻahu","Kona","Kuliʻouʻou","Developed",244
"Oʻahu","Kona","Kuliʻouʻou","Dry Forest",7
"Oʻahu","Kona","Kuliʻouʻou","Dry Grassland",21
"Oʻahu","Kona","Kuliʻouʻou","Dry Shrubland",30
"Oʻahu","Kona","Kuliʻouʻou","Mesic Forest",6
"Oʻahu","Kona","Kuliʻouʻou","Mesic Shrubland",1
"Oʻahu","Kona","Kuliʻouʻou","N/A Forest",2
"Oʻahu","Kona","Kuliʻouʻou","Wet Forest",5
"Oʻahu","Kona","Kuliʻouʻou","Wet Shrubland",11
"Oʻahu","Kona","Kuliʻouʻou","Wetland",1
"Oʻahu","Kona","Maunalua","Agriculture",8
"Oʻahu","Kona","Maunalua","Developed",2836
"Oʻahu","Kona","Maunalua","Dry Forest",307
"Oʻahu","Kona","Maunalua","Dry Grassland",326
"Oʻahu","Kona","Maunalua","Dry Shrubland",316
"Oʻahu","Kona","Maunalua","Mesic Forest",7
"Oʻahu","Kona","Maunalua","Mesic Grassland",2
"Oʻahu","Kona","Maunalua","Mesic Shrubland",3
"Oʻahu","Kona","Maunalua","N/A Forest",4
"Oʻahu","Kona","Maunalua","Not Vegetated",83
"Oʻahu","Kona","Maunalua","Wet Forest",1
"Oʻahu","Kona","Maunalua","Wetland",23
"Oʻahu","Kona","Moanalua","Developed",4126
"Oʻahu","Kona","Moanalua","Dry Forest",75
"Oʻahu","Kona","Moanalua","Dry Grassland",122
"Oʻahu","Kona","Moanalua","Dry Shrubland",70
"Oʻahu","Kona","Moanalua","Mesic Forest",47
"Oʻahu","Kona","Moanalua","Mesic Grassland",6
"Oʻahu","Kona","Moanalua","Mesic Shrubland",58
"Oʻahu","Kona","Moanalua","N/A Forest",1
"Oʻahu","Kona","Moanalua","Not Vegetated",16
"Oʻahu","Kona","Moanalua","Wet Forest",535
"Oʻahu","Kona","Moanalua","Wet Shrubland",46
"Oʻahu","Kona","Moanalua","Wetland",10
"Oʻahu","Kona","Waikīkī","Developed",7897
"Oʻahu","Kona","Waikīkī","Dry Forest",208
"Oʻahu","Kona","Waikīkī","Dry Grassland",183
"Oʻahu","Kona","Waikīkī","Dry Shrubland",197
"Oʻahu","Kona","Waikīkī","Mesic Forest",61
"Oʻahu","Kona","Waikīkī","Mesic Grassland",43
"Oʻahu","Kona","Waikīkī","Mesic Shrubland",135
"Oʻahu","Kona","Waikīkī","N/A Forest",13
"Oʻahu","Kona","Waikīkī","Not Vegetated",89
"Oʻahu","Kona","Waikīkī","Wet Forest",499
"Oʻahu","Kona","Waikīkī","Wet Grassland",12
"Oʻahu","Kona","Waikīkī","Wet Shrubland",194
"Oʻahu","Kona","Waikīkī","Wetland",8
"Oʻahu","Koʻolauloa","Haleʻaha","Agriculture",14
"Oʻahu","Koʻolauloa","Haleʻaha","Developed",47
"Oʻahu","Koʻolauloa","Haleʻaha","Mesic Forest",5
"Oʻahu","Koʻolauloa","Haleʻaha","Mesic Grassland",9
"Oʻahu","Koʻolauloa","Haleʻaha","Mesic Shrubland",1
"Oʻahu","Koʻolauloa","Hanakaʻoe","Agriculture",1
"Oʻahu","Koʻolauloa","Hanakaʻoe","Developed",116
"Oʻahu","Koʻolauloa","Hanakaʻoe","Dry Forest",40
"Oʻahu","Koʻolauloa","Hanakaʻoe","Dry Grassland",35
"Oʻahu","Koʻolauloa","Hanakaʻoe","Dry Shrubland",29
"Oʻahu","Koʻolauloa","Hanakaʻoe","Mesic Forest",52
"Oʻahu","Koʻolauloa","Hanakaʻoe","Mesic Grassland",28
"Oʻahu","Koʻolauloa","Hanakaʻoe","Mesic Shrubland",24
"Oʻahu","Koʻolauloa","Hanakaʻoe","N/A Forest",5
"Oʻahu","Koʻolauloa","Hanakaʻoe","Not Vegetated",9
"Oʻahu","Koʻolauloa","Hanakaʻoe","Wet Forest",2
"Oʻahu","Koʻolauloa","Hanakaʻoe","Wet Shrubland",3
"Oʻahu","Koʻolauloa","Hanakaʻoe","Wetland",1
"Oʻahu","Koʻolauloa","Hauʻula","Developed",244
"Oʻahu","Koʻolauloa","Hauʻula","Dry Forest",5
"Oʻahu","Koʻolauloa","Hauʻula","Mesic Forest",28
"Oʻahu","Koʻolauloa","Hauʻula","Mesic Grassland",37
"Oʻahu","Koʻolauloa","Hauʻula","Mesic Shrubland",36
"Oʻahu","Koʻolauloa","Hauʻula","N/A Forest",3
"Oʻahu","Koʻolauloa","Hauʻula","Wet Forest",148
"Oʻahu","Koʻolauloa","Hauʻula","Wet Shrubland",80
"Oʻahu","Koʻolauloa","Kahana","Agriculture",1
"Oʻahu","Koʻolauloa","Kahana","Developed",54
"Oʻahu","Koʻolauloa","Kahana","Dry Forest",2
"Oʻahu","Koʻolauloa","Kahana","Mesic Forest",133
"Oʻahu","Koʻolauloa","Kahana","Mesic Grassland",37
"Oʻahu","Koʻolauloa","Kahana","Mesic Shrubland",89
"Oʻahu","Koʻolauloa","Kahana","Not Vegetated",8
"Oʻahu","Koʻolauloa","Kahana","Wet Forest",446
"Oʻahu","Koʻolauloa","Kahana","Wet Grassland",6
"Oʻahu","Koʻolauloa","Kahana","Wet Shrubland",182
"Oʻahu","Koʻolauloa","Kahana","Wetland",7
"Oʻahu","Koʻolauloa","Kahuku","Agriculture",40
"Oʻahu","Koʻolauloa","Kahuku","Developed",602
"Oʻahu","Koʻolauloa","Kahuku","Dry Forest",234
"Oʻahu","Koʻolauloa","Kahuku","Dry Grassland",291
"Oʻahu","Koʻolauloa","Kahuku","Dry Shrubland",172
"Oʻahu","Koʻolauloa","Kahuku","Mesic Forest",106
"Oʻahu","Koʻolauloa","Kahuku","Mesic Grassland",49
"Oʻahu","Koʻolauloa","Kahuku","Mesic Shrubland",70
"Oʻahu","Koʻolauloa","Kahuku","N/A Forest",8
"Oʻahu","Koʻolauloa","Kahuku","Not Vegetated",24
"Oʻahu","Koʻolauloa","Kahuku","Wet Forest",38
"Oʻahu","Koʻolauloa","Kahuku","Wet Shrubland",16
"Oʻahu","Koʻolauloa","Kahuku","Wetland",33
"Oʻahu","Koʻolauloa","Kaipapaʻu","Agriculture",1
"Oʻahu","Koʻolauloa","Kaipapaʻu","Developed",119
"Oʻahu","Koʻolauloa","Kaipapaʻu","Dry Forest",3
"Oʻahu","Koʻolauloa","Kaipapaʻu","Mesic Forest",23
"Oʻahu","Koʻolauloa","Kaipapaʻu","Mesic Grassland",21
"Oʻahu","Koʻolauloa","Kaipapaʻu","Mesic Shrubland",32
"Oʻahu","Koʻolauloa","Kaipapaʻu","N/A Forest",2
"Oʻahu","Koʻolauloa","Kaipapaʻu","Wet Forest",434
"Oʻahu","Koʻolauloa","Kaipapaʻu","Wet Grassland",9
"Oʻahu","Koʻolauloa","Kaipapaʻu","Wet Shrubland",79
"Oʻahu","Koʻolauloa","Kaluanui","Agriculture",27
"Oʻahu","Koʻolauloa","Kaluanui","Developed",101
"Oʻahu","Koʻolauloa","Kaluanui","Mesic Forest",35
"Oʻahu","Koʻolauloa","Kaluanui","Mesic Grassland",14
"Oʻahu","Koʻolauloa","Kaluanui","Mesic Shrubland",39
"Oʻahu","Koʻolauloa","Kaluanui","Wet Forest",173
"Oʻahu","Koʻolauloa","Kaluanui","Wet Shrubland",74
"Oʻahu","Koʻolauloa","Kapaka","Agriculture",25
"Oʻahu","Koʻolauloa","Kapaka","Developed",105
"Oʻahu","Koʻolauloa","Kapaka","Dry Forest",1
"Oʻahu","Koʻolauloa","Kapaka","Mesic Forest",16
"Oʻahu","Koʻolauloa","Kapaka","Mesic Grassland",6
"Oʻahu","Koʻolauloa","Kapaka","Mesic Shrubland",14
"Oʻahu","Koʻolauloa","Kapaka","Wet Shrubland",9
"Oʻahu","Koʻolauloa","Kapano","Agriculture",3
"Oʻahu","Koʻolauloa","Kapano","Developed",32
"Oʻahu","Koʻolauloa","Kapano","Mesic Forest",1
"Oʻahu","Koʻolauloa","Kapano","Mesic Grassland",5
"Oʻahu","Koʻolauloa","Kapano","Mesic Shrubland",5
"Oʻahu","Koʻolauloa","Kaunala","Developed",89
"Oʻahu","Koʻolauloa","Kaunala","Dry Forest",7
"Oʻahu","Koʻolauloa","Kaunala","Dry Grassland",12
"Oʻahu","Koʻolauloa","Kaunala","Dry Shrubland",11
"Oʻahu","Koʻolauloa","Kaunala","Mesic Forest",158
"Oʻahu","Koʻolauloa","Kaunala","Mesic Grassland",35
"Oʻahu","Koʻolauloa","Kaunala","Mesic Shrubland",46
"Oʻahu","Koʻolauloa","Kaunala","N/A Forest",10
"Oʻahu","Koʻolauloa","Kaunala","Not Vegetated",4
"Oʻahu","Koʻolauloa","Kaunala","Wet Forest",12
"Oʻahu","Koʻolauloa","Kaunala","Wet Shrubland",2
"Oʻahu","Koʻolauloa","Kaunala","Wetland",1
"Oʻahu","Koʻolauloa","Kawela","Agriculture",3
"Oʻahu","Koʻolauloa","Kawela","Developed",78
"Oʻahu","Koʻolauloa","Kawela","Dry Forest",33
"Oʻahu","Koʻolauloa","Kawela","Dry Grassland",20
"Oʻahu","Koʻolauloa","Kawela","Dry Shrubland",50
"Oʻahu","Koʻolauloa","Kawela","Mesic Forest",22
"Oʻahu","Koʻolauloa","Kawela","Mesic Grassland",47
"Oʻahu","Koʻolauloa","Kawela","Mesic Shrubland",44
"Oʻahu","Koʻolauloa","Kawela","N/A Forest",4
"Oʻahu","Koʻolauloa","Kawela","Not Vegetated",4
"Oʻahu","Koʻolauloa","Kaʻaʻawa","Agriculture",12
"Oʻahu","Koʻolauloa","Kaʻaʻawa","Developed",229
"Oʻahu","Koʻolauloa","Kaʻaʻawa","Dry Forest",3
"Oʻahu","Koʻolauloa","Kaʻaʻawa","Mesic Forest",151
"Oʻahu","Koʻolauloa","Kaʻaʻawa","Mesic Grassland",122
"Oʻahu","Koʻolauloa","Kaʻaʻawa","Mesic Shrubland",113
"Oʻahu","Koʻolauloa","Kaʻaʻawa","Not Vegetated",13
"Oʻahu","Koʻolauloa","Kaʻaʻawa","Wet Forest",17
"Oʻahu","Koʻolauloa","Kaʻaʻawa","Wet Shrubland",61
"Oʻahu","Koʻolauloa","Kaʻaʻawa","Wetland",3
"Oʻahu","Koʻolauloa","Keana","Agriculture",7
"Oʻahu","Koʻolauloa","Keana","Developed",234
"Oʻahu","Koʻolauloa","Keana","Dry Forest",45
"Oʻahu","Koʻolauloa","Keana","Dry Grassland",43
"Oʻahu","Koʻolauloa","Keana","Dry Shrubland",37
"Oʻahu","Koʻolauloa","Keana","Mesic Forest",53
"Oʻahu","Koʻolauloa","Keana","Mesic Grassland",38
"Oʻahu","Koʻolauloa","Keana","Mesic Shrubland",79
"Oʻahu","Koʻolauloa","Keana","N/A Forest",3
"Oʻahu","Koʻolauloa","Keana","Not Vegetated",7
"Oʻahu","Koʻolauloa","Keana","Wet Forest",6
"Oʻahu","Koʻolauloa","Keana","Wet Shrubland",9
"Oʻahu","Koʻolauloa","Keana","Wetland",1
"Oʻahu","Koʻolauloa","Lāʻiemaloʻo","Agriculture",11
"Oʻahu","Koʻolauloa","Lāʻiemaloʻo","Developed",275
"Oʻahu","Koʻolauloa","Lāʻiemaloʻo","Dry Forest",15
"Oʻahu","Koʻolauloa","Lāʻiemaloʻo","Dry Grassland",7
"Oʻahu","Koʻolauloa","Lāʻiemaloʻo","Dry Shrubland",6
"Oʻahu","Koʻolauloa","Lāʻiemaloʻo","Mesic Forest",29
"Oʻahu","Koʻolauloa","Lāʻiemaloʻo","Mesic Grassland",31
"Oʻahu","Koʻolauloa","Lāʻiemaloʻo","Mesic Shrubland",113
"Oʻahu","Koʻolauloa","Lāʻiemaloʻo","N/A Forest",3
"Oʻahu","Koʻolauloa","Lāʻiemaloʻo","Not Vegetated",3
"Oʻahu","Koʻolauloa","Lāʻiemaloʻo","Wet Forest",373
"Oʻahu","Koʻolauloa","Lāʻiemaloʻo","Wet Grassland",4
"Oʻahu","Koʻolauloa","Lāʻiemaloʻo","Wet Shrubland",48
"Oʻahu","Koʻolauloa","Lāʻiemaloʻo","Wetland",2
"Oʻahu","Koʻolauloa","Lāʻiewai","Agriculture",21
"Oʻahu","Koʻolauloa","Lāʻiewai","Developed",420
"Oʻahu","Koʻolauloa","Lāʻiewai","Dry Forest",63
"Oʻahu","Koʻolauloa","Lāʻiewai","Dry Grassland",114
"Oʻahu","Koʻolauloa","Lāʻiewai","Dry Shrubland",95
"Oʻahu","Koʻolauloa","Lāʻiewai","Mesic Forest",14
"Oʻahu","Koʻolauloa","Lāʻiewai","Mesic Grassland",44
"Oʻahu","Koʻolauloa","Lāʻiewai","Mesic Shrubland",104
"Oʻahu","Koʻolauloa","Lāʻiewai","N/A Forest",9
"Oʻahu","Koʻolauloa","Lāʻiewai","Not Vegetated",15
"Oʻahu","Koʻolauloa","Lāʻiewai","Wet Forest",201
"Oʻahu","Koʻolauloa","Lāʻiewai","Wet Grassland",1
"Oʻahu","Koʻolauloa","Lāʻiewai","Wet Shrubland",37
"Oʻahu","Koʻolauloa","Lāʻiewai","Wetland",5
"Oʻahu","Koʻolauloa","Makaua 1","Developed",17
"Oʻahu","Koʻolauloa","Makaua 1","Mesic Forest",3
"Oʻahu","Koʻolauloa","Makaua 1","Mesic Grassland",5
"Oʻahu","Koʻolauloa","Makaua 1","Mesic Shrubland",2
"Oʻahu","Koʻolauloa","Makaua 1","Not Vegetated",2
"Oʻahu","Koʻolauloa","Makaua 2","Developed",30
"Oʻahu","Koʻolauloa","Makaua 2","Dry Forest",2
"Oʻahu","Koʻolauloa","Makaua 2","Mesic Forest",3
"Oʻahu","Koʻolauloa","Makaua 2","Mesic Grassland",1
"Oʻahu","Koʻolauloa","Makaua 2","Mesic Shrubland",9
"Oʻahu","Koʻolauloa","Makaua 2","Not Vegetated",5
"Oʻahu","Koʻolauloa","Malaekahana","Agriculture",14
"Oʻahu","Koʻolauloa","Malaekahana","Developed",153
"Oʻahu","Koʻolauloa","Malaekahana","Dry Forest",75
"Oʻahu","Koʻolauloa","Malaekahana","Dry Grassland",108
"Oʻahu","Koʻolauloa","Malaekahana","Dry Shrubland",108
"Oʻahu","Koʻolauloa","Malaekahana","Mesic Forest",60
"Oʻahu","Koʻolauloa","Malaekahana","Mesic Grassland",25
"Oʻahu","Koʻolauloa","Malaekahana","Mesic Shrubland",64
"Oʻahu","Koʻolauloa","Malaekahana","N/A Forest",1
"Oʻahu","Koʻolauloa","Malaekahana","Not Vegetated",9
"Oʻahu","Koʻolauloa","Malaekahana","Wet Forest",288
"Oʻahu","Koʻolauloa","Malaekahana","Wet Grassland",3
"Oʻahu","Koʻolauloa","Malaekahana","Wet Shrubland",19
"Oʻahu","Koʻolauloa","Malaekahana","Wetland",5
"Oʻahu","Koʻolauloa","Mākao","Agriculture",4
"Oʻahu","Koʻolauloa","Mākao","Developed",81
"Oʻahu","Koʻolauloa","Mākao","Mesic Forest",7
"Oʻahu","Koʻolauloa","Mākao","Mesic Grassland",8
"Oʻahu","Koʻolauloa","Mākao","Mesic Shrubland",15
"Oʻahu","Koʻolauloa","Mākao","Wet Shrubland",3
"Oʻahu","Koʻolauloa","Pahipahiʻālua","Agriculture",2
"Oʻahu","Koʻolauloa","Pahipahiʻālua","Developed",38
"Oʻahu","Koʻolauloa","Pahipahiʻālua","Dry Forest",34
"Oʻahu","Koʻolauloa","Pahipahiʻālua","Dry Grassland",8
"Oʻahu","Koʻolauloa","Pahipahiʻālua","Dry Shrubland",19
"Oʻahu","Koʻolauloa","Pahipahiʻālua","Mesic Forest",4
"Oʻahu","Koʻolauloa","Pahipahiʻālua","Mesic Grassland",13
"Oʻahu","Koʻolauloa","Pahipahiʻālua","Mesic Shrubland",22
"Oʻahu","Koʻolauloa","Pahipahiʻālua","N/A Forest",5
"Oʻahu","Koʻolauloa","Pahipahiʻālua","Not Vegetated",2
"Oʻahu","Koʻolauloa","Papaʻakoko","Agriculture",7
"Oʻahu","Koʻolauloa","Papaʻakoko","Developed",40
"Oʻahu","Koʻolauloa","Papaʻakoko","Mesic Forest",7
"Oʻahu","Koʻolauloa","Papaʻakoko","Mesic Grassland",3
"Oʻahu","Koʻolauloa","Papaʻakoko","Mesic Shrubland",3
"Oʻahu","Koʻolauloa","Papaʻakoko","Not Vegetated",4
"Oʻahu","Koʻolauloa","Paumalū","Developed",237
"Oʻahu","Koʻolauloa","Paumalū","Dry Forest",16
"Oʻahu","Koʻolauloa","Paumalū","Dry Grassland",22
"Oʻahu","Koʻolauloa","Paumalū","Dry Shrubland",24
"Oʻahu","Koʻolauloa","Paumalū","Mesic Forest",125
"Oʻahu","Koʻolauloa","Paumalū","Mesic Grassland",53
"Oʻahu","Koʻolauloa","Paumalū","Mesic Shrubland",30
"Oʻahu","Koʻolauloa","Paumalū","N/A Forest",29
"Oʻahu","Koʻolauloa","Paumalū","Not Vegetated",4
"Oʻahu","Koʻolauloa","Paumalū","Wet Forest",12
"Oʻahu","Koʻolauloa","Paumalū","Wet Shrubland",5
"Oʻahu","Koʻolauloa","Puheʻemiki","Agriculture",1
"Oʻahu","Koʻolauloa","Puheʻemiki","Developed",10
"Oʻahu","Koʻolauloa","Puheʻemiki","Mesic Forest",1
"Oʻahu","Koʻolauloa","Puheʻemiki","Mesic Grassland",1
"Oʻahu","Koʻolauloa","Puheʻemiki","Mesic Shrubland",2
"Oʻahu","Koʻolauloa","Punalau","Developed",12
"Oʻahu","Koʻolauloa","Punalau","Dry Forest",8
"Oʻahu","Koʻolauloa","Punalau","Dry Grassland",22
"Oʻahu","Koʻolauloa","Punalau","N/A Forest",1
"Oʻahu","Koʻolauloa","Punalau","Not Vegetated",1
"Oʻahu","Koʻolauloa","Punalau","Wetland",7
"Oʻahu","Koʻolauloa","Punaluʻu","Agriculture",16
"Oʻahu","Koʻolauloa","Punaluʻu","Developed",116
"Oʻahu","Koʻolauloa","Punaluʻu","Mesic Forest",28
"Oʻahu","Koʻolauloa","Punaluʻu","Mesic Grassland",33
"Oʻahu","Koʻolauloa","Punaluʻu","Mesic Shrubland",49
"Oʻahu","Koʻolauloa","Punaluʻu","N/A Forest",6
"Oʻahu","Koʻolauloa","Punaluʻu","Not Vegetated",3
"Oʻahu","Koʻolauloa","Punaluʻu","Wet Forest",409
"Oʻahu","Koʻolauloa","Punaluʻu","Wet Grassland",4
"Oʻahu","Koʻolauloa","Punaluʻu","Wet Shrubland",244
"Oʻahu","Koʻolauloa","Punaluʻu","Wetland",1
"Oʻahu","Koʻolauloa","Pūpūkea","Agriculture",8
"Oʻahu","Koʻolauloa","Pūpūkea","Developed",483
"Oʻahu","Koʻolauloa","Pūpūkea","Dry Forest",57
"Oʻahu","Koʻolauloa","Pūpūkea","Dry Grassland",68
"Oʻahu","Koʻolauloa","Pūpūkea","Dry Shrubland",41
"Oʻahu","Koʻolauloa","Pūpūkea","Mesic Forest",57
"Oʻahu","Koʻolauloa","Pūpūkea","Mesic Grassland",70
"Oʻahu","Koʻolauloa","Pūpūkea","Mesic Shrubland",11
"Oʻahu","Koʻolauloa","Pūpūkea","N/A Forest",10
"Oʻahu","Koʻolauloa","Pūpūkea","Not Vegetated",12
"Oʻahu","Koʻolauloa","Pūpūkea","Wetland",4
"Oʻahu","Koʻolauloa","Ulupehupehu","Agriculture",4
"Oʻahu","Koʻolauloa","Ulupehupehu","Developed",95
"Oʻahu","Koʻolauloa","Ulupehupehu","Dry Forest",22
"Oʻahu","Koʻolauloa","Ulupehupehu","Dry Grassland",45
"Oʻahu","Koʻolauloa","Ulupehupehu","Dry Shrubland",18
"Oʻahu","Koʻolauloa","Ulupehupehu","Not Vegetated",3
"Oʻahu","Koʻolauloa","Ulupehupehu","Wetland",17
"Oʻahu","Koʻolauloa","Waialeʻe","Agriculture",1
"Oʻahu","Koʻolauloa","Waialeʻe","Developed",108
"Oʻahu","Koʻolauloa","Waialeʻe","Dry Forest",61
"Oʻahu","Koʻolauloa","Waialeʻe","Dry Grassland",75
"Oʻahu","Koʻolauloa","Waialeʻe","Dry Shrubland",48
"Oʻahu","Koʻolauloa","Waialeʻe","Mesic Forest",15
"Oʻahu","Koʻolauloa","Waialeʻe","Mesic Grassland",44
"Oʻahu","Koʻolauloa","Waialeʻe","Mesic Shrubland",41
"Oʻahu","Koʻolauloa","Waialeʻe","N/A Forest",3
"Oʻahu","Koʻolauloa","Waialeʻe","Not Vegetated",8
"Oʻahu","Koʻolauloa","Waialeʻe","Wetland",4
"Oʻahu","Koʻolauloa","Waimea","Agriculture",2
"Oʻahu","Koʻolauloa","Waimea","Developed",68
"Oʻahu","Koʻolauloa","Waimea","Dry Forest",25
"Oʻahu","Koʻolauloa","Waimea","Dry Grassland",27
"Oʻahu","Koʻolauloa","Waimea","Dry Shrubland",18
"Oʻahu","Koʻolauloa","Waimea","Mesic Forest",646
"Oʻahu","Koʻolauloa","Waimea","Mesic Grassland",27
"Oʻahu","Koʻolauloa","Waimea","Mesic Shrubland",34
"Oʻahu","Koʻolauloa","Waimea","N/A Forest",20
"Oʻahu","Koʻolauloa","Waimea","Not Vegetated",5
"Oʻahu","Koʻolauloa","Waimea","Wet Forest",1249
"Oʻahu","Koʻolauloa","Waimea","Wet Grassland",1
"Oʻahu","Koʻolauloa","Waimea","Wet Shrubland",77
"Oʻahu","Koʻolauloa","Waimea","Wetland",2
"Oʻahu","Koʻolauloa","Waiʻono","Agriculture",14
"Oʻahu","Koʻolauloa","Waiʻono","Developed",93
"Oʻahu","Koʻolauloa","Waiʻono","Mesic Forest",11
"Oʻahu","Koʻolauloa","Waiʻono","Mesic Grassland",2
"Oʻahu","Koʻolauloa","Waiʻono","Mesic Shrubland",19
"Oʻahu","Koʻolauloa","Waiʻono","N/A Forest",1
"Oʻahu","Koʻolauloa","Waiʻono","Wet Forest",5
"Oʻahu","Koʻolauloa","Waiʻono","Wet Shrubland",10
"Oʻahu","Koʻolauloa","ʻŌiʻo 1","Agriculture",2
"Oʻahu","Koʻolauloa","ʻŌiʻo 1","Developed",102
"Oʻahu","Koʻolauloa","ʻŌiʻo 1","Dry Forest",57
"Oʻahu","Koʻolauloa","ʻŌiʻo 1","Dry Grassland",56
"Oʻahu","Koʻolauloa","ʻŌiʻo 1","Dry Shrubland",59
"Oʻahu","Koʻolauloa","ʻŌiʻo 1","Mesic Forest",108
"Oʻahu","Koʻolauloa","ʻŌiʻo 1","Mesic Grassland",22
"Oʻahu","Koʻolauloa","ʻŌiʻo 1","Mesic Shrubland",28
"Oʻahu","Koʻolauloa","ʻŌiʻo 1","N/A Forest",6
"Oʻahu","Koʻolauloa","ʻŌiʻo 1","Not Vegetated",8
"Oʻahu","Koʻolauloa","ʻŌiʻo 1","Wet Forest",23
"Oʻahu","Koʻolauloa","ʻŌiʻo 1","Wetland",2
"Oʻahu","Koʻolauloa","ʻŌiʻo 2","Agriculture",1
"Oʻahu","Koʻolauloa","ʻŌiʻo 2","Developed",109
"Oʻahu","Koʻolauloa","ʻŌiʻo 2","Dry Forest",34
"Oʻahu","Koʻolauloa","ʻŌiʻo 2","Dry Grassland",15
"Oʻahu","Koʻolauloa","ʻŌiʻo 2","Dry Shrubland",25
"Oʻahu","Koʻolauloa","ʻŌiʻo 2","Mesic Forest",59
"Oʻahu","Koʻolauloa","ʻŌiʻo 2","Mesic Grassland",16
"Oʻahu","Koʻolauloa","ʻŌiʻo 2","Mesic Shrubland",27
"Oʻahu","Koʻolauloa","ʻŌiʻo 2","N/A Forest",4
"Oʻahu","Koʻolauloa","ʻŌiʻo 2","Not Vegetated",3
"Oʻahu","Koʻolauloa","ʻŌiʻo 2","Wet Forest",2
"Oʻahu","Koʻolauloa","ʻŌpana 1","Agriculture",2
"Oʻahu","Koʻolauloa","ʻŌpana 1","Developed",17
"Oʻahu","Koʻolauloa","ʻŌpana 1","Dry Forest",8
"Oʻahu","Koʻolauloa","ʻŌpana 1","Dry Grassland",8
"Oʻahu","Koʻolauloa","ʻŌpana 1","Dry Shrubland",11
"Oʻahu","Koʻolauloa","ʻŌpana 1","Mesic Forest",2
"Oʻahu","Koʻolauloa","ʻŌpana 1","Not Vegetated",1
"Oʻahu","Koʻolauloa","ʻŌpana 2","Agriculture",1
"Oʻahu","Koʻolauloa","ʻŌpana 2","Developed",20
"Oʻahu","Koʻolauloa","ʻŌpana 2","Dry Forest",10
"Oʻahu","Koʻolauloa","ʻŌpana 2","Dry Grassland",9
"Oʻahu","Koʻolauloa","ʻŌpana 2","Dry Shrubland",12
"Oʻahu","Koʻolauloa","ʻŌpana 2","Mesic Forest",1
"Oʻahu","Koʻolaupoko","Hakipuʻu","Agriculture",3
"Oʻahu","Koʻolaupoko","Hakipuʻu","Developed",103
"Oʻahu","Koʻolaupoko","Hakipuʻu","Mesic Forest",78
"Oʻahu","Koʻolaupoko","Hakipuʻu","Mesic Grassland",87
"Oʻahu","Koʻolaupoko","Hakipuʻu","Mesic Shrubland",102
"Oʻahu","Koʻolaupoko","Hakipuʻu","N/A Forest",1
"Oʻahu","Koʻolaupoko","Hakipuʻu","Not Vegetated",5
"Oʻahu","Koʻolaupoko","Hakipuʻu","Wet Forest",4
"Oʻahu","Koʻolaupoko","Hakipuʻu","Wet Shrubland",20
"Oʻahu","Koʻolaupoko","Hakipuʻu","Wetland",2
"Oʻahu","Koʻolaupoko","Heʻeia","Agriculture",1
"Oʻahu","Koʻolaupoko","Heʻeia","Developed",1767
"Oʻahu","Koʻolaupoko","Heʻeia","Dry Forest",12
"Oʻahu","Koʻolaupoko","Heʻeia","Dry Grassland",20
"Oʻahu","Koʻolaupoko","Heʻeia","Dry Shrubland",11
"Oʻahu","Koʻolaupoko","Heʻeia","Mesic Forest",186
"Oʻahu","Koʻolaupoko","Heʻeia","Mesic Grassland",109
"Oʻahu","Koʻolaupoko","Heʻeia","Mesic Shrubland",137
"Oʻahu","Koʻolaupoko","Heʻeia","N/A Forest",3
"Oʻahu","Koʻolaupoko","Heʻeia","Not Vegetated",27
"Oʻahu","Koʻolaupoko","Heʻeia","Wet Forest",41
"Oʻahu","Koʻolaupoko","Heʻeia","Wet Shrubland",77
"Oʻahu","Koʻolaupoko","Heʻeia","Wetland",11
"Oʻahu","Koʻolaupoko","Kahaluʻu","Agriculture",31
"Oʻahu","Koʻolaupoko","Kahaluʻu","Developed",1144
"Oʻahu","Koʻolaupoko","Kahaluʻu","Dry Forest",2
"Oʻahu","Koʻolaupoko","Kahaluʻu","Mesic Forest",154
"Oʻahu","Koʻolaupoko","Kahaluʻu","Mesic Grassland",109
"Oʻahu","Koʻolaupoko","Kahaluʻu","Mesic Shrubland",93
"Oʻahu","Koʻolaupoko","Kahaluʻu","Not Vegetated",4
"Oʻahu","Koʻolaupoko","Kahaluʻu","Wet Forest",29
"Oʻahu","Koʻolaupoko","Kahaluʻu","Wet Grassland",4
"Oʻahu","Koʻolaupoko","Kahaluʻu","Wet Shrubland",64
"Oʻahu","Koʻolaupoko","Kahaluʻu","Wetland",2
"Oʻahu","Koʻolaupoko","Kailua","Agriculture",8
"Oʻahu","Koʻolaupoko","Kailua","Developed",4487
"Oʻahu","Koʻolaupoko","Kailua","Dry Forest",115
"Oʻahu","Koʻolaupoko","Kailua","Dry Grassland",121
"Oʻahu","Koʻolaupoko","Kailua","Dry Shrubland",174
"Oʻahu","Koʻolaupoko","Kailua","Mesic Forest",295
"Oʻahu","Koʻolaupoko","Kailua","Mesic Grassland",215
"Oʻahu","Koʻolaupoko","Kailua","Mesic Shrubland",374
"Oʻahu","Koʻolaupoko","Kailua","N/A Forest",8
"Oʻahu","Koʻolaupoko","Kailua","Not Vegetated",64
"Oʻahu","Koʻolaupoko","Kailua","Wet Forest",96
"Oʻahu","Koʻolaupoko","Kailua","Wet Grassland",9
"Oʻahu","Koʻolaupoko","Kailua","Wet Shrubland",131
"Oʻahu","Koʻolaupoko","Kailua","Wetland",47
"Oʻahu","Koʻolaupoko","Kaʻalaea","Agriculture",19
"Oʻahu","Koʻolaupoko","Kaʻalaea","Developed",349
"Oʻahu","Koʻolaupoko","Kaʻalaea","Dry Forest",2
"Oʻahu","Koʻolaupoko","Kaʻalaea","Mesic Forest",59
"Oʻahu","Koʻolaupoko","Kaʻalaea","Mesic Grassland",99
"Oʻahu","Koʻolaupoko","Kaʻalaea","Mesic Shrubland",39
"Oʻahu","Koʻolaupoko","Kaʻalaea","N/A Forest",1
"Oʻahu","Koʻolaupoko","Kaʻalaea","Not Vegetated",2
"Oʻahu","Koʻolaupoko","Kaʻalaea","Wet Forest",73
"Oʻahu","Koʻolaupoko","Kaʻalaea","Wet Grassland",6
"Oʻahu","Koʻolaupoko","Kaʻalaea","Wet Shrubland",41
"Oʻahu","Koʻolaupoko","Kaʻalaea","Wetland",6
"Oʻahu","Koʻolaupoko","Kualoa 1","Developed",72
"Oʻahu","Koʻolaupoko","Kualoa 1","Mesic Forest",7
"Oʻahu","Koʻolaupoko","Kualoa 1","Mesic Grassland",30
"Oʻahu","Koʻolaupoko","Kualoa 1","Mesic Shrubland",18
"Oʻahu","Koʻolaupoko","Kualoa 1","Not Vegetated",3
"Oʻahu","Koʻolaupoko","Kualoa 1","Wetland",6
"Oʻahu","Koʻolaupoko","Kualoa 2","Developed",78
"Oʻahu","Koʻolaupoko","Kualoa 2","Dry Forest",4
"Oʻahu","Koʻolaupoko","Kualoa 2","Mesic Forest",13
"Oʻahu","Koʻolaupoko","Kualoa 2","Mesic Grassland",27
"Oʻahu","Koʻolaupoko","Kualoa 2","Mesic Shrubland",22
"Oʻahu","Koʻolaupoko","Kualoa 2","Not Vegetated",3
"Oʻahu","Koʻolaupoko","Kualoa 2","Wet Shrubland",1
"Oʻahu","Koʻolaupoko","Kāneʻohe","Agriculture",3
"Oʻahu","Koʻolaupoko","Kāneʻohe","Developed",4986
"Oʻahu","Koʻolaupoko","Kāneʻohe","Dry Forest",86
"Oʻahu","Koʻolaupoko","Kāneʻohe","Dry Grassland",158
"Oʻahu","Koʻolaupoko","Kāneʻohe","Dry Shrubland",109
"Oʻahu","Koʻolaupoko","Kāneʻohe","Mesic Forest",195
"Oʻahu","Koʻolaupoko","Kāneʻohe","Mesic Grassland",165
"Oʻahu","Koʻolaupoko","Kāneʻohe","Mesic Shrubland",268
"Oʻahu","Koʻolaupoko","Kāneʻohe","N/A Forest",4
"Oʻahu","Koʻolaupoko","Kāneʻohe","Not Vegetated",78
"Oʻahu","Koʻolaupoko","Kāneʻohe","Wet Forest",24
"Oʻahu","Koʻolaupoko","Kāneʻohe","Wet Shrubland",81
"Oʻahu","Koʻolaupoko","Kāneʻohe","Wetland",24
"Oʻahu","Koʻolaupoko","Waiheʻe","Agriculture",26
"Oʻahu","Koʻolaupoko","Waiheʻe","Developed",241
"Oʻahu","Koʻolaupoko","Waiheʻe","Mesic Forest",52
"Oʻahu","Koʻolaupoko","Waiheʻe","Mesic Grassland",61
"Oʻahu","Koʻolaupoko","Waiheʻe","Mesic Shrubland",51
"Oʻahu","Koʻolaupoko","Waiheʻe","Not Vegetated",7
"Oʻahu","Koʻolaupoko","Waiheʻe","Wet Forest",74
"Oʻahu","Koʻolaupoko","Waiheʻe","Wet Grassland",4
"Oʻahu","Koʻolaupoko","Waiheʻe","Wet Shrubland",49
"Oʻahu","Koʻolaupoko","Waiheʻe","Wetland",3
"Oʻahu","Koʻolaupoko","Waikane","Agriculture",13
"Oʻahu","Koʻolaupoko","Waikane","Developed",102
"Oʻahu","Koʻolaupoko","Waikane","Mesic Forest",25
"Oʻahu","Koʻolaupoko","Waikane","Mesic Grassland",29
"Oʻahu","Koʻolaupoko","Waikane","Mesic Shrubland",48
"Oʻahu","Koʻolaupoko","Waikane","N/A Forest",2
"Oʻahu","Koʻolaupoko","Waikane","Not Vegetated",1
"Oʻahu","Koʻolaupoko","Waikane","Wet Forest",186
"Oʻahu","Koʻolaupoko","Waikane","Wet Grassland",4
"Oʻahu","Koʻolaupoko","Waikane","Wet Shrubland",78
"Oʻahu","Koʻolaupoko","Waikane","Wetland",2
"Oʻahu","Koʻolaupoko","Waimānalo","Agriculture",159
"Oʻahu","Koʻolaupoko","Waimānalo","Developed",2835
"Oʻahu","Koʻolaupoko","Waimānalo","Dry Forest",226
"Oʻahu","Koʻolaupoko","Waimānalo","Dry Grassland",167
"Oʻahu","Koʻolaupoko","Waimānalo","Dry Shrubland",276
"Oʻahu","Koʻolaupoko","Waimānalo","Mesic Forest",115
"Oʻahu","Koʻolaupoko","Waimānalo","Mesic Grassland",41
"Oʻahu","Koʻolaupoko","Waimānalo","Mesic Shrubland",80
"Oʻahu","Koʻolaupoko","Waimānalo","N/A Forest",23
"Oʻahu","Koʻolaupoko","Waimānalo","Not Vegetated",75
"Oʻahu","Koʻolaupoko","Waimānalo","Wet Forest",28
"Oʻahu","Koʻolaupoko","Waimānalo","Wet Shrubland",29
"Oʻahu","Koʻolaupoko","Waimānalo","Wetland",12
"Oʻahu","Koʻolaupoko","Waiāhole","Agriculture",33
"Oʻahu","Koʻolaupoko","Waiāhole","Developed",177
"Oʻahu","Koʻolaupoko","Waiāhole","Mesic Forest",36
"Oʻahu","Koʻolaupoko","Waiāhole","Mesic Grassland",55
"Oʻahu","Koʻolaupoko","Waiāhole","Mesic Shrubland",68
"Oʻahu","Koʻolaupoko","Waiāhole","N/A Forest",8
"Oʻahu","Koʻolaupoko","Waiāhole","Not Vegetated",2
"Oʻahu","Koʻolaupoko","Waiāhole","Wet Forest",151
"Oʻahu","Koʻolaupoko","Waiāhole","Wet Grassland",2
"Oʻahu","Koʻolaupoko","Waiāhole","Wet Shrubland",154
"Oʻahu","Koʻolaupoko","Waiāhole","Wetland",4
"Oʻahu","Waialua","Aukuʻu","Agriculture",6
"Oʻahu","Waialua","Aukuʻu","Developed",78
"Oʻahu","Waialua","Aukuʻu","Dry Forest",85
"Oʻahu","Waialua","Aukuʻu","Dry Grassland",54
"Oʻahu","Waialua","Aukuʻu","Dry Shrubland",63
"Oʻahu","Waialua","Aukuʻu","Mesic Forest",97
"Oʻahu","Waialua","Aukuʻu","Mesic Grassland",7
"Oʻahu","Waialua","Aukuʻu","Mesic Shrubland",31
"Oʻahu","Waialua","Aukuʻu","N/A Forest",1
"Oʻahu","Waialua","Aukuʻu","Not Vegetated",5
"Oʻahu","Waialua","Aukuʻu","Wet Shrubland",3
"Oʻahu","Waialua","Aukuʻu","Wetland",2
"Oʻahu","Waialua","Kamananui","Agriculture",136
"Oʻahu","Waialua","Kamananui","Developed",1891
"Oʻahu","Waialua","Kamananui","Dry Forest",498
"Oʻahu","Waialua","Kamananui","Dry Grassland",565
"Oʻahu","Waialua","Kamananui","Dry Shrubland",506
"Oʻahu","Waialua","Kamananui","Mesic Forest",397
"Oʻahu","Waialua","Kamananui","Mesic Grassland",359
"Oʻahu","Waialua","Kamananui","Mesic Shrubland",373
"Oʻahu","Waialua","Kamananui","N/A Forest",26
"Oʻahu","Waialua","Kamananui","Not Vegetated",50
"Oʻahu","Waialua","Kamananui","Wet Forest",1832
"Oʻahu","Waialua","Kamananui","Wet Grassland",12
"Oʻahu","Waialua","Kamananui","Wet Shrubland",35
"Oʻahu","Waialua","Kamananui","Wetland",18
"Oʻahu","Waialua","Kapaeloa","Agriculture",13
"Oʻahu","Waialua","Kapaeloa","Developed",173
"Oʻahu","Waialua","Kapaeloa","Dry Forest",36
"Oʻahu","Waialua","Kapaeloa","Dry Grassland",28
"Oʻahu","Waialua","Kapaeloa","Dry Shrubland",28
"Oʻahu","Waialua","Kapaeloa","Mesic Forest",86
"Oʻahu","Waialua","Kapaeloa","Mesic Grassland",48
"Oʻahu","Waialua","Kapaeloa","Mesic Shrubland",71
"Oʻahu","Waialua","Kapaeloa","N/A Forest",2
"Oʻahu","Waialua","Kapaeloa","Not Vegetated",4
"Oʻahu","Waialua","Kapaeloa","Wet Forest",24
"Oʻahu","Waialua","Kapaeloa","Wet Shrubland",4
"Oʻahu","Waialua","Kawaihāpai","Agriculture",10
"Oʻahu","Waialua","Kawaihāpai","Developed",125
"Oʻahu","Waialua","Kawaihāpai","Dry Forest",115
"Oʻahu","Waialua","Kawaihāpai","Dry Grassland",101
"Oʻahu","Waialua","Kawaihāpai","Dry Shrubland",84
"Oʻahu","Waialua","Kawaihāpai","Mesic Forest",105
"Oʻahu","Waialua","Kawaihāpai","Mesic Grassland",32
"Oʻahu","Waialua","Kawaihāpai","Mesic Shrubland",50
"Oʻahu","Waialua","Kawaihāpai","N/A Forest",3
"Oʻahu","Waialua","Kawaihāpai","Not Vegetated",6
"Oʻahu","Waialua","Kawailoa","Agriculture",44
"Oʻahu","Waialua","Kawailoa","Developed",544
"Oʻahu","Waialua","Kawailoa","Dry Forest",206
"Oʻahu","Waialua","Kawailoa","Dry Grassland",204
"Oʻahu","Waialua","Kawailoa","Dry Shrubland",138
"Oʻahu","Waialua","Kawailoa","Mesic Forest",506
"Oʻahu","Waialua","Kawailoa","Mesic Grassland",137
"Oʻahu","Waialua","Kawailoa","Mesic Shrubland",200
"Oʻahu","Waialua","Kawailoa","N/A Forest",4
"Oʻahu","Waialua","Kawailoa","Not Vegetated",8
"Oʻahu","Waialua","Kawailoa","Wet Forest",3074
"Oʻahu","Waialua","Kawailoa","Wet Shrubland",70
"Oʻahu","Waialua","Kawailoa","Wetland",17
"Oʻahu","Waialua","Kaʻena","Developed",208
"Oʻahu","Waialua","Kaʻena","Dry Forest",352
"Oʻahu","Waialua","Kaʻena","Dry Grassland",279
"Oʻahu","Waialua","Kaʻena","Dry Shrubland",281
"Oʻahu","Waialua","Kaʻena","Mesic Forest",21
"Oʻahu","Waialua","Kaʻena","Mesic Grassland",15
"Oʻahu","Waialua","Kaʻena","Mesic Shrubland",41
"Oʻahu","Waialua","Kaʻena","N/A Forest",4
"Oʻahu","Waialua","Kaʻena","Not Vegetated",17
"Oʻahu","Waialua","Kaʻena","Wetland",1
"Oʻahu","Waialua","Keālia","Developed",81
"Oʻahu","Waialua","Keālia","Dry Forest",60
"Oʻahu","Waialua","Keālia","Dry Grassland",48
"Oʻahu","Waialua","Keālia","Dry Shrubland",45
"Oʻahu","Waialua","Keālia","Mesic Forest",16
"Oʻahu","Waialua","Keālia","Mesic Grassland",5
"Oʻahu","Waialua","Keālia","Mesic Shrubland",20
"Oʻahu","Waialua","Keālia","N/A Forest",1
"Oʻahu","Waialua","Keālia","Not Vegetated",5
"Oʻahu","Waialua","Keālia","Wet Shrubland",4
"Oʻahu","Waialua","Kikahi","Agriculture",4
"Oʻahu","Waialua","Kikahi","Developed",44
"Oʻahu","Waialua","Kikahi","Dry Forest",69
"Oʻahu","Waialua","Kikahi","Dry Grassland",54
"Oʻahu","Waialua","Kikahi","Dry Shrubland",48
"Oʻahu","Waialua","Kikahi","Mesic Forest",80
"Oʻahu","Waialua","Kikahi","Mesic Grassland",10
"Oʻahu","Waialua","Kikahi","Mesic Shrubland",30
"Oʻahu","Waialua","Kikahi","N/A Forest",2
"Oʻahu","Waialua","Kikahi","Not Vegetated",3
"Oʻahu","Waialua","Kikahi","Wet Shrubland",3
"Oʻahu","Waialua","Kikahi","Wetland",1
"Oʻahu","Waialua","Kuikuiloloa","Agriculture",13
"Oʻahu","Waialua","Kuikuiloloa","Developed",267
"Oʻahu","Waialua","Kuikuiloloa","Dry Forest",123
"Oʻahu","Waialua","Kuikuiloloa","Dry Grassland",138
"Oʻahu","Waialua","Kuikuiloloa","Dry Shrubland",88
"Oʻahu","Waialua","Kuikuiloloa","Mesic Forest",252
"Oʻahu","Waialua","Kuikuiloloa","Mesic Grassland",82
"Oʻahu","Waialua","Kuikuiloloa","Mesic Shrubland",105
"Oʻahu","Waialua","Kuikuiloloa","N/A Forest",4
"Oʻahu","Waialua","Kuikuiloloa","Not Vegetated",11
"Oʻahu","Waialua","Kuikuiloloa","Wet Forest",168
"Oʻahu","Waialua","Kuikuiloloa","Wet Shrubland",11
"Oʻahu","Waialua","Kuikuiloloa","Wetland",3
"Oʻahu","Waialua","Lauhulu","Agriculture",20
"Oʻahu","Waialua","Lauhulu","Developed",332
"Oʻahu","Waialua","Lauhulu","Dry Forest",164
"Oʻahu","Waialua","Lauhulu","Dry Grassland",151
"Oʻahu","Waialua","Lauhulu","Dry Shrubland",96
"Oʻahu","Waialua","Lauhulu","Mesic Forest",253
"Oʻahu","Waialua","Lauhulu","Mesic Grassland",45
"Oʻahu","Waialua","Lauhulu","Mesic Shrubland",74
"Oʻahu","Waialua","Lauhulu","N/A Forest",5
"Oʻahu","Waialua","Lauhulu","Not Vegetated",1
"Oʻahu","Waialua","Lauhulu","Wet Forest",310
"Oʻahu","Waialua","Lauhulu","Wet Shrubland",2
"Oʻahu","Waialua","Lauhulu","Wetland",10
"Oʻahu","Waialua","Mokulēʻia 1","Agriculture",12
"Oʻahu","Waialua","Mokulēʻia 1","Developed",249
"Oʻahu","Waialua","Mokulēʻia 1","Dry Forest",84
"Oʻahu","Waialua","Mokulēʻia 1","Dry Grassland",109
"Oʻahu","Waialua","Mokulēʻia 1","Dry Shrubland",63
"Oʻahu","Waialua","Mokulēʻia 1","Mesic Forest",185
"Oʻahu","Waialua","Mokulēʻia 1","Mesic Grassland",23
"Oʻahu","Waialua","Mokulēʻia 1","Mesic Shrubland",154
"Oʻahu","Waialua","Mokulēʻia 1","N/A Forest",5
"Oʻahu","Waialua","Mokulēʻia 1","Not Vegetated",22
"Oʻahu","Waialua","Mokulēʻia 1","Wet Forest",3
"Oʻahu","Waialua","Mokulēʻia 1","Wet Grassland",2
"Oʻahu","Waialua","Mokulēʻia 1","Wet Shrubland",2
"Oʻahu","Waialua","Mokulēʻia 1","Wetland",2
"Oʻahu","Waialua","Mokulēʻia 2","Agriculture",7
"Oʻahu","Waialua","Mokulēʻia 2","Developed",132
"Oʻahu","Waialua","Mokulēʻia 2","Dry Forest",81
"Oʻahu","Waialua","Mokulēʻia 2","Dry Grassland",106
"Oʻahu","Waialua","Mokulēʻia 2","Dry Shrubland",49
"Oʻahu","Waialua","Mokulēʻia 2","Mesic Forest",225
"Oʻahu","Waialua","Mokulēʻia 2","Mesic Grassland",33
"Oʻahu","Waialua","Mokulēʻia 2","Mesic Shrubland",142
"Oʻahu","Waialua","Mokulēʻia 2","N/A Forest",5
"Oʻahu","Waialua","Mokulēʻia 2","Not Vegetated",7
"Oʻahu","Waialua","Mokulēʻia 2","Wet Shrubland",1
"Oʻahu","Waialua","Paʻalaʻa","Agriculture",79
"Oʻahu","Waialua","Paʻalaʻa","Developed",912
"Oʻahu","Waialua","Paʻalaʻa","Dry Forest",114
"Oʻahu","Waialua","Paʻalaʻa","Dry Grassland",184
"Oʻahu","Waialua","Paʻalaʻa","Dry Shrubland",125
"Oʻahu","Waialua","Paʻalaʻa","Mesic Forest",311
"Oʻahu","Waialua","Paʻalaʻa","Mesic Grassland",322
"Oʻahu","Waialua","Paʻalaʻa","Mesic Shrubland",273
"Oʻahu","Waialua","Paʻalaʻa","N/A Forest",22
"Oʻahu","Waialua","Paʻalaʻa","Not Vegetated",13
"Oʻahu","Waialua","Paʻalaʻa","Wet Forest",1651
"Oʻahu","Waialua","Paʻalaʻa","Wet Shrubland",29
"Oʻahu","Waialua","Paʻalaʻa","Wetland",7
"Oʻahu","Waialua","Punanue","Agriculture",14
"Oʻahu","Waialua","Punanue","Developed",207
"Oʻahu","Waialua","Punanue","Dry Forest",51
"Oʻahu","Waialua","Punanue","Dry Grassland",41
"Oʻahu","Waialua","Punanue","Dry Shrubland",46
"Oʻahu","Waialua","Punanue","Mesic Forest",220
"Oʻahu","Waialua","Punanue","Mesic Grassland",37
"Oʻahu","Waialua","Punanue","Mesic Shrubland",46
"Oʻahu","Waialua","Punanue","N/A Forest",6
"Oʻahu","Waialua","Punanue","Not Vegetated",4
"Oʻahu","Waialua","Punanue","Wet Forest",33
"Oʻahu","Waialua","Punanue","Wet Shrubland",9
"Oʻahu","Waialua","Punanue","Wetland",3
"Oʻahu","Waiʻanae","Kahanahāiki","Developed",57
"Oʻahu","Waiʻanae","Kahanahāiki","Dry Forest",129
"Oʻahu","Waiʻanae","Kahanahāiki","Dry Grassland",96
"Oʻahu","Waiʻanae","Kahanahāiki","Dry Shrubland",63
"Oʻahu","Waiʻanae","Kahanahāiki","Mesic Forest",61
"Oʻahu","Waiʻanae","Kahanahāiki","Mesic Grassland",45
"Oʻahu","Waiʻanae","Kahanahāiki","Mesic Shrubland",56
"Oʻahu","Waiʻanae","Kahanahāiki","N/A Forest",1
"Oʻahu","Waiʻanae","Kahanahāiki","Not Vegetated",15
"Oʻahu","Waiʻanae","Kahanahāiki","Wetland",1
"Oʻahu","Waiʻanae","Keawaʻula","Developed",117
"Oʻahu","Waiʻanae","Keawaʻula","Dry Forest",161
"Oʻahu","Waiʻanae","Keawaʻula","Dry Grassland",135
"Oʻahu","Waiʻanae","Keawaʻula","Dry Shrubland",109
"Oʻahu","Waiʻanae","Keawaʻula","Mesic Forest",8
"Oʻahu","Waiʻanae","Keawaʻula","Mesic Grassland",10
"Oʻahu","Waiʻanae","Keawaʻula","Mesic Shrubland",3
"Oʻahu","Waiʻanae","Keawaʻula","Not Vegetated",32
"Oʻahu","Waiʻanae","Keaʻau","Developed",45
"Oʻahu","Waiʻanae","Keaʻau","Dry Forest",209
"Oʻahu","Waiʻanae","Keaʻau","Dry Grassland",112
"Oʻahu","Waiʻanae","Keaʻau","Dry Shrubland",127
"Oʻahu","Waiʻanae","Keaʻau","Mesic Forest",71
"Oʻahu","Waiʻanae","Keaʻau","Mesic Grassland",45
"Oʻahu","Waiʻanae","Keaʻau","Mesic Shrubland",88
"Oʻahu","Waiʻanae","Keaʻau","N/A Forest",7
"Oʻahu","Waiʻanae","Keaʻau","Not Vegetated",8
"Oʻahu","Waiʻanae","Mākaha","Developed",795
"Oʻahu","Waiʻanae","Mākaha","Dry Forest",318
"Oʻahu","Waiʻanae","Mākaha","Dry Grassland",333
"Oʻahu","Waiʻanae","Mākaha","Dry Shrubland",226
"Oʻahu","Waiʻanae","Mākaha","Mesic Forest",240
"Oʻahu","Waiʻanae","Mākaha","Mesic Grassland",121
"Oʻahu","Waiʻanae","Mākaha","Mesic Shrubland",261
"Oʻahu","Waiʻanae","Mākaha","Not Vegetated",23
"Oʻahu","Waiʻanae","Mākaha","Wet Forest",30
"Oʻahu","Waiʻanae","Mākaha","Wet Grassland",13
"Oʻahu","Waiʻanae","Mākaha","Wet Shrubland",17
"Oʻahu","Waiʻanae","Mākaha","Wetland",5
"Oʻahu","Waiʻanae","Mākua","Developed",94
"Oʻahu","Waiʻanae","Mākua","Dry Forest",60
"Oʻahu","Waiʻanae","Mākua","Dry Grassland",171
"Oʻahu","Waiʻanae","Mākua","Dry Shrubland",92
"Oʻahu","Waiʻanae","Mākua","Mesic Forest",216
"Oʻahu","Waiʻanae","Mākua","Mesic Grassland",109
"Oʻahu","Waiʻanae","Mākua","Mesic Shrubland",201
"Oʻahu","Waiʻanae","Mākua","Not Vegetated",24
"Oʻahu","Waiʻanae","Mākua","Wet Shrubland",5
"Oʻahu","Waiʻanae","Mākua","Wetland",1
"Oʻahu","Waiʻanae","Nānākuli","Developed",644
"Oʻahu","Waiʻanae","Nānākuli","Dry Forest",219
"Oʻahu","Waiʻanae","Nānākuli","Dry Grassland",143
"Oʻahu","Waiʻanae","Nānākuli","Dry Shrubland",196
"Oʻahu","Waiʻanae","Nānākuli","Mesic Forest",94
"Oʻahu","Waiʻanae","Nānākuli","Mesic Grassland",59
"Oʻahu","Waiʻanae","Nānākuli","Mesic Shrubland",87
"Oʻahu","Waiʻanae","Nānākuli","N/A Forest",12
"Oʻahu","Waiʻanae","Nānākuli","Not Vegetated",2
"Oʻahu","Waiʻanae","Nānākuli","Wet Forest",7
"Oʻahu","Waiʻanae","Waiʻanae","Agriculture",178
"Oʻahu","Waiʻanae","Waiʻanae","Developed",8462
"Oʻahu","Waiʻanae","Waiʻanae","Dry Forest",990
"Oʻahu","Waiʻanae","Waiʻanae","Dry Grassland",1144
"Oʻahu","Waiʻanae","Waiʻanae","Dry Shrubland",1059
"Oʻahu","Waiʻanae","Waiʻanae","Mesic Forest",1221
"Oʻahu","Waiʻanae","Waiʻanae","Mesic Grassland",1045
"Oʻahu","Waiʻanae","Waiʻanae","Mesic Shrubland",1095
"Oʻahu","Waiʻanae","Waiʻanae","N/A Forest",55
"Oʻahu","Waiʻanae","Waiʻanae","Not Vegetated",142
"Oʻahu","Waiʻanae","Waiʻanae","Wet Forest",1383
"Oʻahu","Waiʻanae","Waiʻanae","Wet Grassland",50
"Oʻahu","Waiʻanae","Waiʻanae","Wet Shrubland",145
"Oʻahu","Waiʻanae","Waiʻanae","Wetland",30
"Oʻahu","Waiʻanae","ʻŌhikilolo","Developed",16
"Oʻahu","Waiʻanae","ʻŌhikilolo","Dry Forest",63
"Oʻahu","Waiʻanae","ʻŌhikilolo","Dry Grassland",64
"Oʻahu","Waiʻanae","ʻŌhikilolo","Dry Shrubland",55
"Oʻahu","Waiʻanae","ʻŌhikilolo","Mesic Forest",10
"Oʻahu","Waiʻanae","ʻŌhikilolo","Mesic Grassland",12
"Oʻahu","Waiʻanae","ʻŌhikilolo","Mesic Shrubland",10
"Oʻahu","Waiʻanae","ʻŌhikilolo","Not Vegetated",13
"Oʻahu","ʻEwa","Honouliuli","Agriculture",93
"Oʻahu","ʻEwa","Honouliuli","Developed",11427
"Oʻahu","ʻEwa","Honouliuli","Dry Forest",1129
"Oʻahu","ʻEwa","Honouliuli","Dry Grassland",2470
"Oʻahu","ʻEwa","Honouliuli","Dry Shrubland",1890
"Oʻahu","ʻEwa","Honouliuli","Mesic Forest",625
"Oʻahu","ʻEwa","Honouliuli","Mesic Grassland",428
"Oʻahu","ʻEwa","Honouliuli","Mesic Shrubland",591
"Oʻahu","ʻEwa","Honouliuli","N/A Forest",50
"Oʻahu","ʻEwa","Honouliuli","Not Vegetated",221
"Oʻahu","ʻEwa","Honouliuli","Wet Forest",14
"Oʻahu","ʻEwa","Honouliuli","Wet Shrubland",21
"Oʻahu","ʻEwa","Honouliuli","Wetland",89
"Oʻahu","ʻEwa","Hālawa","Developed",3775
"Oʻahu","ʻEwa","Hālawa","Dry Forest",85
"Oʻahu","ʻEwa","Hālawa","Dry Grassland",49
"Oʻahu","ʻEwa","Hālawa","Dry Shrubland",47
"Oʻahu","ʻEwa","Hālawa","Mesic Forest",98
"Oʻahu","ʻEwa","Hālawa","Mesic Grassland",42
"Oʻahu","ʻEwa","Hālawa","Mesic Shrubland",131
"Oʻahu","ʻEwa","Hālawa","N/A Forest",13
"Oʻahu","ʻEwa","Hālawa","Not Vegetated",15
"Oʻahu","ʻEwa","Hālawa","Wet Forest",706
"Oʻahu","ʻEwa","Hālawa","Wet Grassland",15
"Oʻahu","ʻEwa","Hālawa","Wet Shrubland",84
"Oʻahu","ʻEwa","Hālawa","Wetland",9
"Oʻahu","ʻEwa","Hōʻaeʻae","Agriculture",8
"Oʻahu","ʻEwa","Hōʻaeʻae","Developed",1099
"Oʻahu","ʻEwa","Hōʻaeʻae","Dry Forest",35
"Oʻahu","ʻEwa","Hōʻaeʻae","Dry Grassland",159
"Oʻahu","ʻEwa","Hōʻaeʻae","Dry Shrubland",116
"Oʻahu","ʻEwa","Hōʻaeʻae","Wetland",3
"Oʻahu","ʻEwa","Kalauao","Agriculture",2
"Oʻahu","ʻEwa","Kalauao","Developed",796
"Oʻahu","ʻEwa","Kalauao","Dry Forest",23
"Oʻahu","ʻEwa","Kalauao","Dry Grassland",23
"Oʻahu","ʻEwa","Kalauao","Dry Shrubland",18
"Oʻahu","ʻEwa","Kalauao","Mesic Forest",127
"Oʻahu","ʻEwa","Kalauao","Mesic Grassland",3
"Oʻahu","ʻEwa","Kalauao","Mesic Shrubland",23
"Oʻahu","ʻEwa","Kalauao","N/A Forest",5
"Oʻahu","ʻEwa","Kalauao","Not Vegetated",1
"Oʻahu","ʻEwa","Kalauao","Wet Forest",367
"Oʻahu","ʻEwa","Kalauao","Wet Grassland",6
"Oʻahu","ʻEwa","Kalauao","Wet Shrubland",28
"Oʻahu","ʻEwa","Mānana","Agriculture",1
"Oʻahu","ʻEwa","Mānana","Developed",1072
"Oʻahu","ʻEwa","Mānana","Dry Forest",29
"Oʻahu","ʻEwa","Mānana","Dry Grassland",39
"Oʻahu","ʻEwa","Mānana","Dry Shrubland",29
"Oʻahu","ʻEwa","Mānana","Mesic Forest",17
"Oʻahu","ʻEwa","Mānana","Mesic Grassland",13
"Oʻahu","ʻEwa","Mānana","Mesic Shrubland",9
"Oʻahu","ʻEwa","Mānana","N/A Forest",1
"Oʻahu","ʻEwa","Mānana","Wet Forest",280
"Oʻahu","ʻEwa","Mānana","Wet Grassland",2
"Oʻahu","ʻEwa","Mānana","Wet Shrubland",15
"Oʻahu","ʻEwa","Mānana","Wetland",2
"Oʻahu","ʻEwa","N/A","Developed",289
"Oʻahu","ʻEwa","N/A","Dry Forest",11
"Oʻahu","ʻEwa","N/A","Dry Grassland",5
"Oʻahu","ʻEwa","Waiau","Developed",538
"Oʻahu","ʻEwa","Waiau","Dry Forest",13
"Oʻahu","ʻEwa","Waiau","Dry Grassland",9
"Oʻahu","ʻEwa","Waiau","Dry Shrubland",14
"Oʻahu","ʻEwa","Waiau","Mesic Forest",217
"Oʻahu","ʻEwa","Waiau","Mesic Grassland",13
"Oʻahu","ʻEwa","Waiau","Mesic Shrubland",11
"Oʻahu","ʻEwa","Waiau","N/A Forest",7
"Oʻahu","ʻEwa","Waiau","Not Vegetated",1
"Oʻahu","ʻEwa","Waiau","Wet Forest",348
"Oʻahu","ʻEwa","Waiau","Wet Grassland",1
"Oʻahu","ʻEwa","Waiau","Wet Shrubland",41
"Oʻahu","ʻEwa","Waiau","Wetland",1
"Oʻahu","ʻEwa","Waiawa","Agriculture",26
"Oʻahu","ʻEwa","Waiawa","Developed",1404
"Oʻahu","ʻEwa","Waiawa","Dry Forest",244
"Oʻahu","ʻEwa","Waiawa","Dry Grassland",259
"Oʻahu","ʻEwa","Waiawa","Dry Shrubland",248
"Oʻahu","ʻEwa","Waiawa","Mesic Forest",204
"Oʻahu","ʻEwa","Waiawa","Mesic Grassland",89
"Oʻahu","ʻEwa","Waiawa","Mesic Shrubland",73
"Oʻahu","ʻEwa","Waiawa","N/A Forest",5
"Oʻahu","ʻEwa","Waiawa","Wet Forest",1396
"Oʻahu","ʻEwa","Waiawa","Wet Grassland",1
"Oʻahu","ʻEwa","Waiawa","Wet Shrubland",150
"Oʻahu","ʻEwa","Waiawa","Wetland",10
"Oʻahu","ʻEwa","Waikele","Agriculture",43
"Oʻahu","ʻEwa","Waikele","Developed",1885
"Oʻahu","ʻEwa","Waikele","Dry Forest",189
"Oʻahu","ʻEwa","Waikele","Dry Grassland",328
"Oʻahu","ʻEwa","Waikele","Dry Shrubland",266
"Oʻahu","ʻEwa","Waikele","Mesic Forest",73
"Oʻahu","ʻEwa","Waikele","Mesic Grassland",83
"Oʻahu","ʻEwa","Waikele","Mesic Shrubland",53
"Oʻahu","ʻEwa","Waikele","N/A Forest",10
"Oʻahu","ʻEwa","Waikele","Not Vegetated",3
"Oʻahu","ʻEwa","Waikele","Wetland",4
"Oʻahu","ʻEwa","Waimalu","Developed",913
"Oʻahu","ʻEwa","Waimalu","Dry Forest",42
"Oʻahu","ʻEwa","Waimalu","Dry Grassland",41
"Oʻahu","ʻEwa","Waimalu","Dry Shrubland",51
"Oʻahu","ʻEwa","Waimalu","Mesic Forest",182
"Oʻahu","ʻEwa","Waimalu","Mesic Grassland",26
"Oʻahu","ʻEwa","Waimalu","Mesic Shrubland",36
"Oʻahu","ʻEwa","Waimalu","N/A Forest",1
"Oʻahu","ʻEwa","Waimalu","Not Vegetated",3
"Oʻahu","ʻEwa","Waimalu","Wet Forest",795
"Oʻahu","ʻEwa","Waimalu","Wet Grassland",11
"Oʻahu","ʻEwa","Waimalu","Wet Shrubland",115
"Oʻahu","ʻEwa","Waimalu","Wetland",7
"Oʻahu","ʻEwa","Waimano","Agriculture",1
"Oʻahu","ʻEwa","Waimano","Developed",789
"Oʻahu","ʻEwa","Waimano","Dry Forest",21
"Oʻahu","ʻEwa","Waimano","Dry Grassland",28
"Oʻahu","ʻEwa","Waimano","Dry Shrubland",13
"Oʻahu","ʻEwa","Waimano","Mesic Forest",36
"Oʻahu","ʻEwa","Waimano","Mesic Grassland",15
"Oʻahu","ʻEwa","Waimano","Mesic Shrubland",13
"Oʻahu","ʻEwa","Waimano","N/A Forest",9
"Oʻahu","ʻEwa","Waimano","Wet Forest",546
"Oʻahu","ʻEwa","Waimano","Wet Grassland",2
"Oʻahu","ʻEwa","Waimano","Wet Shrubland",73
"Oʻahu","ʻEwa","Waimano","Wetland",1
"Oʻahu","ʻEwa","Waipiʻo","Agriculture",38
"Oʻahu","ʻEwa","Waipiʻo","Developed",5501
"Oʻahu","ʻEwa","Waipiʻo","Dry Forest",293
"Oʻahu","ʻEwa","Waipiʻo","Dry Grassland",454
"Oʻahu","ʻEwa","Waipiʻo","Dry Shrubland",359
"Oʻahu","ʻEwa","Waipiʻo","Mesic Forest",108
"Oʻahu","ʻEwa","Waipiʻo","Mesic Grassland",134
"Oʻahu","ʻEwa","Waipiʻo","Mesic Shrubland",101
"Oʻahu","ʻEwa","Waipiʻo","N/A Forest",23
"Oʻahu","ʻEwa","Waipiʻo","Not Vegetated",6
"Oʻahu","ʻEwa","Waipiʻo","Wet Forest",2448
"Oʻahu","ʻEwa","Waipiʻo","Wet Shrubland",149
"Oʻahu","ʻEwa","Waipiʻo","Wetland",4
"Oʻahu","ʻEwa","ʻAiea","Developed",713
"Oʻahu","ʻEwa","ʻAiea","Dry Forest",8
"Oʻahu","ʻEwa","ʻAiea","Dry Grassland",5
"Oʻahu","ʻEwa","ʻAiea","Dry Shrubland",9
"Oʻahu","ʻEwa","ʻAiea","Mesic Forest",24
"Oʻahu","ʻEwa","ʻAiea","Mesic Grassland",12
"Oʻahu","ʻEwa","ʻAiea","Mesic Shrubland",14
"Oʻahu","ʻEwa","ʻAiea","N/A Forest",7
"Oʻahu","ʻEwa","ʻAiea","Wet Forest",14
NA,NA,NA,"Agriculture",3
NA,NA,NA,"Developed",2951
NA,NA,NA,"Dry Forest",56
NA,NA,NA,"Dry Grassland",151
NA,NA,NA,"Dry Shrubland",105
NA,NA,NA,"Mesic Forest",2
NA,NA,NA,"Mesic Grassland",3
NA,NA,NA,"Mesic Shrubland",4
NA,NA,NA,"Not Vegetated",549
NA,NA,NA,"Wetland",35
